idx,id,drug,Drug_MeshID,disease,protein,drug_name,disease_name,protein_name,protein_gene_symbol,nodes,n_nodes,n_edges,n_paths,metapath,metapath_with_edges,question
0,DB00619_MESH_D015464_1,DB:DB00619,MESH:D000068877,MESH:D015464,UniProt:P00519,imatinib,Chronic myeloid leukemia,Tyrosine-protein kinase ABL1,ABL1,"['MESH:D000068877', 'UniProt:P00519', 'MESH:D015464']",3,2,1,['Drug - Protein - Disease'],['Drug - decreases activity of - Protein - causes - Disease'],What gene is most mechanistically related to the indication of Drug imatinib to Disease Chronic myeloid leukemia?
6,DB00788_MESH_D010146_1,DB:DB00788,MESH:D009288,MESH:D010146,UniProt:P35354,naproxen,Pain,Prostaglandin G/H synthase 2,PTGS2,"['MESH:D009288', 'UniProt:P35354', 'MESH:D011453', 'GO:0006954', 'MESH:D010146']",5,4,1,['Drug - Protein - ChemicalSubstance - BiologicalProcess - Disease'],['Drug - decreases activity of - Protein - increases abundance of - ChemicalSubstance - participates in - BiologicalProcess - causes - Disease'],What gene is most mechanistically related to the indication of Drug naproxen to Disease Pain?
14,DB00479_MESH_D016920_1,DB:DB00479,MESH:D000583,MESH:D016920,UniProt:P0A7S3,amikacin,"Meningitis, Bacterial",30S ribosomal protein S12,N/A,"['MESH:D000583', 'UniProt:P0A7S3', 'GO:0006412', 'taxonomy:2', 'MESH:D016920']",5,4,1,['Drug - Protein - BiologicalProcess - OrganismTaxon - Disease'],['Drug - decreases activity of - Protein - participates in - BiologicalProcess - occurs in - OrganismTaxon - causes - Disease'],"What gene is most mechanistically related to the indication of Drug amikacin to Disease Meningitis, Bacterial?"
17,DB06762_MESH_D006973_1,DB:DB06762,MESH:D020110,MESH:D006973,UniProt:Q12791,pinacidil,Hypertension,Calcium-activated potassium channel subunit alpha-1,KCNMA1,"['MESH:D020110', 'UniProt:Q12791', 'GO:0042311', 'GO:0008217', 'MESH:D006973']",5,4,1,['Drug - Protein - BiologicalProcess - Disease'],['Drug - increases activity of - Protein - participates in - BiologicalProcess - prevents - Disease'],What gene is most mechanistically related to the indication of Drug pinacidil to Disease Hypertension?
18,DB01263_MESH_D009181_1,DB:DB01263,MESH:C101425,MESH:D009181,UniProt:P10613,Posaconazole,Fungal Infection,Lanosterol 14-alpha-demethylase,N/A,"['MESH:C101425', 'UniProt:P10613', 'MESH:D004875', 'GO:0009277', 'MESH:D009181']",5,4,1,['Drug - Protein - ChemicalSubstance - CellularComponent - Disease'],['Drug - decreases activity of - Protein - produces - ChemicalSubstance - located in - CellularComponent - correlated with - Disease'],What gene is most mechanistically related to the indication of Drug Posaconazole to Disease Fungal Infection?
19,DB08799_MESH_D012223_1,DB:DB08799,MESH:D000865,MESH:D012223,UniProt:P35367,Antazoline,"Rhinitis, Vasomotor",Histamine H1 receptor,HRH1,"['MESH:D000865', 'UniProt:P35367', 'GO:0034776', 'MESH:D012223']",4,3,1,['Drug - Protein - BiologicalProcess - Disease'],['Drug - decreases activity of - Protein - participates in - BiologicalProcess - causes - Disease'],"What gene is most mechanistically related to the indication of Drug Antazoline to Disease Rhinitis, Vasomotor?"
20,DB01137_MESH_D011704_1,DB:DB01137,MESH:D064704,MESH:D011704,UniProt:P11388,levofloxacin,Pyelonephritis,DNA topoisomerase 2-alpha,TOP2A,"['MESH:D064704', 'UniProt:P11388', 'GO:0006260', 'taxonomy:562', 'MESH:D011704']",5,4,1,['Drug - Protein - BiologicalProcess - OrganismTaxon - Disease'],['Drug - decreases activity of - Protein - participates in - BiologicalProcess - occurs in - OrganismTaxon - causes - Disease'],What gene is most mechanistically related to the indication of Drug levofloxacin to Disease Pyelonephritis?
21,DB00814_MESH_D010146_1,DB:DB00814,MESH:D000077239,MESH:D010146,UniProt:P35354,meloxicam,Pain,Prostaglandin G/H synthase 2,PTGS2,"['MESH:D000077239', 'UniProt:P35354', 'MESH:D011453', 'InterPro:IPR000265', 'MESH:D010146']",5,4,1,['Drug - Protein - ChemicalSubstance - GeneFamily - Disease'],['Drug - decreases activity of - Protein - increases abundance of - ChemicalSubstance - increases activity of - GeneFamily - causes - Disease'],What gene is most mechanistically related to the indication of Drug meloxicam to Disease Pain?
26,DB00342_MESH_D017449_1,DB:DB00342,MESH:D016593,MESH:D017449,UniProt:P35367,Terfenadine,allergic skin disorders,Histamine H1 receptor,HRH1,"['MESH:D016593', 'UniProt:P35367', 'HP:0000969', 'MESH:D017449']",4,3,1,['Drug - Protein - PhenotypicFeature - Disease'],['Drug - decreases activity of - Protein - has phenotype - PhenotypicFeature - manifestation of - Disease'],What gene is most mechanistically related to the indication of Drug Terfenadine to Disease allergic skin disorders?
27,DB01048_MESH_D015658_1,DB:DB01048,MESH:C106538,MESH:D015658,UniProt:P04585,abacavir,Human immunodeficiency virus infection,Gag-Pol polyprotein,N/A,"['MESH:C106538', 'MESH:C066928', 'UniProt:P04585', 'GO:0039693', 'MESH:D015658']",5,4,1,['Drug - ChemicalSubstance - Protein - BiologicalProcess - Disease'],['Drug - increases abundance of - ChemicalSubstance - decreases activity of - Protein - participates in - BiologicalProcess - causes - Disease'],What gene is most mechanistically related to the indication of Drug abacavir to Disease Human immunodeficiency virus infection?
30,DB00748_MESH_D003233_1,DB:DB00748,MESH:C004649,MESH:D003233,UniProt:P35367,carbinoxamine,Allergic conjunctivitis,Histamine H1 receptor,HRH1,"['MESH:C004649', 'UniProt:P35367', 'GO:0034776', 'MESH:D003233']",4,3,1,['Drug - Protein - BiologicalProcess - Disease'],['Drug - decreases activity of - Protein - positively regulates - BiologicalProcess - causes - Disease'],What gene is most mechanistically related to the indication of Drug carbinoxamine to Disease Allergic conjunctivitis?
31,DB00066_MESH_D016649_1,DB:DB00066,MESH:D005640,MESH:D016649,UniProt:P23945,Follicle Stimulating Hormone,primary ovarian failure,Human follicle stimulating hormone receptor,FSHR,"['MESH:D005640', 'UniProt:P23945', 'GO:0030728', 'MESH:D016649']",4,3,1,['Drug - Protein - BiologicalProcess - Disease'],['Drug - increases activity of - Protein - positively regulates - BiologicalProcess - negatively correlated with - Disease'],What gene is most mechanistically related to the indication of Drug Follicle Stimulating Hormone to Disease primary ovarian failure?
32,DB01212_MESH_D006069_1,DB:DB01212,MESH:D002443,MESH:D006069,UniProt:P0A3M6,ceftriaxone,Gonorrhea,Penicillin-binding protein 2B,N/A,"['MESH:D002443', 'UniProt:P0A3M6', 'GO:0009252', 'taxonomy:485', 'MESH:D006069']",5,4,1,['Drug - Protein - BiologicalProcess - OrganismTaxon - Disease'],['Drug - decreases activity of - Protein - positively regulates - BiologicalProcess - occurs in - OrganismTaxon - causes - Disease'],What gene is most mechanistically related to the indication of Drug ceftriaxone to Disease Gonorrhea?
33,DB02703_MESH_D000881_1,DB:DB02703,MESH:D005672,MESH:D000881,UniProt:Q81VT3,fusidic acid,Anthrax,Elongation factor G,N/A,"['MESH:D005672', 'UniProt:Q81VT3', 'GO:0006412', 'taxonomy:1392', 'MESH:D000881']",5,4,1,['Drug - Protein - BiologicalProcess - OrganismTaxon - Disease'],['Drug - decreases activity of - Protein - participates in - BiologicalProcess - occurs in - OrganismTaxon - causes - Disease'],What gene is most mechanistically related to the indication of Drug fusidic acid to Disease Anthrax?
34,DB00682_MESH_D011655_1,DB:DB00682,MESH:D014859,MESH:D011655,UniProt:Q9BQB6,warfarin,Pulmonary embolism,Vitamin K epoxide reductase complex subunit 1,VKORC1,"['MESH:D014859', 'UniProt:Q9BQB6', 'MESH:D014812', 'GO:0007596', 'MESH:D011655']",5,4,1,['Drug - Protein - ChemicalSubstance - BiologicalProcess - Disease'],['Drug - decreases activity of - Protein - produces - ChemicalSubstance - participates in - BiologicalProcess - causes - Disease'],What gene is most mechanistically related to the indication of Drug warfarin to Disease Pulmonary embolism?
35,DB09046_MESH_D008060_1,DB:DB09046,MESH:C415771,MESH:D008060,UniProt:P48357,Metreleptin,lipodystrophy,Leptin receptor,LEPR,"['MESH:C415771', 'UniProt:P48357', 'GO:0060612', 'MESH:D008060']",4,3,1,['Drug - Protein - BiologicalProcess - Disease'],['Drug - increases activity of - Protein - regulates - BiologicalProcess - negatively correlated with - Disease'],What gene is most mechanistically related to the indication of Drug Metreleptin to Disease lipodystrophy?
37,DB00455_MESH_D065631_1,DB:DB00455,MESH:D017336,MESH:D065631,UniProt:P35367,loratadine,Allergic rhinitis,Histamine H1 receptor,HRH1,"['MESH:D017336', 'UniProt:P35367', 'GO:0034776', 'MESH:D065631']",4,3,1,['Drug - Protein - BiologicalProcess - Disease'],['Drug - decreases activity of - Protein - participates in - BiologicalProcess - causes - Disease'],What gene is most mechanistically related to the indication of Drug loratadine to Disease Allergic rhinitis?
38,DB00935_MESH_D015508_1,DB:DB00935,MESH:D010109,MESH:D015508,UniProt:P35348,oxymetazoline,Nasal Congestion,Alpha-1A adrenergic receptor,ADRA1A,"['MESH:D010109', 'UniProt:P35348', 'GO:0042310', 'MESH:D015508']",4,3,1,['Drug - Protein - BiologicalProcess - Disease'],['Drug - increases activity of - Protein - positively regulates - BiologicalProcess - prevents - Disease'],What gene is most mechanistically related to the indication of Drug oxymetazoline to Disease Nasal Congestion?
41,DB00476_MESH_D003865_1,DB:DB00476,MESH:D000068736,MESH:D003865,UniProt:P31645,duloxetine,"Depressive Disorder, Major",Sodium-dependent serotonin transporter,SLC6A4,"['MESH:D000068736', 'UniProt:P31645', 'GO:0051610', 'MESH:D003865']",4,3,1,['Drug - Protein - BiologicalProcess - Disease'],['Drug - decreases activity of - Protein - participates in - BiologicalProcess - causes - Disease'],"What gene is most mechanistically related to the indication of Drug duloxetine to Disease Depressive Disorder, Major?"
42,DB00366_MESH_D065631_1,DB:DB00366,MESH:D004319,MESH:D065631,UniProt:P35367,doxylamine,Allergic rhinitis,Histamine H1 receptor,HRH1,"['MESH:D004319', 'UniProt:P35367', 'GO:0034776', 'MESH:D065631']",4,3,1,['Drug - Protein - BiologicalProcess - Disease'],['Drug - decreases activity of - Protein - participates in - BiologicalProcess - causes - Disease'],What gene is most mechanistically related to the indication of Drug doxylamine to Disease Allergic rhinitis?
44,DB01211_MESH_D015523_1,DB:DB01211,MESH:D017291,MESH:D015523,UniProt:P44350,clarithromycin,Acute maxillary sinusitis,50S Ribosomal protein l-10,N/A,"['MESH:D017291', 'UniProt:P44350', 'GO:0006412', 'taxonomy:727', 'MESH:D015523']",5,4,1,['Drug - Protein - BiologicalProcess - OrganismTaxon - Disease'],['Drug - decreases activity of - Protein - participates in - BiologicalProcess - occurs in - OrganismTaxon - causes - Disease'],What gene is most mechanistically related to the indication of Drug clarithromycin to Disease Acute maxillary sinusitis?
46,DB00350_MESH_D006973_1,DB:DB00350,MESH:D008914,MESH:D006973,UniProt:P48048,Minoxidil,Hypertension,ATP-sensitive inward rectifier potassium channel 1,KCNJ1,"['MESH:D008914', 'UniProt:P48048', 'GO:0060081', 'GO:0070509', 'GO:0006939', 'GO:0045907', 'MESH:D006973']",7,6,1,['Drug - Protein - BiologicalProcess - Disease'],['Drug - increases activity of - Protein - participates in - BiologicalProcess - contributes to - Disease'],What gene is most mechanistically related to the indication of Drug Minoxidil to Disease Hypertension?
47,DB00203_MESH_D007172_1,DB:DB00203,MESH:D000068677,MESH:D007172,UniProt:O76074,Sildenafil,Impotence,"cGMP-specific 3',5'-cyclic phosphodiesterase",PDE5A,"['MESH:D000068677', 'UniProt:O76074', 'MESH:D006152', 'GO:0042311', 'MESH:D007172']",5,4,1,['Drug - Protein - ChemicalSubstance - BiologicalProcess - Disease'],['Drug - decreases activity of - Protein - decreases abundance of - ChemicalSubstance - participates in - BiologicalProcess - negatively correlated with - Disease'],What gene is most mechanistically related to the indication of Drug Sildenafil to Disease Impotence?
48,DB01155_MESH_D018410_1,DB:DB01155,MESH:D000077735,MESH:D018410,UniProt:P72525,gemifloxacin,"Pneumonia, Bacterial",DNA topoisomerase 4 subunit A,N/A,"['MESH:D000077735', 'UniProt:P72525', 'GO:0006260', 'taxonomy:1313', 'MESH:D018410']",5,4,1,['Drug - Protein - BiologicalProcess - OrganismTaxon - Disease'],['Drug - decreases activity of - Protein - participates in - BiologicalProcess - occurs in - OrganismTaxon - causes - Disease'],"What gene is most mechanistically related to the indication of Drug gemifloxacin to Disease Pneumonia, Bacterial?"
52,DB00996_MESH_D012148_1,DB:DB00996,MESH:D000077206,MESH:D012148,UniProt:P54289,Gabapentin,Restless legs,Voltage-dependent calcium channel subunit alpha-2/delta-1,CACNA2D1,"['MESH:D000077206', 'UniProt:P54289', 'GO:0006936', 'HP:0012531', 'MESH:D012148']",5,4,1,['Drug - Protein - BiologicalProcess - PhenotypicFeature - Disease'],['Drug - decreases activity of - Protein - positively regulates - BiologicalProcess - positively correlated with - PhenotypicFeature - positively correlated with - Disease'],What gene is most mechanistically related to the indication of Drug Gabapentin to Disease Restless legs?
53,DB01598_MESH_D010538_1,DB:DB01598,MESH:D015378,MESH:D010538,UniProt:P0AD65,imipenem,Peritonitis,"Peptidoglycan D,D-transpeptidase MrdA",N/A,"['MESH:D015378', 'UniProt:P0AD65', 'GO:0009252', 'taxonomy:562', 'MESH:D010538']",5,4,1,['Drug - Protein - BiologicalProcess - OrganismTaxon - Disease'],['Drug - decreases activity of - Protein - participates in - BiologicalProcess - occurs in - OrganismTaxon - causes - Disease'],What gene is most mechanistically related to the indication of Drug imipenem to Disease Peritonitis?
57,DB00303_MESH_D018410_1,DB:DB00303,MESH:D000077727,MESH:D018410,UniProt:P44469,ertapenem,"Pneumonia, Bacterial","Peptidoglycan D,D-transpeptidase MrdA",N/A,"['MESH:D000077727', 'UniProt:P44469', 'GO:0009252', 'taxonomy:727', 'MESH:D018410']",5,4,1,['Drug - Protein - BiologicalProcess - OrganismTaxon - Disease'],['Drug - decreases activity of - Protein - participates in - BiologicalProcess - occurs in - OrganismTaxon - causes - Disease'],"What gene is most mechanistically related to the indication of Drug ertapenem to Disease Pneumonia, Bacterial?"
59,DB01100_MESH_D005879_1,DB:DB01100,MESH:D010868,MESH:D005879,UniProt:P14416,pimozide,Gilles de la Tourette's syndrome,D(2) dopamine receptor,DRD2,"['MESH:D010868', 'UniProt:P14416', 'GO:0014046', 'HP:0100033', 'MESH:D005879']",5,4,1,['Drug - Protein - BiologicalProcess - PhenotypicFeature - Disease'],['Drug - decreases activity of - Protein - caused by - BiologicalProcess - has phenotype - PhenotypicFeature - manifestation of - Disease'],What gene is most mechanistically related to the indication of Drug pimozide to Disease Gilles de la Tourette's syndrome?
64,DB00344_MESH_D003865_1,DB:DB00344,MESH:D011530,MESH:D003865,UniProt:P23975,protriptyline,"Depressive Disorder, Major",Sodium-dependent noradrenaline transporter,SLC6A2,"['MESH:D011530', 'UniProt:P23975', 'MESH:D009638', 'GO:0023041', 'MESH:D003865']",5,4,1,['Drug - Protein - ChemicalSubstance - BiologicalProcess - Disease'],['Drug - decreases activity of - Protein - decreases abundance of - ChemicalSubstance - participates in - BiologicalProcess - negatively correlated with - Disease'],"What gene is most mechanistically related to the indication of Drug protriptyline to Disease Depressive Disorder, Major?"
65,DB13399_MESH_D006976_1,DB:DB13399,MESH:C006208,MESH:D006976,UniProt:P41595,terguride,Pulmonary hypertension,5-hydroxytryptamine receptor 2B,HTR2B,"['MESH:C006208', 'UniProt:P41595', 'MESH:D006976']",3,2,1,['Drug - Protein - Disease'],['Drug - decreases activity of - Protein - positively correlated with - Disease'],What gene is most mechanistically related to the indication of Drug terguride to Disease Pulmonary hypertension?
66,DB12770_MESH_D005764_1,DB:DB12770,MESH:C076948,MESH:D005764,UniProt:P25021,lafutidine,Gastroesophageal Reflux,Histamine H2 receptor,HRH2,"['MESH:C076948', 'UniProt:P25021', 'GO:0001696', 'MESH:D005764']",4,3,1,['Drug - Protein - BiologicalProcess - Disease'],['Drug - decreases activity of - Protein - positively regulates - BiologicalProcess - positively correlated with - Disease'],What gene is most mechanistically related to the indication of Drug lafutidine to Disease Gastroesophageal Reflux?
67,DB04938_MESH_D004414_1,DB:DB04938,MESH:C119141,MESH:D004414,UniProt:P03372,ospemifene,Dyspareunia,Estrogen receptor,ESR1,"['MESH:C119141', 'UniProt:P03372', 'MESH:D004967', 'MESH:D059268', 'MESH:D004414']",5,4,1,['Drug - Protein - ChemicalSubstance - Disease'],['Drug - increases activity of - Protein - molecularly interacts with - ChemicalSubstance - prevents - Disease'],What gene is most mechanistically related to the indication of Drug ospemifene to Disease Dyspareunia?
71,DB12212_MESH_D013610_1,DB:DB12212,MESH:C077049,MESH:D013610,UniProt:P08588,landiolol,Tachyarrhythmia,Beta-1 adrenergic receptor,ADRB1,"['MESH:C077049', 'UniProt:P08588', 'GO:0045823', 'MESH:D013610']",4,3,1,['Drug - Protein - BiologicalProcess - Disease'],['Drug - decreases activity of - Protein - participates in - BiologicalProcess - causes - Disease'],What gene is most mechanistically related to the indication of Drug landiolol to Disease Tachyarrhythmia?
72,DB01106_MESH_D003233_1,DB:DB01106,MESH:C047340,MESH:D003233,UniProt:P35367,levocabastine,Allergic conjunctivitis,Histamine H1 receptor,HRH1,"['MESH:C047340', 'UniProt:P35367', 'GO:0004969', 'MESH:D003233']",4,3,1,['Drug - Protein - MolecularActivity - Disease'],['Drug - decreases activity of - Protein - positively regulates - MolecularActivity - contributes to - Disease'],What gene is most mechanistically related to the indication of Drug levocabastine to Disease Allergic conjunctivitis?
73,DB01418_MESH_D011655_1,DB:DB01418,MESH:D000074,MESH:D011655,UniProt:Q9BQB6,Acenocoumarol,Pulmonary embolism,Vitamin K epoxide reductase complex subunit 1,VKORC1,"['MESH:D000074', 'UniProt:Q9BQB6', 'MESH:D014812', 'GO:0007596', 'MESH:D011655']",5,4,1,['Drug - Protein - ChemicalSubstance - BiologicalProcess - Disease'],['Drug - decreases activity of - Protein - produces - ChemicalSubstance - participates in - BiologicalProcess - correlated with - Disease'],What gene is most mechanistically related to the indication of Drug Acenocoumarol to Disease Pulmonary embolism?
75,DB13676_MESH_D012559_1,DB:DB13676,MESH:C046384,MESH:D012559,UniProt:P14416,mosapramine,Schizophrenia,D(2) dopamine receptor,DRD2,"['MESH:C046384', 'UniProt:P14416', 'reactome:R-HSA-390651', 'MESH:D012559']",4,3,1,['Drug - Protein - Pathway - Disease'],['Drug - decreases activity of - Protein - participates in - Pathway - affects risk for - Disease'],What gene is most mechanistically related to the indication of Drug mosapramine to Disease Schizophrenia?
76,DB00024_MESH_D013964_1,DB:DB00024,MESH:D057073,MESH:D013964,UniProt:P16473,thyrotropin alfa,Thyroid cancer (Diagnostic),Thyrotropin receptor,TSHR,"['MESH:D057073', 'UniProt:P16473', 'UBERON:0002046', 'MESH:D013964']",4,3,1,['Drug - Protein - GrossAnatomicalStructure - Disease'],['Drug - increases activity of - Protein - expressed in - GrossAnatomicalStructure - location of - Disease'],What gene is most mechanistically related to the indication of Drug thyrotropin alfa to Disease Thyroid cancer (Diagnostic)?
77,DB00524_MESH_D006973_1,DB:DB00524,MESH:D008788,MESH:D006973,UniProt:P55017,Metolazone,Hypertension,Solute carrier family 12 member 3,SLC12A3,"['MESH:D008788', 'UniProt:P55017', 'GO:0055078', 'MESH:D006973']",4,3,1,['Drug - Protein - BiologicalProcess - Disease'],['Drug - decreases activity of - Protein - participates in - BiologicalProcess - negatively correlated with - Disease'],What gene is most mechanistically related to the indication of Drug Metolazone to Disease Hypertension?
79,DB12184_MESH_D003865_1,DB:DB12184,MESH:C039979,MESH:D003865,UniProt:P08908,Gepirone,"Depressive Disorder, Major",5-hydroxytryptamine receptor 1A,HTR1A,"['MESH:C039979', 'UniProt:P08908', 'GO:0050795', 'MESH:D003865']",4,3,1,['Drug - Protein - BiologicalProcess - Disease'],['Drug - increases activity of - Protein - participates in - BiologicalProcess - negatively correlated with - Disease'],"What gene is most mechanistically related to the indication of Drug Gepirone to Disease Depressive Disorder, Major?"
80,DB00193_MESH_D010146_1,DB:DB00193,MESH:D014147,MESH:D010146,UniProt:P35372,Tramadol,Pain,Mu-type opioid receptor,OPRM1,"['MESH:D014147', 'UniProt:P35372', 'GO:0019233', 'MESH:D010146']",4,3,1,['Drug - Protein - BiologicalProcess - Disease'],['Drug - increases activity of - Protein - negatively regulates - BiologicalProcess - causes - Disease'],What gene is most mechanistically related to the indication of Drug Tramadol to Disease Pain?
81,DB00347_MESH_D004832_1,DB:DB00347,MESH:D014293,MESH:D004832,UniProt:O43497,trimethadione,Absence seizure,Voltage-dependent T-type calcium channel subunit alpha-1G,CACNA1G,"['MESH:D014293', 'UniProt:O43497', 'GO:0007268', 'MESH:D004832']",4,3,1,['Drug - Protein - BiologicalProcess - Disease'],['Drug - decreases activity of - Protein - participates in - BiologicalProcess - positively correlated with - Disease'],What gene is most mechanistically related to the indication of Drug trimethadione to Disease Absence seizure?
82,DB11901_MESH_D011471_1,DB:DB11901,MESH:C572045,MESH:D011471,UniProt:P10275,apalutamide,Malignant tumor of prostate,Androgen receptor,AR,"['MESH:C572045', 'UniProt:P10275', 'GO:0006351', 'GO:0008283', 'MESH:D011471']",5,4,1,['Drug - Protein - BiologicalProcess - Disease'],['Drug - decreases activity of - Protein - positively regulates - BiologicalProcess - positively correlated with - Disease'],What gene is most mechanistically related to the indication of Drug apalutamide to Disease Malignant tumor of prostate?
84,DB00357_MESH_D001943_1,DB:DB00357,MESH:D000616,MESH:D001943,UniProt:P11511,aminoglutethimide,Breast Neoplasms,aromatase,CYP19A1,"['MESH:D000616', 'UniProt:P11511', 'MESH:D004967', 'GO:0008283', 'MESH:D001943']",5,4,1,['Drug - Protein - ChemicalSubstance - BiologicalProcess - Disease'],['Drug - decreases activity of - Protein - produces - ChemicalSubstance - positively regulates - BiologicalProcess - positively correlated with - Disease'],What gene is most mechanistically related to the indication of Drug aminoglutethimide to Disease Breast Neoplasms?
85,DB06785_MESH_D010062_1,DB:DB06785,MESH:C061018,MESH:D010062,UniProt:P30968,ganirelix,Ovulation induction,Gonadotropin-releasing hormone receptor,GNRHR,"['MESH:C061018', 'UniProt:P30968', 'UBERON:0000007', 'InterPro:IPR000476', 'MESH:D010062']",5,4,1,['Drug - Protein - GrossAnatomicalStructure - GeneFamily - Disease'],['Drug - decreases activity of - Protein - expressed in - GrossAnatomicalStructure - produces - GeneFamily - causes - Disease'],What gene is most mechanistically related to the indication of Drug ganirelix to Disease Ovulation induction?
87,DB01217_MESH_D001943_1,DB:DB01217,MESH:D000077384,MESH:D001943,UniProt:P11511,anastrozole,Breast Neoplasms,aromatase,CYP19A1,"['MESH:D000077384', 'UniProt:P11511', 'MESH:D004967', 'GO:0030284', 'MESH:D001943']",5,4,1,['Drug - Protein - ChemicalSubstance - MolecularActivity - Disease'],['Drug - decreases activity of - Protein - produces - ChemicalSubstance - positively regulates - MolecularActivity - correlated with - Disease'],What gene is most mechanistically related to the indication of Drug anastrozole to Disease Breast Neoplasms?
88,DB03404_MESH_D017118_1,DB:DB03404,MESH:D006427,MESH:D017118,UniProt:P13196,Hemin,"Porphyria, Acute Intermittent",Aminolevulinic acid synthase,ALAS1,"['MESH:D006427', 'UniProt:P13196', 'reactome:R-HSA-189451', 'MESH:D011162', 'MESH:D017118']",5,4,1,['Drug - Protein - Pathway - ChemicalSubstance - Disease'],['Drug - decreases activity of - Protein - participates in - Pathway - has participant - ChemicalSubstance - manifestation of - Disease'],"What gene is most mechanistically related to the indication of Drug Hemin to Disease Porphyria, Acute Intermittent?"
89,DB09166_MESH_D001008_1,DB:DB09166,MESH:C044610,MESH:D001008,UniProt:P14867,etizolam,Anxiety disorder,Gamma-aminobutyric acid receptor subunit alpha-1,GABRA1,"['MESH:C044610', 'UniProt:P14867', 'GO:0022851', 'MESH:D001008']",4,3,1,['Drug - Protein - MolecularActivity - Disease'],['Drug - increases activity of - Protein - capable of - MolecularActivity - correlated with - Disease'],What gene is most mechanistically related to the indication of Drug etizolam to Disease Anxiety disorder?
90,DB07565_MESH_D014435_1,DB:DB07565,MESH:C026016,MESH:D014435,UniProt:P0A298,Chloramphenicol succinate,Typhoid fever,50S ribosomal subunit,N/A,"['MESH:C026016', 'UniProt:P0A298', 'GO:0006412', 'taxonomy:90370', 'MESH:D014435']",5,4,1,['Drug - Protein - BiologicalProcess - OrganismTaxon - Disease'],['Drug - decreases activity of - Protein - participates in - BiologicalProcess - occurs in - OrganismTaxon - causes - Disease'],What gene is most mechanistically related to the indication of Drug Chloramphenicol succinate to Disease Typhoid fever?
92,DB00016_MESH_D000740_1,DB:DB00016,MESH:C555712,MESH:D000740,UniProt:P19235,epoetin theta,Anemia,erythropoietin receptor,EPOR,"['MESH:C555712', 'UniProt:P19235', 'GO:0030218', 'CL:0000232', 'MESH:D000740']",5,4,1,['Drug - Protein - BiologicalProcess - Cell - Disease'],['Drug - increases activity of - Protein - positively regulates - BiologicalProcess - has output - Cell - negatively correlated with - Disease'],What gene is most mechanistically related to the indication of Drug epoetin theta to Disease Anemia?
93,DB00795_MESH_D003093_1,DB:DB00795,MESH:D012460,MESH:D003093,UniProt:P09917,Sulfasalazine,"Colitis, Ulcerative",Polyunsaturated fatty acid 5-lipoxygenase,ALOX5,"['MESH:D012460', 'UniProt:P09917', 'GO:0019370', 'GO:0006954', 'MESH:D003093']",5,4,1,['Drug - Protein - BiologicalProcess - Disease'],['Drug - decreases activity of - Protein - positively regulates - BiologicalProcess - positively correlated with - Disease'],"What gene is most mechanistically related to the indication of Drug Sulfasalazine to Disease Colitis, Ulcerative?"
94,DB00529_MESH_D017726_1,DB:DB00529,MESH:D017245,MESH:D017726,UniProt:P08546,foscarnet,Cytomegaloviral retinitis,DNA polymerase catalytic subunit (Human cytomegalovirus),N/A,"['MESH:D017245', 'UniProt:P08546', 'GO:0039693', 'taxonomy:10358', 'MESH:D017726']",5,4,1,['Drug - Protein - BiologicalProcess - OrganismTaxon - Disease'],['Drug - decreases activity of - Protein - participates in - BiologicalProcess - occurs in - OrganismTaxon - causes - Disease'],What gene is most mechanistically related to the indication of Drug foscarnet to Disease Cytomegaloviral retinitis?
97,DB01201_MESH_D014397_1,DB:DB01201,MESH:C018421,MESH:D014397,UniProt:P9WGY7,rifapentine,Pulmonary tuberculosis,DNA-directed RNA polymerase subunit beta,N/A,"['MESH:C018421', 'UniProt:P9WGY7', 'GO:0032774', 'taxonomy:1773', 'MESH:D014397']",5,4,1,['Drug - Protein - BiologicalProcess - OrganismTaxon - Disease'],['Drug - decreases activity of - Protein - participates in - BiologicalProcess - occurs in - OrganismTaxon - causes - Disease'],What gene is most mechanistically related to the indication of Drug rifapentine to Disease Pulmonary tuberculosis?
99,DB12131_MESH_D003704_1,DB:DB12131,MESH:C013983,MESH:D003704,UniProt:P54750,vinpocetine,Dementia,"Calcium/calmodulin-dependent 3',5'-cyclic nucleotide phosphodiesterase 1A",PDE1A,"['MESH:C013983', 'UniProt:P54750', 'GO:0043025', 'MESH:D003704']",4,3,1,['Drug - Protein - CellularComponent - Disease'],['Drug - decreases activity of - Protein - part of - CellularComponent - correlated with - Disease'],What gene is most mechanistically related to the indication of Drug vinpocetine to Disease Dementia?
101,DB01437_MESH_D007319_1,DB:DB01437,MESH:D005984,MESH:D007319,UniProt:P14867,glutethimide,Disorders of initiating and maintaining sleep,Gamma-aminobutyric acid receptor subunit alpha-1,GABRA1,"['MESH:D005984', 'UniProt:P14867', 'GO:1904862', 'MESH:D007319']",4,3,1,['Drug - Protein - BiologicalProcess - Disease'],['Drug - increases activity of - Protein - participates in - BiologicalProcess - correlated with - Disease'],What gene is most mechanistically related to the indication of Drug glutethimide to Disease Disorders of initiating and maintaining sleep?
102,DB01213_MESH_D000138_1,DB:DB01213,MESH:D000077604,MESH:D000138,UniProt:P07327,fomepizole,Methanol poisoning,Alcohol dehydrogenase 1A,ADH1A,"['MESH:D000077604', 'UniProt:P07327', 'reactome:R-HSA-71384', 'MESH:C030544', 'MESH:D000138']",5,4,1,['Drug - Protein - Pathway - ChemicalSubstance - Disease'],['Drug - decreases activity of - Protein - participates in - Pathway - has output - ChemicalSubstance - causes - Disease'],What gene is most mechanistically related to the indication of Drug fomepizole to Disease Methanol poisoning?
103,DB04931_MESH_D046351_1,DB:DB04931,MESH:C534526,MESH:D046351,UniProt:Q01726,Afamelanotide,Erythropoietic protoporphyria,Melanocyte-stimulating hormone receptor,MC1R,"['MESH:C534526', 'UniProt:Q01726', 'GO:0042438', 'MESH:C041877', 'GO:0009650', 'MESH:D046351']",6,5,1,['Drug - Protein - BiologicalProcess - Disease'],['Drug - increases activity of - Protein - participates in - BiologicalProcess - negatively correlated with - Disease'],What gene is most mechanistically related to the indication of Drug Afamelanotide to Disease Erythropoietic protoporphyria?
108,DB11945_MESH_D015266_1,DB:DB11945,MESH:C000609138,MESH:D015266,UniProt:Q9NZQ7,Avelumab,Merkel cell carcinoma,Programmed cell death 1 ligand 1,CD274,"['MESH:C000609138', 'UniProt:Q9NZQ7', 'GO:0036037', 'GO:0008283', 'MESH:D015266']",5,4,1,['Drug - Protein - BiologicalProcess - Disease'],['Drug - decreases activity of - Protein - negatively regulates - BiologicalProcess - positively correlated with - Disease'],What gene is most mechanistically related to the indication of Drug Avelumab to Disease Merkel cell carcinoma?
121,DB01324_MESH_D006973_1,DB:DB01324,MESH:D011139,MESH:D006973,UniProt:P55017,polythiazide,Hypertension,Solute carrier family 12 member 3,SLC12A3,"['MESH:D011139', 'UniProt:P55017', 'GO:0070294', 'GO:0003092', 'MESH:D006973']",5,4,1,['Drug - Protein - BiologicalProcess - Disease'],['Drug - negatively regulates - Protein - participates in - BiologicalProcess - affects risk for - Disease'],What gene is most mechanistically related to the indication of Drug polythiazide to Disease Hypertension?
125,DB06691_MESH_D012912_1,DB:DB06691,MESH:D011738,MESH:D012912,UniProt:P35367,mepyramine,Sneezing,Histamine H1 receptor,HRH1,"['MESH:D011738', 'UniProt:P35367', 'MESH:D006632', 'CL:0000540', 'UBERON:0000004', 'UBERON:0001645', 'MESH:D012912']",7,6,1,['Drug - Protein - ChemicalSubstance - Cell - GrossAnatomicalStructure - Disease'],['Drug - negatively regulates - Protein - positively correlated with - ChemicalSubstance - increases activity of - Cell - located in - GrossAnatomicalStructure - contributes to - Disease'],What gene is most mechanistically related to the indication of Drug mepyramine to Disease Sneezing?
127,DB06691_MESH_D004412_1,DB:DB06691,MESH:D011738,MESH:D004412,UniProt:P35367,mepyramine,Dysmenorrhea,Histamine H1 receptor,HRH1,"['MESH:D011738', 'UniProt:P35367', 'CL:0000198', 'GO:0019233', 'MESH:D004412']",5,4,1,['Drug - Protein - Cell - BiologicalProcess - Disease'],['Drug - negatively regulates - Protein - expressed in - Cell - contributes to - BiologicalProcess - occurs in - Disease'],What gene is most mechanistically related to the indication of Drug mepyramine to Disease Dysmenorrhea?
128,DB06691_MESH_D012223_1,DB:DB06691,MESH:D011738,MESH:D012223,UniProt:P35367,mepyramine,"Rhinitis, Vasomotor",Histamine H1 receptor,HRH1,"['MESH:D011738', 'UniProt:P35367', 'MESH:D006632', 'MESH:D013373', 'MESH:D020078', 'MESH:D012223']",6,5,1,['Drug - Protein - ChemicalSubstance - Disease'],['Drug - negatively regulates - Protein - positively correlated with - ChemicalSubstance - participates in - Disease'],"What gene is most mechanistically related to the indication of Drug mepyramine to Disease Rhinitis, Vasomotor?"
129,DB06691_MESH_D014581_1,DB:DB06691,MESH:D011738,MESH:D014581,UniProt:P35367,mepyramine,Urticaria,Histamine H1 receptor,HRH1,"['MESH:D011738', 'UniProt:P35367', 'MESH:D006632', 'GO:0043117', 'HP:0000969', 'MESH:D014581']",6,5,1,['Drug - Protein - ChemicalSubstance - BiologicalProcess - PhenotypicFeature - Disease'],['Drug - negatively regulates - Protein - positively correlated with - ChemicalSubstance - causes - BiologicalProcess - positively correlated with - PhenotypicFeature - occurs in - Disease'],What gene is most mechanistically related to the indication of Drug mepyramine to Disease Urticaria?
131,DB08822_MESH_D006973_1,DB:DB08822,DB:DB08822,MESH:D006973,UniProt:P30556,azilsartan medoxomil,Hypertension,Type-1 angiotensin II receptor,AGTR1,"['DB:DB08822', 'UniProt:P30556', 'MESH:D000804', 'MESH:D014661', 'MESH:D006973']",5,4,1,['Drug - Protein - ChemicalSubstance - Disease'],['Drug - negatively regulates - Protein - positively correlated with - ChemicalSubstance - causes - Disease'],What gene is most mechanistically related to the indication of Drug azilsartan medoxomil to Disease Hypertension?
132,DB08880_MESH_D009103_1,DB:DB08880,MESH:C527525,MESH:D009103,UniProt:Q02127,Teriflunomide,Multiple sclerosis,"Dihydroorotate dehydrogenase (quinone), mitochondrial",DHODH,"['MESH:C527525', 'UniProt:Q02127', 'GO:0006221', 'GO:0050671', 'UBERON:0001017', 'GO:0006954', 'GO:0048681', 'MESH:D009103']",8,7,1,['Drug - Protein - BiologicalProcess - Disease'],['Drug - negatively regulates - Protein - positively regulates - BiologicalProcess - contributes to - Disease'],What gene is most mechanistically related to the indication of Drug Teriflunomide to Disease Multiple sclerosis?
133,DB09310_MESH_C567691_1,DB:DB09310,DB:DB09310,MESH:C567691,UniProt:P00488,Catridecacog,Hereditary factor XIII A subunit deficiency,Coagulation factor XIII A chain,F13A1,"['DB:DB09310', 'GO:0072378', 'UniProt:P00488', 'MESH:C567691']",4,3,1,['Drug - Protein - BiologicalProcess - Disease'],['Drug - chemically similar to - Protein - participates in - BiologicalProcess - negatively correlated with - Disease'],What gene is most mechanistically related to the indication of Drug Catridecacog to Disease Hereditary factor XIII A subunit deficiency?
136,DB00115_MESH_D000752_1,DB:DB00115,DB:DB00115,MESH:D000752,UniProt:Q99707,cyanocobalamin,Pernicious anemia,methionine synthase ,MTR,"['DB:DB00115', 'UniProt:Q99707', 'GO:0046105', 'GO:0090592', 'GO:0051301', 'HP:0020060', 'MESH:D000752']",7,6,1,['Drug - Protein - BiologicalProcess - Disease'],['Drug - positively regulates - Protein - participates in - BiologicalProcess - positively correlated with - Disease'],What gene is most mechanistically related to the indication of Drug cyanocobalamin to Disease Pernicious anemia?
152,DB12498_MESH_D016411_1,DB:DB12498,MESH:C549035,MESH:D016411,UniProt:P51679,mogamulizumab,Peripheral T-cell lymphoma,C-C chemokine receptor type 4,CCR4,"['MESH:C549035', 'UniProt:P51679', 'GO:0038152', 'GO:0042098', 'MESH:D016411']",5,4,1,['Drug - Protein - BiologicalProcess - Disease'],['Drug - negatively regulates - Protein - positively regulates - BiologicalProcess - positively correlated with - Disease'],What gene is most mechanistically related to the indication of Drug mogamulizumab to Disease Peripheral T-cell lymphoma?
155,DB00421_MESH_D006929_1,DB:DB00421,MESH:D013148,MESH:D006929,UniProt:P08235,spironolactone,Aldosteronism,Mineralocorticoid receptor,NR3C2,"['MESH:D013148', 'UniProt:P08235', 'MESH:D000450', 'MESH:D006929']",4,3,1,['Drug - Protein - ChemicalSubstance - Disease'],['Drug - negatively regulates - Protein - positively correlated with - ChemicalSubstance - contributes to - Disease'],What gene is most mechanistically related to the indication of Drug spironolactone to Disease Aldosteronism?
156,DB00421_MESH_D004487_1,DB:DB00421,MESH:D013148,MESH:D004487,UniProt:P08235,spironolactone,Edema,Mineralocorticoid receptor,NR3C2,"['MESH:D013148', 'UniProt:P08235', 'MESH:D000450', 'GO:0070294', 'GO:0003092', 'MESH:D004487']",6,5,1,['Drug - Protein - ChemicalSubstance - BiologicalProcess - Disease'],['Drug - negatively regulates - Protein - positively correlated with - ChemicalSubstance - contributes to - BiologicalProcess - contributes to - Disease'],What gene is most mechanistically related to the indication of Drug spironolactone to Disease Edema?
157,DB00421_MESH_D001201_1,DB:DB00421,MESH:D013148,MESH:D001201,UniProt:P08235,spironolactone,Ascites,Mineralocorticoid receptor,NR3C2,"['MESH:D013148', 'UniProt:P08235', 'MESH:D000450', 'GO:0070294', 'GO:0003092', 'MESH:D001201']",6,5,1,['Drug - Protein - ChemicalSubstance - BiologicalProcess - Disease'],['Drug - negatively regulates - Protein - positively correlated with - ChemicalSubstance - contributes to - BiologicalProcess - contributes to - Disease'],What gene is most mechanistically related to the indication of Drug spironolactone to Disease Ascites?
158,DB00421_MESH_D006973_1,DB:DB00421,MESH:D013148,MESH:D006973,UniProt:P08235,spironolactone,Hypertension,Mineralocorticoid receptor,NR3C2,"['MESH:D013148', 'UniProt:P08235', 'MESH:D000450', 'GO:0070294', 'GO:0003092', 'MESH:D006973']",6,5,1,['Drug - Protein - ChemicalSubstance - BiologicalProcess - Disease'],['Drug - negatively regulates - Protein - positively correlated with - ChemicalSubstance - contributes to - BiologicalProcess - contributes to - Disease'],What gene is most mechanistically related to the indication of Drug spironolactone to Disease Hypertension?
163,DB00760_MESH_D059413_1,DB:DB00760,MESH:C059500,MESH:D059413,UniProt:P24228,meropenem,Intraabdominal Infections,D-alanyl-D-alanine carboxypeptidase DacB (Escherichia coli),N/A,"['MESH:C059500', 'UniProt:P24228', 'GO:0009252', 'GO:0009273', 'GO:0051301', 'taxonomy:562', 'MESH:D059413']",7,6,1,['Drug - Protein - BiologicalProcess - OrganismTaxon - Disease'],['Drug - negatively regulates - Protein - positively regulates - BiologicalProcess - occurs in - OrganismTaxon - positively correlated with - Disease'],What gene is most mechanistically related to the indication of Drug meropenem to Disease Intraabdominal Infections?
164,DB00760_MESH_D016920_1,DB:DB00760,MESH:C059500,MESH:D016920,UniProt:Q8DR59,meropenem,"Meningitis, Bacterial",Penicillin-binding protein 1A,N/A,"['MESH:C059500', 'UniProt:Q8DR59', 'GO:0009252', 'GO:0009273', 'GO:0051301', 'taxonomy:1313', 'MESH:D016920']",7,6,1,['Drug - Protein - BiologicalProcess - OrganismTaxon - Disease'],['Drug - decreases activity of - Protein - positively regulates - BiologicalProcess - occurs in - OrganismTaxon - causes - Disease'],"What gene is most mechanistically related to the indication of Drug meropenem to Disease Meningitis, Bacterial?"
165,DB00760_MESH_D016920_2,DB:DB00760,MESH:C059500,MESH:D016920,UniProt:P0A0Z5,meropenem,"Meningitis, Bacterial",Penicillin-binding protein 1A (Neisseria meningitidis),N/A,"['MESH:C059500', 'UniProt:P0A0Z5', 'GO:0009252', 'GO:0009273', 'GO:0051301', 'taxonomy:487', 'MESH:D016920']",7,6,1,['Drug - Protein - BiologicalProcess - OrganismTaxon - Disease'],['Drug - decreases activity of - Protein - positively regulates - BiologicalProcess - occurs in - OrganismTaxon - causes - Disease'],"What gene is most mechanistically related to the indication of Drug meropenem to Disease Meningitis, Bacterial?"
166,DB00760_MESH_D018784_1,DB:DB00760,MESH:C059500,MESH:D018784,UniProt:P24228,meropenem,Abdominal abscess,D-alanyl-D-alanine carboxypeptidase DacB (Escherichia coli),N/A,"['MESH:C059500', 'UniProt:P24228', 'GO:0009252', 'GO:0009273', 'GO:0051301', 'taxonomy:562', 'MESH:D018784']",7,6,1,['Drug - Protein - BiologicalProcess - OrganismTaxon - Disease'],['Drug - negatively regulates - Protein - positively regulates - BiologicalProcess - occurs in - OrganismTaxon - positively correlated with - Disease'],What gene is most mechanistically related to the indication of Drug meropenem to Disease Abdominal abscess?
167,DB00760_MESH_D008585_1,DB:DB00760,MESH:C059500,MESH:D008585,UniProt:P0A0Z5,meropenem,"Meningitis, Meningococcal",Penicillin-binding protein 1A (Neisseria meningitidis),N/A,"['MESH:C059500', 'UniProt:P0A0Z5', 'GO:0009252', 'GO:0009273', 'GO:0051301', 'taxonomy:487', 'MESH:D008585']",7,6,1,['Drug - Protein - BiologicalProcess - OrganismTaxon - Disease'],['Drug - negatively regulates - Protein - positively regulates - BiologicalProcess - occurs in - OrganismTaxon - positively correlated with - Disease'],"What gene is most mechanistically related to the indication of Drug meropenem to Disease Meningitis, Meningococcal?"
168,DB00760_MESH_D008586_1,DB:DB00760,MESH:C059500,MESH:D008586,UniProt:P59676,meropenem,"Meningitis, Pneumococcal",Penicillin-binding protein 2X (Streptococcus pneumoniae),N/A,"['MESH:C059500', 'UniProt:P59676', 'GO:0009252', 'GO:0009273', 'GO:0051301', 'taxonomy:1313', 'MESH:D008586']",7,6,1,['Drug - Protein - BiologicalProcess - OrganismTaxon - Disease'],['Drug - negatively regulates - Protein - positively regulates - BiologicalProcess - occurs in - OrganismTaxon - positively correlated with - Disease'],"What gene is most mechanistically related to the indication of Drug meropenem to Disease Meningitis, Pneumococcal?"
172,DB06335_MESH_D003924_1,DB:DB06335,MESH:C502994,MESH:D003924,UniProt:P27487,saxagliptin,"Diabetes Mellitus, Type 2",Dipeptidyl peptidase 4,DPP4,"['MESH:C502994', 'UniProt:P27487', 'CHEBI:80270', 'GO:0030073', 'GO:0070091', 'HP:0003074', 'MESH:D003924']",7,7,1,['Drug - Protein - ChemicalSubstance - BiologicalProcess - PhenotypicFeature - Disease'],['Drug - negatively regulates - Protein - negatively regulates - ChemicalSubstance - negatively regulates - BiologicalProcess - positively correlated with - PhenotypicFeature - positively correlated with - Disease'],"What gene is most mechanistically related to the indication of Drug saxagliptin to Disease Diabetes Mellitus, Type 2?"
174,DB00008_MESH_D019698_1,DB:DB00008,MESH:C100416,MESH:D019698,UniProt:P48551,peginterferon alfa-2a,Chronic hepatitis C,Interferon alpha/beta receptor 2,IFNAR2,"['MESH:C100416', 'UniProt:P48551', 'GO:0007259', 'reactome:R-HSA-1169410', 'GO:0140374', 'taxonomy:11103', 'MESH:D019698']",7,6,1,['Drug - Protein - BiologicalProcess - OrganismTaxon - Disease'],['Drug - positively regulates - Protein - participates in - BiologicalProcess - in taxon - OrganismTaxon - causes - Disease'],What gene is most mechanistically related to the indication of Drug peginterferon alfa-2a to Disease Chronic hepatitis C?
175,DB00008_MESH_D019698_2,DB:DB00008,MESH:C100416,MESH:D019698,UniProt:P17181,peginterferon alfa-2a,Chronic hepatitis C,Interferon alpha/beta receptor 1,IFNAR1,"['MESH:C100416', 'UniProt:P17181', 'GO:0007259', 'reactome:R-HSA-1169410', 'GO:0140374', 'taxonomy:11103', 'MESH:D019698']",7,6,1,['Drug - Protein - BiologicalProcess - OrganismTaxon - Disease'],['Drug - positively regulates - Protein - participates in - BiologicalProcess - in taxon - OrganismTaxon - causes - Disease'],What gene is most mechanistically related to the indication of Drug peginterferon alfa-2a to Disease Chronic hepatitis C?
176,DB00216_MESH_D008881_1,DB:DB00216,MESH:C115647,MESH:D008881,UniProt:P28221,eletriptan,Migraine Disorders,5-hydroxytryptamine receptor 1D,HTR1D,"['MESH:C115647', 'UniProt:P28221', 'GO:0004993', 'GO:0042310', 'MESH:D008881']",5,4,1,['Drug - Protein - MolecularActivity - BiologicalProcess - Disease'],['Drug - positively regulates - Protein - positively regulates - MolecularActivity - positively correlated with - BiologicalProcess - negatively correlated with - Disease'],What gene is most mechanistically related to the indication of Drug eletriptan to Disease Migraine Disorders?
177,DB00216_MESH_D008881_2,DB:DB00216,MESH:C115647,MESH:D008881,UniProt:P28222,eletriptan,Migraine Disorders,5-hydroxytryptamine receptor 1B,HTR1B,"['MESH:C115647', 'UniProt:P28222', 'GO:0004993', 'GO:0042310', 'MESH:D008881']",5,4,1,['Drug - Protein - MolecularActivity - BiologicalProcess - Disease'],['Drug - positively regulates - Protein - positively regulates - MolecularActivity - positively correlated with - BiologicalProcess - negatively correlated with - Disease'],What gene is most mechanistically related to the indication of Drug eletriptan to Disease Migraine Disorders?
178,DB00216_MESH_D008881_3,DB:DB00216,MESH:C115647,MESH:D008881,UniProt:P28223,eletriptan,Migraine Disorders,5-hydroxytryptamine receptor 2A,HTR2A,"['MESH:C115647', 'UniProt:P28223', 'GO:0004993', 'GO:0042310', 'MESH:D008881']",5,4,1,['Drug - Protein - MolecularActivity - BiologicalProcess - Disease'],['Drug - positively regulates - Protein - positively regulates - MolecularActivity - positively correlated with - BiologicalProcess - negatively correlated with - Disease'],What gene is most mechanistically related to the indication of Drug eletriptan to Disease Migraine Disorders?
179,DB00216_MESH_D008881_4,DB:DB00216,MESH:C115647,MESH:D008881,UniProt:P08908,eletriptan,Migraine Disorders,5-hydroxytryptamine receptor 1A,HTR1A,"['MESH:C115647', 'UniProt:P08908', 'GO:0004993', 'GO:0042310', 'MESH:D008881']",5,4,1,['Drug - Protein - MolecularActivity - BiologicalProcess - Disease'],['Drug - positively regulates - Protein - positively regulates - MolecularActivity - positively correlated with - BiologicalProcess - negatively correlated with - Disease'],What gene is most mechanistically related to the indication of Drug eletriptan to Disease Migraine Disorders?
180,DB00607_MESH_D013203_1,DB:DB00607,MESH:D009254,MESH:D013203,UniProt:P0A3M6,nafcillin,Staphylococcal Infections,Penicillin-binding protein 2B,N/A,"['MESH:D009254', 'UniProt:P0A3M6', 'GO:0071972', 'GO:0018104', 'GO:0031504', 'taxonomy:1279', 'MESH:D013203']",7,6,1,['Drug - Protein - MolecularActivity - BiologicalProcess - OrganismTaxon - Disease'],['Drug - negatively regulates - Protein - positively regulates - MolecularActivity - participates in - BiologicalProcess - in taxon - OrganismTaxon - causes - Disease'],What gene is most mechanistically related to the indication of Drug nafcillin to Disease Staphylococcal Infections?
181,DB00607_MESH_D013203_2,DB:DB00607,MESH:D009254,MESH:D013203,UniProt:Q8DR59,nafcillin,Staphylococcal Infections,Penicillin-binding protein 1A,N/A,"['MESH:D009254', 'UniProt:Q8DR59', 'GO:0071972', 'GO:0018104', 'GO:0031504', 'taxonomy:1279', 'MESH:D013203']",7,6,1,['Drug - Protein - MolecularActivity - BiologicalProcess - OrganismTaxon - Disease'],['Drug - negatively regulates - Protein - positively regulates - MolecularActivity - participates in - BiologicalProcess - in taxon - OrganismTaxon - causes - Disease'],What gene is most mechanistically related to the indication of Drug nafcillin to Disease Staphylococcal Infections?
182,DB00607_MESH_D011023_1,DB:DB00607,MESH:D009254,MESH:D011023,UniProt:P0A3M6,nafcillin,"Pneumonia, Staphylococcal",Penicillin-binding protein 2B,N/A,"['MESH:D009254', 'UniProt:P0A3M6', 'GO:0071972', 'GO:0018104', 'GO:0031504', 'taxonomy:1279', 'MESH:D011023']",7,6,1,['Drug - Protein - MolecularActivity - BiologicalProcess - OrganismTaxon - Disease'],['Drug - negatively regulates - Protein - positively regulates - MolecularActivity - participates in - BiologicalProcess - in taxon - OrganismTaxon - causes - Disease'],"What gene is most mechanistically related to the indication of Drug nafcillin to Disease Pneumonia, Staphylococcal?"
183,DB00607_MESH_D011023_2,DB:DB00607,MESH:D009254,MESH:D011023,UniProt:Q8DR59,nafcillin,"Pneumonia, Staphylococcal",Penicillin-binding protein 1A,N/A,"['MESH:D009254', 'UniProt:Q8DR59', 'GO:0071972', 'GO:0018104', 'GO:0031504', 'taxonomy:1279', 'MESH:D011023']",7,6,1,['Drug - Protein - MolecularActivity - BiologicalProcess - OrganismTaxon - Disease'],['Drug - negatively regulates - Protein - positively regulates - MolecularActivity - participates in - BiologicalProcess - in taxon - OrganismTaxon - causes - Disease'],"What gene is most mechanistically related to the indication of Drug nafcillin to Disease Pneumonia, Staphylococcal?"
184,DB00871_MESH_D011656_1,DB:DB00871,MESH:D013726,MESH:D011656,UniProt:P07550,terbutaline,Pulmonary emphysema,Beta-2 adrenergic receptor,ADRB2,"['MESH:D013726', 'UniProt:P07550', 'GO:0007190', 'GO:0006171', 'GO:0044557', 'MESH:D011656']",6,5,1,['Drug - Protein - BiologicalProcess - Disease'],['Drug - positively regulates - Protein - participates in - BiologicalProcess - negatively correlated with - Disease'],What gene is most mechanistically related to the indication of Drug terbutaline to Disease Pulmonary emphysema?
185,DB00871_MESH_D011656_2,DB:DB00871,MESH:D013726,MESH:D011656,UniProt:P13945,terbutaline,Pulmonary emphysema,Beta-3 adrenergic receptor,ADRB3,"['MESH:D013726', 'UniProt:P13945', 'GO:0007190', 'GO:0006171', 'GO:0044557', 'MESH:D011656']",6,5,1,['Drug - Protein - BiologicalProcess - Disease'],['Drug - positively regulates - Protein - participates in - BiologicalProcess - negatively correlated with - Disease'],What gene is most mechanistically related to the indication of Drug terbutaline to Disease Pulmonary emphysema?
186,DB00871_MESH_D011537_1,DB:DB00871,MESH:D013726,MESH:D011537,UniProt:P07550,terbutaline,Pruritus,Beta-2 adrenergic receptor,ADRB2,"['MESH:D013726', 'UniProt:P07550', 'GO:0007190', 'GO:0006171', 'GO:0097279', 'MESH:D011537']",6,5,1,['Drug - Protein - BiologicalProcess - Disease'],['Drug - positively regulates - Protein - participates in - BiologicalProcess - causes - Disease'],What gene is most mechanistically related to the indication of Drug terbutaline to Disease Pruritus?
187,DB00871_MESH_D011537_2,DB:DB00871,MESH:D013726,MESH:D011537,UniProt:P13945,terbutaline,Pruritus,Beta-3 adrenergic receptor,ADRB3,"['MESH:D013726', 'UniProt:P13945', 'GO:0007190', 'GO:0006171', 'GO:0097279', 'MESH:D011537']",6,5,1,['Drug - Protein - BiologicalProcess - Disease'],['Drug - positively regulates - Protein - participates in - BiologicalProcess - causes - Disease'],What gene is most mechanistically related to the indication of Drug terbutaline to Disease Pruritus?
188,DB00871_MESH_D001249_1,DB:DB00871,MESH:D013726,MESH:D001249,UniProt:P07550,terbutaline,Asthma,Beta-2 adrenergic receptor,ADRB2,"['MESH:D013726', 'UniProt:P07550', 'GO:0007190', 'GO:0006171', 'GO:0044557', 'MESH:D001249']",6,5,1,['Drug - Protein - BiologicalProcess - Disease'],['Drug - positively regulates - Protein - participates in - BiologicalProcess - negatively correlated with - Disease'],What gene is most mechanistically related to the indication of Drug terbutaline to Disease Asthma?
189,DB00871_MESH_D001249_2,DB:DB00871,MESH:D013726,MESH:D001249,UniProt:P13945,terbutaline,Asthma,Beta-3 adrenergic receptor,ADRB3,"['MESH:D013726', 'UniProt:P13945', 'GO:0007190', 'GO:0006171', 'GO:0044557', 'MESH:D001249']",6,5,1,['Drug - Protein - BiologicalProcess - Disease'],['Drug - positively regulates - Protein - participates in - BiologicalProcess - negatively correlated with - Disease'],What gene is most mechanistically related to the indication of Drug terbutaline to Disease Asthma?
190,DB00871_MESH_D001991_1,DB:DB00871,MESH:D013726,MESH:D001991,UniProt:P07550,terbutaline,Bronchitis,Beta-2 adrenergic receptor,ADRB2,"['MESH:D013726', 'UniProt:P07550', 'GO:0007190', 'GO:0006171', 'GO:0044557', 'MESH:D001991']",6,5,1,['Drug - Protein - BiologicalProcess - Disease'],['Drug - positively regulates - Protein - participates in - BiologicalProcess - negatively correlated with - Disease'],What gene is most mechanistically related to the indication of Drug terbutaline to Disease Bronchitis?
191,DB00871_MESH_D001991_2,DB:DB00871,MESH:D013726,MESH:D001991,UniProt:P13945,terbutaline,Bronchitis,Beta-3 adrenergic receptor,ADRB3,"['MESH:D013726', 'UniProt:P13945', 'GO:0007190', 'GO:0006171', 'GO:0044557', 'MESH:D001991']",6,5,1,['Drug - Protein - BiologicalProcess - Disease'],['Drug - positively regulates - Protein - participates in - BiologicalProcess - negatively correlated with - Disease'],What gene is most mechanistically related to the indication of Drug terbutaline to Disease Bronchitis?
192,DB01141_MESH_D058387_1,DB:DB01141,MESH:C121905,MESH:D058387,UniProt:A2QLK4,micafungin,Candidemia,"1,3-beta-glucan synthase component FKS1",N/A,"['MESH:C121905', 'UniProt:A2QLK4', 'GO:0060636', 'GO:0030445', 'taxonomy:4751', 'MESH:D058387']",6,5,1,['Drug - Protein - BiologicalProcess - CellularComponent - OrganismTaxon - Disease'],['Drug - negatively regulates - Protein - negatively correlated with - BiologicalProcess - disrupts - CellularComponent - in taxon - OrganismTaxon - causes - Disease'],What gene is most mechanistically related to the indication of Drug micafungin to Disease Candidemia?
193,DB06708_MESH_D016778_1,DB:DB06708,MESH:C102070,MESH:D016778,UniProt:Q8IL04,lumefantrine,Falciparum malaria,Heme ligase,N/A,"['MESH:C102070', 'UniProt:Q8IL04', 'GO:0042167', 'MESH:D006418', 'taxonomy:5833', 'MESH:D016778']",6,5,1,['Drug - Protein - BiologicalProcess - ChemicalSubstance - OrganismTaxon - Disease'],['Drug - negatively regulates - Protein - positively correlated with - BiologicalProcess - decreases abundance of - ChemicalSubstance - disrupts - OrganismTaxon - causes - Disease'],What gene is most mechanistically related to the indication of Drug lumefantrine to Disease Falciparum malaria?
195,DB05352_MESH_D000686_1,DB:DB05352,MESH:C547076,MESH:D000686,UniProt:P02766,tafamidis,Amyloidosis,Transthyretin,TTR,"['MESH:C547076', 'UniProt:P02766', 'GO:0042802', 'GO:0051262', 'GO:0043243', 'GO:1903333', 'GO:1990000', 'MESH:D000686']",8,7,1,['Drug - Protein - MolecularActivity - BiologicalProcess - Disease'],['Drug - increases stability of - Protein - enables - MolecularActivity - causes - BiologicalProcess - causes - Disease'],What gene is most mechanistically related to the indication of Drug tafamidis to Disease Amyloidosis?
196,DB12459_MESH_D002289_1,DB:DB12459,MESH:C116963,MESH:D002289,UniProt:P11387,belotecan,Non-small cell lung cancer,DNA topoisomerase 1,TOP1,"['MESH:C116963', 'UniProt:P11387', 'GO:0003677', 'GO:0006260', 'MESH:D002289']",5,4,1,['Drug - Protein - MolecularActivity - BiologicalProcess - Disease'],['Drug - decreases activity of - Protein - positively regulates - MolecularActivity - correlated with - BiologicalProcess - positively correlated with - Disease'],What gene is most mechanistically related to the indication of Drug belotecan to Disease Non-small cell lung cancer?
197,DB12459_MESH_D010051_1,DB:DB12459,MESH:C116963,MESH:D010051,UniProt:P11387,belotecan,Malignant tumor of ovary,DNA topoisomerase 1,TOP1,"['MESH:C116963', 'UniProt:P11387', 'GO:0003677', 'GO:0006260', 'MESH:D010051']",5,4,1,['Drug - Protein - MolecularActivity - BiologicalProcess - Disease'],['Drug - decreases activity of - Protein - positively regulates - MolecularActivity - correlated with - BiologicalProcess - positively correlated with - Disease'],What gene is most mechanistically related to the indication of Drug belotecan to Disease Malignant tumor of ovary?
206,DB00655_MESH_D000152_1,DB:DB00655,MESH:D004970,MESH:D000152,UniProt:P04278,estrone,Acne Vulgaris,sex hormone binidng globulin,SHBG,"['MESH:D004970', 'UniProt:P04278', 'UBERON:0002107', 'MESH:D013739', 'MESH:D012629', 'CL:0000317', 'MESH:D000152']",7,6,1,['Drug - Protein - GrossAnatomicalStructure - ChemicalSubstance - Disease'],['Drug - increases abundance of - Protein - located in - GrossAnatomicalStructure - decreases abundance of - ChemicalSubstance - treats - Disease'],What gene is most mechanistically related to the indication of Drug estrone to Disease Acne Vulgaris?
211,DB09010_MESH_D003110_1,DB:DB09010,MESH:C017367,MESH:D003110,UniProt:Q13510,carmofur,Malignant tumor of colon,Acid ceramidase,ASAH1,"['MESH:C017367', 'UniProt:Q13510', 'GO:0016049', 'UBERON:0001155', 'MESH:D003110']",5,4,1,['Drug - Protein - BiologicalProcess - GrossAnatomicalStructure - Disease'],['Drug - decreases activity of - Protein - positively regulates - BiologicalProcess - located in - GrossAnatomicalStructure - location of - Disease'],What gene is most mechanistically related to the indication of Drug carmofur to Disease Malignant tumor of colon?
212,DB09010_MESH_D000086382_1,DB:DB09010,MESH:C017367,MESH:D000086382,UniProt:P0DTD1,carmofur,covid-19,SARS-CoV-2 main protease,N/A,"['MESH:C017367', 'UniProt:P0DTD1', 'MESH:D000086382']",3,2,1,['Drug - Protein - Disease'],['Drug - decreases activity of - Protein - treats - Disease'],What gene is most mechanistically related to the indication of Drug carmofur to Disease covid-19?
220,DB00007_MESH_D004715_1,DB:DB00007,DB:DB00007,MESH:D004715,UniProt:P30968,leuprorelin,Endometriosis,Gonadotropin-releasing hormone receptor,GNRHR,"['DB:DB00007', 'UniProt:P30968', 'GO:0005183', 'GO:0006703', 'MESH:D004715']",5,4,1,['Drug - Protein - BiologicalProcess - Disease'],['Drug - increases activity of - Protein - positively regulates - BiologicalProcess - positively correlated with - Disease'],What gene is most mechanistically related to the indication of Drug leuprorelin to Disease Endometriosis?
221,DB00007_MESH_D011629_1,DB:DB00007,DB:DB00007,MESH:D011629,UniProt:P30968,leuprorelin,Precocious puberty,Gonadotropin-releasing hormone receptor,GNRHR,"['DB:DB00007', 'UniProt:P30968', 'GO:0005183', 'GO:0006703', 'GO:0006702', 'GO:0006701', 'MESH:D011629']",7,8,1,['Drug - Protein - BiologicalProcess - Disease'],['Drug - increases activity of - Protein - positively regulates - BiologicalProcess - negatively correlated with - Disease'],What gene is most mechanistically related to the indication of Drug leuprorelin to Disease Precocious puberty?
224,DB00250_MESH_D000152_1,DB:DB00250,MESH:D003622,MESH:D000152,UniProt:A0A2B7ICU0,dapsone,Acne Vulgaris,Dihydropteroate synthase (Cutibacterium acnes),N/A,"['MESH:D003622', 'UniProt:A0A2B7ICU0', 'GO:0046654', 'GO:0009113', 'GO:0071897', 'GO:0051301', 'taxonomy:1747', 'MESH:D000152']",8,7,1,['Drug - Protein - BiologicalProcess - OrganismTaxon - Disease'],['Drug - decreases activity of - Protein - positively regulates - BiologicalProcess - occurs in - OrganismTaxon - causes - Disease'],What gene is most mechanistically related to the indication of Drug dapsone to Disease Acne Vulgaris?
225,DB00250_MESH_D007918_1,DB:DB00250,MESH:D003622,MESH:D007918,UniProt:P0C0X1,dapsone,Leprosy,Dihydropteroate synthase (Mycobacterium leprae),N/A,"['MESH:D003622', 'UniProt:P0C0X1', 'GO:0046654', 'GO:0009113', 'GO:0071897', 'GO:0051301', 'taxonomy:1769', 'MESH:D007918']",8,7,1,['Drug - Protein - BiologicalProcess - OrganismTaxon - Disease'],['Drug - decreases activity of - Protein - positively regulates - BiologicalProcess - occurs in - OrganismTaxon - causes - Disease'],What gene is most mechanistically related to the indication of Drug dapsone to Disease Leprosy?
226,DB00250_MESH_D007918_2,DB:DB00250,MESH:D003622,MESH:D007918,UniProt:A0A0F4ER22,dapsone,Leprosy,Dihydropteroate synthase (Mycobacterium lepromatosis),N/A,"['MESH:D003622', 'UniProt:A0A0F4ER22', 'GO:0046654', 'GO:0009113', 'GO:0071897', 'GO:0051301', 'taxonomy:480418', 'MESH:D007918']",8,7,1,['Drug - Protein - BiologicalProcess - OrganismTaxon - Disease'],['Drug - decreases activity of - Protein - positively regulates - BiologicalProcess - occurs in - OrganismTaxon - causes - Disease'],What gene is most mechanistically related to the indication of Drug dapsone to Disease Leprosy?
234,DB01101_MESH_D013274_1,DB:DB01101,MESH:D000069287,MESH:D013274,UniProt:P04818,Capecitabine,Malignant tumor of stomach,Thymidylate synthase,TYMS,"['MESH:D000069287', 'MESH:D005472', 'UniProt:P04818', 'GO:0090592', 'GO:0032774', 'CHEBI:63528', 'GO:0008283', 'MESH:D013274']",8,9,1,['Drug - ChemicalSubstance - BiologicalProcess - Disease'],['Drug - produces - ChemicalSubstance - participates in - BiologicalProcess - positively correlated with - Disease'],What gene is most mechanistically related to the indication of Drug Capecitabine to Disease Malignant tumor of stomach?
242,DBDB08902_MESH_C571912_1,DB:DBDB08902,MESH:C542124,MESH:C571912,UniProt:P13423,raxibacumab,Inhalation anthrax,Protective antigen,N/A,"['MESH:C542124', 'UniProt:P13423', 'taxonomy:1392', 'MESH:C571912']",4,3,1,['Drug - Protein - OrganismTaxon - Disease'],['Drug - decreases activity of - Protein - produced by - OrganismTaxon - causes - Disease'],What gene is most mechanistically related to the indication of Drug raxibacumab to Disease Inhalation anthrax?
243,DB12417_MESH_D003924_1,DB:DB12417,MESH:C583175,MESH:D003924,UniProt:P27487,anagliptin,"Diabetes Mellitus, Type 2",Dipeptidyl peptidase 4,DPP4,"['MESH:C583175', 'UniProt:P27487', 'CHEBI:80270', 'GO:0030073', 'GO:0070091', 'HP:0003074', 'MESH:D003924']",7,7,1,['Drug - Protein - ChemicalSubstance - BiologicalProcess - PhenotypicFeature - Disease'],['Drug - decreases activity of - Protein - decreases abundance of - ChemicalSubstance - negatively regulates - BiologicalProcess - positively correlated with - PhenotypicFeature - manifestation of - Disease'],"What gene is most mechanistically related to the indication of Drug anagliptin to Disease Diabetes Mellitus, Type 2?"
244,DB00283_MESH_D014581_1,DB:DB00283,MESH:D002974,MESH:D014581,UniProt:P35367,clementine,Urticaria,Histamine H1 receptor,HRH1,"['MESH:D002974', 'UniProt:P35367', 'GO:0004969', 'GO:0002441', 'MESH:D014581']",5,4,1,['Drug - Protein - MolecularActivity - BiologicalProcess - Disease'],['Drug - decreases activity of - Protein - positively regulates - MolecularActivity - participates in - BiologicalProcess - positively correlated with - Disease'],What gene is most mechanistically related to the indication of Drug clementine to Disease Urticaria?
245,DB00283_MESH_D011537_1,DB:DB00283,MESH:D002974,MESH:D011537,UniProt:P35367,clementine,Pruritus,Histamine H1 receptor,HRH1,"['MESH:D002974', 'UniProt:P35367', 'GO:0004969', 'GO:0002441', 'MESH:D011537']",5,4,1,['Drug - Protein - MolecularActivity - BiologicalProcess - Disease'],['Drug - decreases activity of - Protein - positively regulates - MolecularActivity - participates in - BiologicalProcess - positively correlated with - Disease'],What gene is most mechanistically related to the indication of Drug clementine to Disease Pruritus?
246,DB00283_MESH_D012912_1,DB:DB00283,MESH:D002974,MESH:D012912,UniProt:P35367,clementine,Sneezing,Histamine H1 receptor,HRH1,"['MESH:D002974', 'UniProt:P35367', 'GO:0004969', 'GO:0002441', 'MESH:D012912']",5,4,1,['Drug - Protein - MolecularActivity - BiologicalProcess - Disease'],['Drug - decreases activity of - Protein - positively regulates - MolecularActivity - participates in - BiologicalProcess - positively correlated with - Disease'],What gene is most mechanistically related to the indication of Drug clementine to Disease Sneezing?
247,DB00283_MESH_D012223_1,DB:DB00283,MESH:D002974,MESH:D012223,UniProt:P35367,clementine,"Rhinitis, Vasomotor",Histamine H1 receptor,HRH1,"['MESH:D002974', 'UniProt:P35367', 'GO:0004969', 'GO:0042311', 'MESH:D012223']",5,4,1,['Drug - Protein - MolecularActivity - BiologicalProcess - Disease'],['Drug - decreases activity of - Protein - positively regulates - MolecularActivity - participates in - BiologicalProcess - positively correlated with - Disease'],"What gene is most mechanistically related to the indication of Drug clementine to Disease Rhinitis, Vasomotor?"
248,DB00283_MESH_D065631_1,DB:DB00283,MESH:D002974,MESH:D065631,UniProt:P35367,clementine,Allergic rhinitis,Histamine H1 receptor,HRH1,"['MESH:D002974', 'UniProt:P35367', 'GO:0004969', 'GO:0002441', 'MESH:D065631']",5,4,1,['Drug - Protein - MolecularActivity - BiologicalProcess - Disease'],['Drug - decreases activity of - Protein - positively regulates - MolecularActivity - participates in - BiologicalProcess - positively correlated with - Disease'],What gene is most mechanistically related to the indication of Drug clementine to Disease Allergic rhinitis?
249,DB00283_MESH_D003233_1,DB:DB00283,MESH:D002974,MESH:D003233,UniProt:P35367,clementine,Allergic conjunctivitis,Histamine H1 receptor,HRH1,"['MESH:D002974', 'UniProt:P35367', 'GO:0004969', 'GO:0002441', 'MESH:D003233']",5,4,1,['Drug - Protein - MolecularActivity - BiologicalProcess - Disease'],['Drug - decreases activity of - Protein - positively regulates - MolecularActivity - participates in - BiologicalProcess - positively correlated with - Disease'],What gene is most mechanistically related to the indication of Drug clementine to Disease Allergic conjunctivitis?
250,DB00360_MESH_D010661_1,DB:DB00360,MESH:C003402,MESH:D010661,UniProt:P00439,sapropterin,Classical phenylketonuria,Phenylalanine-4-hydroxylase,PAH,"['MESH:C003402', 'UniProt:P00439', 'GO:0004505', 'CHEBI:28044', 'MESH:D010661']",5,4,1,['Drug - Protein - MolecularActivity - ChemicalSubstance - Disease'],['Drug - increases activity of - Protein - positively regulates - MolecularActivity - decreases abundance of - ChemicalSubstance - positively correlated with - Disease'],What gene is most mechanistically related to the indication of Drug sapropterin to Disease Classical phenylketonuria?
257,DB01606_MESH_D000077299_1,DB:DB01606,MESH:C043265,MESH:D000077299,UniProt:P62594,tazobactam,Nosocomial pneumonia,Beta-lactamase TEM,N/A,"['MESH:C043265', 'UniProt:P62594', 'GO:0030655', 'taxonomy:90370', 'MESH:D000077299']",5,4,1,['Drug - Protein - BiologicalProcess - OrganismTaxon - Disease'],['Drug - negatively regulates - Protein - positively regulates - BiologicalProcess - in taxon - OrganismTaxon - causes - Disease'],What gene is most mechanistically related to the indication of Drug tazobactam to Disease Nosocomial pneumonia?
258,DB01606_MESH_D018410_1,DB:DB01606,MESH:C043265,MESH:D018410,UniProt:P0AD63,tazobactam,"Pneumonia, Bacterial",Beta-lactamase SHV-1,N/A,"['MESH:C043265', 'UniProt:P0AD63', 'GO:0030655', 'taxonomy:562', 'MESH:D018410']",5,4,1,['Drug - Protein - BiologicalProcess - OrganismTaxon - Disease'],['Drug - negatively regulates - Protein - positively regulates - BiologicalProcess - in taxon - OrganismTaxon - causes - Disease'],"What gene is most mechanistically related to the indication of Drug tazobactam to Disease Pneumonia, Bacterial?"
261,DB01606_MESH_D018784_1,DB:DB01606,MESH:C043265,MESH:D018784,UniProt:P0AD63,tazobactam,Abdominal abscess,Beta-lactamase SHV-1,N/A,"['MESH:C043265', 'UniProt:P0AD63', 'GO:0030655', 'taxonomy:562', 'MESH:D018784']",5,4,1,['Drug - Protein - BiologicalProcess - OrganismTaxon - Disease'],['Drug - negatively regulates - Protein - positively regulates - BiologicalProcess - in taxon - OrganismTaxon - causes - Disease'],What gene is most mechanistically related to the indication of Drug tazobactam to Disease Abdominal abscess?
262,DB12319_MESH_D033461_1,DB:DB12319,MESH:D001553,MESH:D033461,UniProt:Q96S37,benzbromarone,Hyperuricemia,Solute carrier family 22 member 12,SLC22A12,"['MESH:D001553', 'UniProt:Q96S37', 'GO:0015747', 'GO:0097744', 'MESH:D033461']",5,4,1,['Drug - Protein - BiologicalProcess - Disease'],['Drug - negatively regulates - Protein - positively regulates - BiologicalProcess - negatively correlated with - Disease'],What gene is most mechanistically related to the indication of Drug benzbromarone to Disease Hyperuricemia?
263,DB12319_MESH_D006073_1,DB:DB12319,MESH:D001553,MESH:D006073,UniProt:Q96S37,benzbromarone,Gout,Solute carrier family 22 member 12,SLC22A12,"['MESH:D001553', 'UniProt:Q96S37', 'GO:0015747', 'GO:0097744', 'MESH:D006073']",5,4,1,['Drug - Protein - BiologicalProcess - Disease'],['Drug - negatively regulates - Protein - positively regulates - BiologicalProcess - negatively correlated with - Disease'],What gene is most mechanistically related to the indication of Drug benzbromarone to Disease Gout?
264,DB01579_MESH_D009765_1,DB:DB01579,MESH:C100294,MESH:D009765,UniProt:P35348,phendimetrazine,Obesity,Alpha-1A adrenergic receptor,ADRA1A,"['MESH:C100294', 'UniProt:P35348', 'HP:0004396', 'MESH:D009765']",4,3,1,['Drug - Protein - PhenotypicFeature - Disease'],['Drug - increases activity of - Protein - positively correlated with - PhenotypicFeature - negatively correlated with - Disease'],What gene is most mechanistically related to the indication of Drug phendimetrazine to Disease Obesity?
265,DB01579_MESH_D009765_2,DB:DB01579,MESH:C100294,MESH:D009765,UniProt:P35368,phendimetrazine,Obesity,Alpha-1B adrenergic receptor,ADRA1B,"['MESH:C100294', 'UniProt:P35368', 'HP:0004396', 'MESH:D009765']",4,3,1,['Drug - Protein - PhenotypicFeature - Disease'],['Drug - increases activity of - Protein - positively correlated with - PhenotypicFeature - negatively correlated with - Disease'],What gene is most mechanistically related to the indication of Drug phendimetrazine to Disease Obesity?
266,DB01579_MESH_D009765_4,DB:DB01579,MESH:C100294,MESH:D009765,UniProt:P23975,phendimetrazine,Obesity,Sodium-dependent noradrenaline transporter,SLC6A2,"['MESH:C100294', 'UniProt:P23975', 'GO:0015874', 'MESH:D009638', 'HP:0004396', 'MESH:D009765']",6,5,1,['Drug - Protein - BiologicalProcess - ChemicalSubstance - PhenotypicFeature - Disease'],['Drug - decreases activity of - Protein - positively regulates - BiologicalProcess - decreases abundance of - ChemicalSubstance - positively correlated with - PhenotypicFeature - negatively correlated with - Disease'],What gene is most mechanistically related to the indication of Drug phendimetrazine to Disease Obesity?
268,DB00313_MESH_D001714_1,DB:DB00313,MESH:D014635,MESH:D001714,UniProt:P29218,valproic acid,"Bipolar affective disorder, current episode depression",Inositol monophosphatase 1,IMPA1,"['MESH:D014635', 'InterPro:IPR002587', 'UniProt:P29218', 'MESH:D007294', 'MESH:D001714']",5,4,1,['Drug - GeneFamily - Protein - ChemicalSubstance - Disease'],['Drug - decreases activity of - GeneFamily - decreases activity of - Protein - decreases abundance of - ChemicalSubstance - correlated with - Disease'],"What gene is most mechanistically related to the indication of Drug valproic acid to Disease Bipolar affective disorder, current episode depression?"
275,DB00313_MESH_D008881_1,DB:DB00313,MESH:D014635,MESH:D008881,UniProt:O14975,valproic acid,Migraine Disorders,microsomal long-chain fatty acyl-CoA synthetase,SLC27A2,"['MESH:D014635', 'UniProt:O14975', 'UBERON:0000955', 'MESH:C026563', 'reactome:R-HSA-2162123', 'MESH:D008881']",6,5,1,['Drug - Protein - GrossAnatomicalStructure - ChemicalSubstance - Pathway - Disease'],['Drug - decreases activity of - Protein - located in - GrossAnatomicalStructure - decreases abundance of - ChemicalSubstance - participates in - Pathway - treats - Disease'],What gene is most mechanistically related to the indication of Drug valproic acid to Disease Migraine Disorders?
276,DB00495_MESH_D015658_1,DB:DB00495,MESH:D015215,MESH:D015658,UniProt:Q72547,Zidovudine,Human immunodeficiency virus infection,Reverse transcriptase/RNaseH,N/A,"['MESH:D015215', 'MESH:C052873', 'UniProt:Q72547', 'GO:0039693', 'taxonomy:12721', 'MESH:D015658']",6,5,1,['Drug - ChemicalSubstance - Protein - BiologicalProcess - OrganismTaxon - Disease'],['Drug - increases abundance of - ChemicalSubstance - decreases activity of - Protein - expressed in - BiologicalProcess - in taxon - OrganismTaxon - causes - Disease'],What gene is most mechanistically related to the indication of Drug Zidovudine to Disease Human immunodeficiency virus infection?
277,DB01227_MESH_D009293_1,DB:DB01227,MESH:D008692,MESH:D009293,UniProt:P35372,acetylmethadol,Opioid dependence,Mu-type opioid receptor,OPRM1,"['MESH:D008692', 'UniProt:P35372', 'reactome:R-HSA-418594', 'MESH:D013373', 'GO:0019233', 'MESH:D010146', 'MESH:D009293']",7,6,1,['Drug - Protein - Pathway - ChemicalSubstance - BiologicalProcess - Disease'],['Drug - increases activity of - Protein - participates in - Pathway - decreases abundance of - ChemicalSubstance - positively correlated with - BiologicalProcess - positively correlated with - Disease'],What gene is most mechanistically related to the indication of Drug acetylmethadol to Disease Opioid dependence?
280,DB01210_MESH_D009798_3,DB:DB01210,MESH:D002040,MESH:D009798,UniProt:P07550,levobunolol,Ocular hypertension,Beta-2 adrenergic receptor,ADRB2,"['MESH:D002040', 'UniProt:P07550', 'MESH:D000242', 'UBERON:0010427', 'UBERON:0001796', 'HP:0007906', 'MESH:D009798']",7,6,1,['Drug - Protein - ChemicalSubstance - GrossAnatomicalStructure - PhenotypicFeature - Disease'],['Drug - decreases activity of - Protein - increases abundance of - ChemicalSubstance - located in - GrossAnatomicalStructure - negatively regulates - PhenotypicFeature - treats - Disease'],What gene is most mechanistically related to the indication of Drug levobunolol to Disease Ocular hypertension?
281,DB01210_MESH_D009798_4,DB:DB01210,MESH:D002040,MESH:D009798,UniProt:P08588,levobunolol,Ocular hypertension,Beta-1 adrenergic receptor,ADRB1,"['MESH:D002040', 'UniProt:P08588', 'MESH:D000242', 'UBERON:0010427', 'UBERON:0001796', 'HP:0007906', 'MESH:D009798']",7,6,1,['Drug - Protein - ChemicalSubstance - GrossAnatomicalStructure - PhenotypicFeature - Disease'],['Drug - decreases activity of - Protein - increases abundance of - ChemicalSubstance - located in - GrossAnatomicalStructure - negatively regulates - PhenotypicFeature - treats - Disease'],What gene is most mechanistically related to the indication of Drug levobunolol to Disease Ocular hypertension?
283,DB00758_MESH_D054058_1,DB:DB00758,MESH:D000077144,MESH:D054058,UniProt:Q9H244,Clopidogrel,Acute coronary syndrome,P2Y purinoceptor 12,P2RY12,"['MESH:D000077144', 'UniProt:Q9H244', 'GO:0070527', 'MESH:D054058']",4,3,1,['Drug - Protein - BiologicalProcess - Disease'],['Drug - decreases activity of - Protein - positively regulates - BiologicalProcess - positively correlated with - Disease'],What gene is most mechanistically related to the indication of Drug Clopidogrel to Disease Acute coronary syndrome?
284,DB00758_MESH_D020766_1,DB:DB00758,MESH:D000077144,MESH:D020766,UniProt:Q9H244,Clopidogrel,Cerebral embolism,P2Y purinoceptor 12,P2RY12,"['MESH:D000077144', 'UniProt:Q9H244', 'GO:0070527', 'MESH:D020766']",4,3,1,['Drug - Protein - BiologicalProcess - Disease'],['Drug - decreases activity of - Protein - positively regulates - BiologicalProcess - contributes to - Disease'],What gene is most mechanistically related to the indication of Drug Clopidogrel to Disease Cerebral embolism?
285,DB08873_MESH_D019698_1,DB:DB08873,DB:DB08873,MESH:D019698,UniProt:B0B3C9,Boceprevir,Chronic hepatitis C,Genome polyprotein,N/A,"['DB:DB08873', 'UniProt:B0B3C9', 'GO:0006260', 'taxonomy:11103', 'MESH:D019698']",5,4,1,['Drug - Protein - BiologicalProcess - OrganismTaxon - Disease'],['Drug - decreases activity of - Protein - positively regulates - BiologicalProcess - in taxon - OrganismTaxon - causes - Disease'],What gene is most mechanistically related to the indication of Drug Boceprevir to Disease Chronic hepatitis C?
286,DB08873_MESH_D019698_2,DB:DB08873,DB:DB08873,MESH:D019698,UniProt:B0B3C9,Boceprevir,Chronic hepatitis C,Genome polyprotein,N/A,"['DB:DB08873', 'UniProt:B0B3C9', 'GO:0006508', 'taxonomy:11103', 'MESH:D019698']",5,4,1,['Drug - Protein - BiologicalProcess - OrganismTaxon - Disease'],['Drug - decreases activity of - Protein - positively regulates - BiologicalProcess - in taxon - OrganismTaxon - causes - Disease'],What gene is most mechanistically related to the indication of Drug Boceprevir to Disease Chronic hepatitis C?
288,DB01282_MESH_D006473_1,DB:DB01282,MESH:C020731,MESH:D006473,UniProt:P30559,Carbetocin,Postpartum hemorrhage,oxytocin receptors,OXTR,"['MESH:C020731', 'UniProt:P30559', 'UBERON:0001135', 'UBERON:0000995', 'GO:0070471', 'MESH:D006473']",6,5,1,['Drug - Protein - GrossAnatomicalStructure - BiologicalProcess - Disease'],['Drug - increases activity of - Protein - located in - GrossAnatomicalStructure - increases activity of - BiologicalProcess - prevents - Disease'],What gene is most mechanistically related to the indication of Drug Carbetocin to Disease Postpartum hemorrhage?
289,DB00671_MESH_D006069_1,DB:DB00671,MESH:D020682,MESH:D006069,UniProt:P44469,Cefixime,Gonorrhea,"Peptidoglycan D,D-transpeptidase MrdA",N/A,"['MESH:D020682', 'UniProt:P44469', 'GO:0009273', 'GO:0042546', 'taxonomy:485', 'MESH:D006069']",6,5,1,['Drug - Protein - BiologicalProcess - OrganismTaxon - Disease'],['Drug - decreases activity of - Protein - positively regulates - BiologicalProcess - occurs in - OrganismTaxon - causes - Disease'],What gene is most mechanistically related to the indication of Drug Cefixime to Disease Gonorrhea?
290,DB00671_MESH_D014069_1,DB:DB00671,MESH:D020682,MESH:D014069,UniProt:P44469,Cefixime,Tonsillitis,"Peptidoglycan D,D-transpeptidase MrdA",N/A,"['MESH:D020682', 'UniProt:P44469', 'GO:0009273', 'GO:0042546', 'taxonomy:1314', 'MESH:D014069']",6,5,1,['Drug - Protein - BiologicalProcess - OrganismTaxon - Disease'],['Drug - decreases activity of - Protein - positively regulates - BiologicalProcess - occurs in - OrganismTaxon - causes - Disease'],What gene is most mechanistically related to the indication of Drug Cefixime to Disease Tonsillitis?
291,DB00671_MESH_D013290_1,DB:DB00671,MESH:D020682,MESH:D013290,UniProt:P44469,Cefixime,Streptococcal Infections,"Peptidoglycan D,D-transpeptidase MrdA",N/A,"['MESH:D020682', 'UniProt:P44469', 'GO:0009273', 'GO:0042546', 'taxonomy:1301', 'MESH:D013290']",6,5,1,['Drug - Protein - BiologicalProcess - OrganismTaxon - Disease'],['Drug - decreases activity of - Protein - positively regulates - BiologicalProcess - occurs in - OrganismTaxon - causes - Disease'],What gene is most mechanistically related to the indication of Drug Cefixime to Disease Streptococcal Infections?
292,DB00671_MESH_D001991_1,DB:DB00671,MESH:D020682,MESH:D001991,UniProt:P44469,Cefixime,Bronchitis,"Peptidoglycan D,D-transpeptidase MrdA",N/A,"['MESH:D020682', 'UniProt:P44469', 'GO:0009273', 'GO:0042546', 'taxonomy:1213463', 'MESH:D001991']",6,5,1,['Drug - Protein - BiologicalProcess - OrganismTaxon - Disease'],['Drug - decreases activity of - Protein - positively regulates - BiologicalProcess - occurs in - OrganismTaxon - causes - Disease'],What gene is most mechanistically related to the indication of Drug Cefixime to Disease Bronchitis?
293,DB00671_MESH_D014552_1,DB:DB00671,MESH:D020682,MESH:D014552,UniProt:P44469,Cefixime,Urinary Tract Infections,"Peptidoglycan D,D-transpeptidase MrdA",N/A,"['MESH:D020682', 'UniProt:P44469', 'GO:0009273', 'GO:0042546', 'taxonomy:562', 'MESH:D014552']",6,5,1,['Drug - Protein - BiologicalProcess - OrganismTaxon - Disease'],['Drug - decreases activity of - Protein - positively regulates - BiologicalProcess - occurs in - OrganismTaxon - causes - Disease'],What gene is most mechanistically related to the indication of Drug Cefixime to Disease Urinary Tract Infections?
294,DB00671_MESH_D010612_1,DB:DB00671,MESH:D020682,MESH:D010612,UniProt:P44469,Cefixime,Pharyngitis,"Peptidoglycan D,D-transpeptidase MrdA",N/A,"['MESH:D020682', 'UniProt:P44469', 'GO:0009273', 'GO:0042546', 'taxonomy:1314', 'MESH:D010612']",6,5,1,['Drug - Protein - BiologicalProcess - OrganismTaxon - Disease'],['Drug - decreases activity of - Protein - positively regulates - BiologicalProcess - occurs in - OrganismTaxon - causes - Disease'],What gene is most mechanistically related to the indication of Drug Cefixime to Disease Pharyngitis?
295,DB00671_MESH_D012141_1,DB:DB00671,MESH:D020682,MESH:D012141,UniProt:P44469,Cefixime,Respiratory Tract Infections,"Peptidoglycan D,D-transpeptidase MrdA",N/A,"['MESH:D020682', 'UniProt:P44469', 'GO:0009273', 'GO:0042546', 'taxonomy:727', 'MESH:D012141']",6,5,1,['Drug - Protein - BiologicalProcess - OrganismTaxon - Disease'],['Drug - decreases activity of - Protein - positively regulates - BiologicalProcess - occurs in - OrganismTaxon - causes - Disease'],What gene is most mechanistically related to the indication of Drug Cefixime to Disease Respiratory Tract Infections?
296,DB00835_MESH_D006255_1,DB:DB00835,MESH:D001977,MESH:D006255,UniProt:P35367,Brompheniramine,"Rhinitis, Allergic, Seasonal",Histamine H1 receptor,HRH1,"['MESH:D001977', 'UniProt:P35367', 'MESH:D006632', 'GO:0043114', 'MESH:D006255']",5,4,1,['Drug - Protein - ChemicalSubstance - BiologicalProcess - Disease'],['Drug - decreases activity of - Protein - positively correlated with - ChemicalSubstance - positively regulates - BiologicalProcess - correlated with - Disease'],"What gene is most mechanistically related to the indication of Drug Brompheniramine to Disease Rhinitis, Allergic, Seasonal?"
297,DB00835_MESH_D014581_1,DB:DB00835,MESH:D001977,MESH:D014581,UniProt:P35367,Brompheniramine,Urticaria,Histamine H1 receptor,HRH1,"['MESH:D001977', 'UniProt:P35367', 'MESH:D006632', 'GO:0043114', 'MESH:D014581']",5,4,1,['Drug - Protein - ChemicalSubstance - BiologicalProcess - Disease'],['Drug - decreases activity of - Protein - positively correlated with - ChemicalSubstance - positively regulates - BiologicalProcess - correlated with - Disease'],What gene is most mechanistically related to the indication of Drug Brompheniramine to Disease Urticaria?
298,DB00835_MESH_D011537_1,DB:DB00835,MESH:D001977,MESH:D011537,UniProt:P35367,Brompheniramine,Pruritus,Histamine H1 receptor,HRH1,"['MESH:D001977', 'UniProt:P35367', 'MESH:D006632', 'GO:0043114', 'MESH:D011537']",5,4,1,['Drug - Protein - ChemicalSubstance - BiologicalProcess - Disease'],['Drug - decreases activity of - Protein - positively correlated with - ChemicalSubstance - positively regulates - BiologicalProcess - correlated with - Disease'],What gene is most mechanistically related to the indication of Drug Brompheniramine to Disease Pruritus?
300,DB00835_MESH_D003233_1,DB:DB00835,MESH:D001977,MESH:D003233,UniProt:P35367,Brompheniramine,Allergic conjunctivitis,Histamine H1 receptor,HRH1,"['MESH:D001977', 'UniProt:P35367', 'MESH:D006632', 'GO:0043114', 'MESH:D003233']",5,4,1,['Drug - Protein - ChemicalSubstance - BiologicalProcess - Disease'],['Drug - decreases activity of - Protein - positively correlated with - ChemicalSubstance - positively regulates - BiologicalProcess - correlated with - Disease'],What gene is most mechanistically related to the indication of Drug Brompheniramine to Disease Allergic conjunctivitis?
301,DB00835_MESH_D012223_1,DB:DB00835,MESH:D001977,MESH:D012223,UniProt:P35367,Brompheniramine,"Rhinitis, Vasomotor",Histamine H1 receptor,HRH1,"['MESH:D001977', 'UniProt:P35367', 'MESH:D006632', 'GO:0043114', 'MESH:D012223']",5,4,1,['Drug - Protein - ChemicalSubstance - BiologicalProcess - Disease'],['Drug - decreases activity of - Protein - positively correlated with - ChemicalSubstance - positively regulates - BiologicalProcess - correlated with - Disease'],"What gene is most mechanistically related to the indication of Drug Brompheniramine to Disease Rhinitis, Vasomotor?"
302,DB00835_MESH_D065631_1,DB:DB00835,MESH:D001977,MESH:D065631,UniProt:P35367,Brompheniramine,Allergic rhinitis,Histamine H1 receptor,HRH1,"['MESH:D001977', 'UniProt:P35367', 'MESH:D006632', 'GO:0043114', 'MESH:D065631']",5,4,1,['Drug - Protein - ChemicalSubstance - BiologicalProcess - Disease'],['Drug - decreases activity of - Protein - positively correlated with - ChemicalSubstance - positively regulates - BiologicalProcess - correlated with - Disease'],What gene is most mechanistically related to the indication of Drug Brompheniramine to Disease Allergic rhinitis?
311,DB01119_MESH_D007340_1,DB:DB01119,MESH:D003981,MESH:D007340,UniProt:Q14654,diazoxide,Insulinoma,ATP-sensitive inward rectifier potassium channel 11,KCNJ11,"['MESH:D003981', 'UniProt:Q14654', 'GO:0060081', 'GO:0070509', 'GO:0030073', 'MESH:D006946', 'MESH:D007340']",7,6,1,['Drug - Protein - BiologicalProcess - Disease'],['Drug - increases activity of - Protein - participates in - BiologicalProcess - contributes to - Disease'],What gene is most mechanistically related to the indication of Drug diazoxide to Disease Insulinoma?
312,DB01119_MESH_D006946_1,DB:DB01119,MESH:D003981,MESH:D006946,UniProt:Q14654,diazoxide,Hyperinsulinism,ATP-sensitive inward rectifier potassium channel 11,KCNJ11,"['MESH:D003981', 'UniProt:Q14654', 'GO:0060081', 'GO:0070509', 'GO:0030073', 'MESH:D006946']",6,5,1,['Drug - Protein - BiologicalProcess - Disease'],['Drug - increases activity of - Protein - participates in - BiologicalProcess - contributes to - Disease'],What gene is most mechanistically related to the indication of Drug diazoxide to Disease Hyperinsulinism?
313,DB01119_MESH_D046768_1,DB:DB01119,MESH:D003981,MESH:D046768,UniProt:Q14654,diazoxide,Islet cell hyperplasia,ATP-sensitive inward rectifier potassium channel 11,KCNJ11,"['MESH:D003981', 'UniProt:Q14654', 'GO:0060081', 'GO:0070509', 'GO:0030073', 'MESH:D006946', 'MESH:D046768']",7,6,1,['Drug - Protein - BiologicalProcess - Disease'],['Drug - increases activity of - Protein - participates in - BiologicalProcess - contributes to - Disease'],What gene is most mechanistically related to the indication of Drug diazoxide to Disease Islet cell hyperplasia?
320,DB09488_MESH_D012223_1,DB:DB09488,MESH:C043648,MESH:D012223,UniProt:P35367,acrivastine,"Rhinitis, Vasomotor",Histamine H1 receptor,HRH1,"['MESH:C043648', 'UniProt:P35367', 'GO:0034776', 'MESH:D013373', 'MESH:D020078', 'MESH:D012223']",6,5,1,['Drug - Protein - BiologicalProcess - ChemicalSubstance - Disease'],['Drug - decreases activity of - Protein - participates in - BiologicalProcess - increases abundance of - ChemicalSubstance - participates in - Disease'],"What gene is most mechanistically related to the indication of Drug acrivastine to Disease Rhinitis, Vasomotor?"
323,DB09488_MESH_D012912_1,DB:DB09488,MESH:C043648,MESH:D012912,UniProt:P35367,acrivastine,Sneezing,Histamine H1 receptor,HRH1,"['MESH:C043648', 'UniProt:P35367', 'GO:0051381', 'GO:0023041', 'UBERON:0000004', 'UBERON:0001645', 'MESH:D012912']",7,6,1,['Drug - Protein - MolecularActivity - BiologicalProcess - GrossAnatomicalStructure - Disease'],['Drug - decreases activity of - Protein - participates in - MolecularActivity - positively regulates - BiologicalProcess - located in - GrossAnatomicalStructure - contributes to - Disease'],What gene is most mechanistically related to the indication of Drug acrivastine to Disease Sneezing?
326,DB09552_MESH_D010032_1,DB:DB09552,MESH:C000609116,MESH:D010032,UniProt:Q59R99,thonzonium,Otitis externa,V-type proton ATPase subunit a (Candida albicans),N/A,"['MESH:C000609116', 'UniProt:Q59R99', 'GO:0030641', 'taxonomy:5476', 'MESH:D010032']",5,4,1,['Drug - Protein - BiologicalProcess - OrganismTaxon - Disease'],['Drug - decreases activity of - Protein - participates in - BiologicalProcess - occurs in - OrganismTaxon - causes - Disease'],What gene is most mechanistically related to the indication of Drug thonzonium to Disease Otitis externa?
327,DB12159_MESH_D003876_1,DB:DB12159,MESH:C582203,MESH:D003876,UniProt:P24394,dupilumab,Atopic dermatitis,Interleukin-4 receptor subunit alpha,IL4R,"['MESH:C582203', 'UniProt:P24394', 'reactome:R-HSA-6785807', 'GO:0042092', 'MESH:D003876']",5,4,1,['Drug - Protein - Pathway - BiologicalProcess - Disease'],['Drug - decreases activity of - Protein - participates in - Pathway - positively regulates - BiologicalProcess - contributes to - Disease'],What gene is most mechanistically related to the indication of Drug dupilumab to Disease Atopic dermatitis?
328,DB00051_MESH_D017497_1,DB:DB00051,MESH:D000068879,MESH:D017497,UniProt:P01375,adalimumab,Hidradenitis suppurativa,Tumor necrosis factor,TNF,"['MESH:D000068879', 'UniProt:P01375', 'reactome:R-HSA-75893', 'GO:0006954', 'MESH:D017497']",5,4,1,['Drug - Protein - Pathway - BiologicalProcess - Disease'],['Drug - decreases activity of - Protein - participates in - Pathway - positively regulates - BiologicalProcess - causes - Disease'],What gene is most mechanistically related to the indication of Drug adalimumab to Disease Hidradenitis suppurativa?
329,DB00051_MESH_D001172_1,DB:DB00051,MESH:D000068879,MESH:D001172,UniProt:P01375,adalimumab,Rheumatoid arthritis,Tumor necrosis factor,TNF,"['MESH:D000068879', 'UniProt:P01375', 'reactome:R-HSA-75893', 'GO:0006954', 'MESH:D001172']",5,4,1,['Drug - Protein - Pathway - BiologicalProcess - Disease'],['Drug - decreases activity of - Protein - participates in - Pathway - positively regulates - BiologicalProcess - causes - Disease'],What gene is most mechanistically related to the indication of Drug adalimumab to Disease Rheumatoid arthritis?
330,DB00051_MESH_D001171_1,DB:DB00051,MESH:D000068879,MESH:D001171,UniProt:P01375,adalimumab,"Arthritis, Juvenile",Tumor necrosis factor,TNF,"['MESH:D000068879', 'UniProt:P01375', 'reactome:R-HSA-75893', 'GO:0006954', 'MESH:D001171']",5,4,1,['Drug - Protein - Pathway - BiologicalProcess - Disease'],['Drug - decreases activity of - Protein - participates in - Pathway - positively regulates - BiologicalProcess - causes - Disease'],"What gene is most mechanistically related to the indication of Drug adalimumab to Disease Arthritis, Juvenile?"
331,DB00051_MESH_D015535_1,DB:DB00051,MESH:D000068879,MESH:D015535,UniProt:P01375,adalimumab,Psoriasis with arthropathy,Tumor necrosis factor,TNF,"['MESH:D000068879', 'UniProt:P01375', 'reactome:R-HSA-75893', 'GO:0006954', 'MESH:D015535']",5,4,1,['Drug - Protein - Pathway - BiologicalProcess - Disease'],['Drug - decreases activity of - Protein - participates in - Pathway - positively regulates - BiologicalProcess - causes - Disease'],What gene is most mechanistically related to the indication of Drug adalimumab to Disease Psoriasis with arthropathy?
332,DB00051_MESH_D013167_1,DB:DB00051,MESH:D000068879,MESH:D013167,UniProt:P01375,adalimumab,Ankylosing spondylitis,Tumor necrosis factor,TNF,"['MESH:D000068879', 'UniProt:P01375', 'reactome:R-HSA-75893', 'GO:0006954', 'MESH:D013167']",5,4,1,['Drug - Protein - Pathway - BiologicalProcess - Disease'],['Drug - decreases activity of - Protein - participates in - Pathway - positively regulates - BiologicalProcess - causes - Disease'],What gene is most mechanistically related to the indication of Drug adalimumab to Disease Ankylosing spondylitis?
333,DB00051_MESH_D003424_1,DB:DB00051,MESH:D000068879,MESH:D003424,UniProt:P01375,adalimumab,Crohn's disease,Tumor necrosis factor,TNF,"['MESH:D000068879', 'UniProt:P01375', 'reactome:R-HSA-75893', 'GO:0006954', 'MESH:D003424']",5,4,1,['Drug - Protein - Pathway - BiologicalProcess - Disease'],['Drug - decreases activity of - Protein - participates in - Pathway - positively regulates - BiologicalProcess - causes - Disease'],What gene is most mechanistically related to the indication of Drug adalimumab to Disease Crohn's disease?
334,DB00051_MESH_D003093_1,DB:DB00051,MESH:D000068879,MESH:D003093,UniProt:P01375,adalimumab,"Colitis, Ulcerative",Tumor necrosis factor,TNF,"['MESH:D000068879', 'UniProt:P01375', 'reactome:R-HSA-75893', 'GO:0006954', 'MESH:D003093']",5,4,1,['Drug - Protein - Pathway - BiologicalProcess - Disease'],['Drug - decreases activity of - Protein - participates in - Pathway - positively regulates - BiologicalProcess - causes - Disease'],"What gene is most mechanistically related to the indication of Drug adalimumab to Disease Colitis, Ulcerative?"
335,DB00107_MESH_D006473_1,DB:DB00107,MESH:D010121,MESH:D006473,UniProt:P30559,oxytocin,Postpartum hemorrhage,oxytocin receptors,OXTR,"['MESH:D010121', 'UniProt:P30559', 'GO:0004990', 'GO:0070509', 'GO:0004687', 'GO:0070471', 'MESH:D006473']",7,6,1,['Drug - Protein - MolecularActivity - BiologicalProcess - Disease'],['Drug - increases activity of - Protein - participates in - MolecularActivity - positively regulates - BiologicalProcess - negatively correlated with - Disease'],What gene is most mechanistically related to the indication of Drug oxytocin to Disease Postpartum hemorrhage?
338,DB01091_MESH_D014008_1,DB:DB01091,MESH:C067594,MESH:D014008,UniProt:Q14534,butenafine,Tinea Pedis,Squalene monooxygenase,SQLE,"['MESH:C067594', 'UniProt:Q14534', 'GO:0006696', 'MESH:D004875', 'GO:0042546', 'taxonomy:4751', 'MESH:D014008']",7,6,1,['Drug - Protein - BiologicalProcess - OrganismTaxon - Disease'],['Drug - decreases activity of - Protein - positively regulates - BiologicalProcess - occurs in - OrganismTaxon - causes - Disease'],What gene is most mechanistically related to the indication of Drug butenafine to Disease Tinea Pedis?
339,DB01091_MESH_D014010_1,DB:DB01091,MESH:C067594,MESH:D014010,UniProt:Q14534,butenafine,Tinea Versicolor,Squalene monooxygenase,SQLE,"['MESH:C067594', 'UniProt:Q14534', 'GO:0006696', 'MESH:D004875', 'GO:0042546', 'taxonomy:76773', 'MESH:D014010']",7,6,1,['Drug - Protein - BiologicalProcess - OrganismTaxon - Disease'],['Drug - decreases activity of - Protein - positively regulates - BiologicalProcess - occurs in - OrganismTaxon - causes - Disease'],What gene is most mechanistically related to the indication of Drug butenafine to Disease Tinea Versicolor?
350,DB11362_MESH_D000081029_1,DB:DB11362,MESH:C523468,MESH:D000081029,UniProt:P43119,selexipag,Pulmonary arterial hypertension,Prostacyclin receptor,PTGIR,"['MESH:C523468', 'UniProt:P43119', 'GO:0016501', 'GO:0042311', 'GO:0008217', 'MESH:D000081029']",6,5,1,['Drug - Protein - MolecularActivity - BiologicalProcess - Disease'],['Drug - increases activity of - Protein - participates in - MolecularActivity - positively regulates - BiologicalProcess - positively correlated with - Disease'],What gene is most mechanistically related to the indication of Drug selexipag to Disease Pulmonary arterial hypertension?
352,DB12523_MESH_D065631_1,DB:DB12523,MESH:C076170,MESH:D065631,UniProt:P35367,mizolastine,Allergic rhinitis,Histamine H1 receptor,HRH1,"['MESH:C076170', 'UniProt:P35367', 'GO:0004969', 'GO:0002441', 'MESH:D065631']",5,4,1,['Drug - Protein - MolecularActivity - BiologicalProcess - Disease'],['Drug - decreases activity of - Protein - positively regulates - MolecularActivity - participates in - BiologicalProcess - positively correlated with - Disease'],What gene is most mechanistically related to the indication of Drug mizolastine to Disease Allergic rhinitis?
354,DB12523_MESH_D012221_1,DB:DB12523,MESH:C076170,MESH:D012221,UniProt:P35367,mizolastine,"Rhinitis, Allergic, Perennial",Histamine H1 receptor,HRH1,"['MESH:C076170', 'UniProt:P35367', 'GO:0004969', 'GO:0002441', 'MESH:D012221']",5,4,1,['Drug - Protein - MolecularActivity - BiologicalProcess - Disease'],['Drug - decreases activity of - Protein - positively regulates - MolecularActivity - participates in - BiologicalProcess - positively correlated with - Disease'],"What gene is most mechanistically related to the indication of Drug mizolastine to Disease Rhinitis, Allergic, Perennial?"
358,DB05812_MESH_D011471_4,DB:DB05812,MESH:D000069501,MESH:D011471,UniProt:P10275,abiraterone acetate,Malignant tumor of prostate,Androgen receptor,AR,"['MESH:D000069501', 'UniProt:P10275', 'GO:0060767', 'MESH:D011471']",4,3,1,['Drug - Protein - BiologicalProcess - Disease'],['Drug - decreases activity of - Protein - positively regulates - BiologicalProcess - positively correlated with - Disease'],What gene is most mechanistically related to the indication of Drug abiraterone acetate to Disease Malignant tumor of prostate?
362,DB00198_MESH_D007251_1,DB:DB00198,DB:DB00198,MESH:D007251,UniProt:P11485,Oseltamivir,"Influenza, Human",Neuraminidase,N/A,"['DB:DB00198', 'UniProt:P11485', 'GO:0004308', 'GO:0140374', 'taxonomy:380985', 'MESH:D007251']",6,5,1,['Drug - Protein - BiologicalProcess - OrganismTaxon - Disease'],['Drug - negatively regulates - Protein - positively regulates - BiologicalProcess - in taxon - OrganismTaxon - causes - Disease'],"What gene is most mechanistically related to the indication of Drug Oseltamivir to Disease Influenza, Human?"
363,DB00285_MESH_D016584_1,DB:DB00285,MESH:D000069470,MESH:D016584,UniProt:P31645,venlafaxine,Panic Disorder,Sodium-dependent serotonin transporter,SLC6A4,"['MESH:D000069470', 'UniProt:P31645', 'GO:0051610', 'MESH:D016584']",4,3,1,['Drug - Protein - BiologicalProcess - Disease'],['Drug - negatively regulates - Protein - positively regulates - BiologicalProcess - positively correlated with - Disease'],What gene is most mechanistically related to the indication of Drug venlafaxine to Disease Panic Disorder?
364,DB00285_MESH_D016584_2,DB:DB00285,MESH:D000069470,MESH:D016584,UniProt:P23975,venlafaxine,Panic Disorder,Sodium-dependent noradrenaline transporter,SLC6A2,"['MESH:D000069470', 'UniProt:P23975', 'GO:0051620', 'MESH:D016584']",4,3,1,['Drug - Protein - BiologicalProcess - Disease'],['Drug - negatively regulates - Protein - positively regulates - BiologicalProcess - positively correlated with - Disease'],What gene is most mechanistically related to the indication of Drug venlafaxine to Disease Panic Disorder?
365,DB00285_MESH_D000072861_1,DB:DB00285,MESH:D000069470,MESH:D000072861,UniProt:P31645,venlafaxine,Social phobia,Sodium-dependent serotonin transporter,SLC6A4,"['MESH:D000069470', 'UniProt:P31645', 'GO:0051610', 'MESH:D000072861']",4,3,1,['Drug - Protein - BiologicalProcess - Disease'],['Drug - negatively regulates - Protein - positively regulates - BiologicalProcess - positively correlated with - Disease'],What gene is most mechanistically related to the indication of Drug venlafaxine to Disease Social phobia?
366,DB00285_MESH_D000072861_2,DB:DB00285,MESH:D000069470,MESH:D000072861,UniProt:P23975,venlafaxine,Social phobia,Sodium-dependent noradrenaline transporter,SLC6A2,"['MESH:D000069470', 'UniProt:P23975', 'GO:0051620', 'MESH:D000072861']",4,3,1,['Drug - Protein - BiologicalProcess - Disease'],['Drug - negatively regulates - Protein - positively regulates - BiologicalProcess - positively correlated with - Disease'],What gene is most mechanistically related to the indication of Drug venlafaxine to Disease Social phobia?
367,DB00285_MESH_D000072861_3,DB:DB00285,MESH:D000069470,MESH:D000072861,UniProt:Q01959,venlafaxine,Social phobia,Sodium-dependent dopamine transporter,SLC6A3,"['MESH:D000069470', 'UniProt:Q01959', 'GO:0090494', 'MESH:D000072861']",4,3,1,['Drug - Protein - BiologicalProcess - Disease'],['Drug - negatively regulates - Protein - positively regulates - BiologicalProcess - positively correlated with - Disease'],What gene is most mechanistically related to the indication of Drug venlafaxine to Disease Social phobia?
368,DB00285_MESH_D003865_1,DB:DB00285,MESH:D000069470,MESH:D003865,UniProt:P31645,venlafaxine,"Depressive Disorder, Major",Sodium-dependent serotonin transporter,SLC6A4,"['MESH:D000069470', 'UniProt:P31645', 'GO:0051610', 'MESH:D003865']",4,3,1,['Drug - Protein - BiologicalProcess - Disease'],['Drug - negatively regulates - Protein - positively regulates - BiologicalProcess - positively correlated with - Disease'],"What gene is most mechanistically related to the indication of Drug venlafaxine to Disease Depressive Disorder, Major?"
369,DB00285_MESH_D003865_2,DB:DB00285,MESH:D000069470,MESH:D003865,UniProt:P23975,venlafaxine,"Depressive Disorder, Major",Sodium-dependent noradrenaline transporter,SLC6A2,"['MESH:D000069470', 'UniProt:P23975', 'GO:0051620', 'MESH:D003865']",4,3,1,['Drug - Protein - BiologicalProcess - Disease'],['Drug - negatively regulates - Protein - positively regulates - BiologicalProcess - positively correlated with - Disease'],"What gene is most mechanistically related to the indication of Drug venlafaxine to Disease Depressive Disorder, Major?"
370,DB00285_MESH_D003865_3,DB:DB00285,MESH:D000069470,MESH:D003865,UniProt:Q01959,venlafaxine,"Depressive Disorder, Major",Sodium-dependent dopamine transporter,SLC6A3,"['MESH:D000069470', 'UniProt:Q01959', 'GO:0090494', 'MESH:D003865']",4,3,1,['Drug - Protein - BiologicalProcess - Disease'],['Drug - negatively regulates - Protein - positively regulates - BiologicalProcess - positively correlated with - Disease'],"What gene is most mechanistically related to the indication of Drug venlafaxine to Disease Depressive Disorder, Major?"
371,DB00543_MESH_D003866_1,DB:DB00543,MESH:D000657,MESH:D003866,UniProt:P31645,amoxapine,Depressive disorder,Sodium-dependent serotonin transporter,SLC6A4,"['MESH:D000657', 'UniProt:P31645', 'GO:0051610', 'MESH:D003866']",4,3,1,['Drug - Protein - BiologicalProcess - Disease'],['Drug - negatively regulates - Protein - positively regulates - BiologicalProcess - positively correlated with - Disease'],What gene is most mechanistically related to the indication of Drug amoxapine to Disease Depressive disorder?
372,DB00285_MESH_D003866_1,DB:DB00285,MESH:D000657,MESH:D003866,UniProt:P23975,amoxapine,Depressive disorder,Sodium-dependent noradrenaline transporter,SLC6A2,"['MESH:D000657', 'UniProt:P23975', 'GO:0051620', 'MESH:D003866']",4,3,1,['Drug - Protein - BiologicalProcess - Disease'],['Drug - negatively regulates - Protein - positively regulates - BiologicalProcess - positively correlated with - Disease'],What gene is most mechanistically related to the indication of Drug amoxapine to Disease Depressive disorder?
373,DB00543_MESH_D003866_2,DB:DB00543,MESH:D000657,MESH:D003866,UniProt:P21728,amoxapine,Depressive disorder,D(1A) dopamine receptor,DRD1,"['MESH:D000657', 'UniProt:P21728', 'GO:0051584', 'MESH:D003866']",4,3,1,['Drug - Protein - BiologicalProcess - Disease'],['Drug - decreases activity of - Protein - positively regulates - BiologicalProcess - positively correlated with - Disease'],What gene is most mechanistically related to the indication of Drug amoxapine to Disease Depressive disorder?
374,DB12248_MESH_D001249_1,DB:DB12248,MESH:C010809,MESH:D001249,UniProt:P07550,tulobuterol,Asthma,Beta-2 adrenergic receptor,ADRB2,"['MESH:C010809', 'UniProt:P07550', 'GO:0007190', 'GO:0006171', 'GO:0044557', 'MESH:D001249']",6,5,1,['Drug - Protein - BiologicalProcess - Disease'],['Drug - positively regulates - Protein - participates in - BiologicalProcess - negatively correlated with - Disease'],What gene is most mechanistically related to the indication of Drug tulobuterol to Disease Asthma?
375,DB12248_MESH_D011656_1,DB:DB12248,MESH:C010809,MESH:D011656,UniProt:P07550,tulobuterol,Pulmonary emphysema,Beta-2 adrenergic receptor,ADRB2,"['MESH:C010809', 'UniProt:P07550', 'GO:0007190', 'GO:0006171', 'GO:0044557', 'MESH:D011656']",6,5,1,['Drug - Protein - BiologicalProcess - Disease'],['Drug - positively regulates - Protein - participates in - BiologicalProcess - negatively correlated with - Disease'],What gene is most mechanistically related to the indication of Drug tulobuterol to Disease Pulmonary emphysema?
376,DB06817_MESH_D015658_1,DB:DB06817,MESH:D000068898,MESH:D015658,UniProt:Q7ZJM1,raltegravir,Human immunodeficiency virus infection,Integrase,N/A,"['MESH:D000068898', 'UniProt:Q7ZJM1', 'GO:0044823', 'taxonomy:11676', 'MESH:D015658']",5,4,1,['Drug - Protein - MolecularActivity - OrganismTaxon - Disease'],['Drug - negatively regulates - Protein - positively regulates - MolecularActivity - in taxon - OrganismTaxon - causes - Disease'],What gene is most mechanistically related to the indication of Drug raltegravir to Disease Human immunodeficiency virus infection?
387,DB13158_MESH_D004485_1,DB:DB13158,MESH:C010893,MESH:D004485,UniProt:P04150,clobetasone butyrate,Eczema,Glucocorticoid receptor,NR3C1,"['MESH:C010893', 'UniProt:P04150', 'MESH:D011453', 'GO:0050900', 'GO:0042311', 'MESH:D004485']",6,5,1,['Drug - Protein - ChemicalSubstance - BiologicalProcess - Disease'],['Drug - increases activity of - Protein - decreases abundance of - ChemicalSubstance - positively regulates - BiologicalProcess - contributes to - Disease'],What gene is most mechanistically related to the indication of Drug clobetasone butyrate to Disease Eczema?
388,DB13158_MESH_D003876_1,DB:DB13158,MESH:C010893,MESH:D003876,UniProt:P04150,clobetasone butyrate,Atopic dermatitis,Glucocorticoid receptor,NR3C1,"['MESH:C010893', 'UniProt:P04150', 'MESH:D011453', 'GO:0050900', 'GO:0042311', 'HP:0010783', 'HP:0000989', 'MESH:D003876']",8,8,1,['Drug - Protein - ChemicalSubstance - BiologicalProcess - PhenotypicFeature - Disease'],['Drug - increases activity of - Protein - decreases abundance of - ChemicalSubstance - positively regulates - BiologicalProcess - contributes to - PhenotypicFeature - manifestation of - Disease'],What gene is most mechanistically related to the indication of Drug clobetasone butyrate to Disease Atopic dermatitis?
394,DB00981_MESH_D005902_1,DB:DB00981,MESH:D010830,MESH:D005902,UniProt:P22303,Physostigmine,Open-angle glaucoma,Acetylcholinesterase,ACHE,"['MESH:D010830', 'UniProt:P22303', 'MESH:D000109', 'InterPro:IPR002394', 'HP:0007906', 'MESH:D005902']",6,5,1,['Drug - Protein - ChemicalSubstance - GeneFamily - PhenotypicFeature - Disease'],['Drug - decreases activity of - Protein - decreases abundance of - ChemicalSubstance - increases activity of - GeneFamily - negatively regulates - PhenotypicFeature - manifestation of - Disease'],What gene is most mechanistically related to the indication of Drug Physostigmine to Disease Open-angle glaucoma?
395,DB00981_MESH_D005902_2,DB:DB00981,MESH:D010830,MESH:D005902,UniProt:P22303,Physostigmine,Open-angle glaucoma,Acetylcholinesterase,ACHE,"['MESH:D010830', 'UniProt:P22303', 'MESH:D000109', 'InterPro:IPR000995', 'HP:0007906', 'MESH:D005902']",6,5,1,['Drug - Protein - ChemicalSubstance - GeneFamily - PhenotypicFeature - Disease'],['Drug - decreases activity of - Protein - decreases abundance of - ChemicalSubstance - increases activity of - GeneFamily - negatively regulates - PhenotypicFeature - manifestation of - Disease'],What gene is most mechanistically related to the indication of Drug Physostigmine to Disease Open-angle glaucoma?
397,DB01080_MESH_D013036_1,DB:DB01080,MESH:D020888,MESH:D013036,UniProt:P80404,Vigabatrin,West syndrome,"4-aminobutyrate aminotransferase, mitochondrial",ABAT,"['MESH:D020888', 'UniProt:P80404', 'GO:0009450', 'MESH:D005680', 'MESH:D013036']",5,4,1,['Drug - Protein - BiologicalProcess - ChemicalSubstance - Disease'],['Drug - decreases activity of - Protein - positively regulates - BiologicalProcess - decreases abundance of - ChemicalSubstance - negatively regulates - Disease'],What gene is most mechanistically related to the indication of Drug Vigabatrin to Disease West syndrome?
408,DB00383_MESH_D010437_1,DB:DB00383,MESH:C100201,MESH:D010437,UniProt:P20309,oxyphencyclimine,Peptic Ulcer,Muscarinic acetylcholine receptor M3,CHRM3,"['MESH:C100201', 'UniProt:P20309', 'GO:0001699', 'MESH:D005744', 'MESH:D010437']",5,4,1,['Drug - Protein - BiologicalProcess - ChemicalSubstance - Disease'],['Drug - decreases activity of - Protein - participates in - BiologicalProcess - increases abundance of - ChemicalSubstance - contributes to - Disease'],What gene is most mechanistically related to the indication of Drug oxyphencyclimine to Disease Peptic Ulcer?
409,DB00550_MESH_D006980_1,DB:DB00550,MESH:D011441,MESH:D006980,UniProt:P07202,propylthiouracil,Hyperthyroidism,Thyroid peroxidase,TPO,"['MESH:D011441', 'UniProt:P07202', 'GO:0006590', 'MESH:D006980']",4,3,1,['Drug - Protein - BiologicalProcess - Disease'],['Drug - decreases activity of - Protein - participates in - BiologicalProcess - positively correlated with - Disease'],What gene is most mechanistically related to the indication of Drug propylthiouracil to Disease Hyperthyroidism?
410,DB00550_MESH_D013958_1,DB:DB00550,MESH:D011441,MESH:D013958,UniProt:P07202,propylthiouracil,Thyrotoxic crisis,Thyroid peroxidase,TPO,"['MESH:D011441', 'UniProt:P07202', 'GO:0006590', 'MESH:D013958']",4,3,1,['Drug - Protein - BiologicalProcess - Disease'],['Drug - decreases activity of - Protein - participates in - BiologicalProcess - positively correlated with - Disease'],What gene is most mechanistically related to the indication of Drug propylthiouracil to Disease Thyrotoxic crisis?
422,DB01340_MESH_D006973_1,DB:DB01340,DB:DB01340,MESH:D006973,UniProt:P12821,cilazapril,Hypertension,Angiotensin-converting enzyme,ACE,"['DB:DB01340', 'UniProt:P12821', 'MESH:D000804', 'MESH:D014661', 'MESH:D006973']",5,4,1,['Drug - Protein - ChemicalSubstance - Disease'],['Drug - decreases activity of - Protein - increases abundance of - ChemicalSubstance - causes - Disease'],What gene is most mechanistically related to the indication of Drug cilazapril to Disease Hypertension?
423,DB06196_MESH_D054179_1,DB:DB06196,MESH:C065679,MESH:D054179,UniProt:P30411,icatibant,Hereditary angioneurotic edema,B2 bradykinin receptor,BDKRB2,"['MESH:C065679', 'UniProt:P30411', 'MESH:D001920', 'GO:0043117', 'HP:0000969', 'MESH:D054179']",6,5,1,['Drug - Protein - ChemicalSubstance - BiologicalProcess - PhenotypicFeature - Disease'],['Drug - decreases activity of - Protein - molecularly interacts with - ChemicalSubstance - contributes to - BiologicalProcess - has phenotype - PhenotypicFeature - manifestation of - Disease'],What gene is most mechanistically related to the indication of Drug icatibant to Disease Hereditary angioneurotic edema?
430,DB00999_MESH_D004487_1,DB:DB00999,MESH:D006852,MESH:D004487,UniProt:P55017,Hydrochlorothiazide,Edema,Solute carrier family 12 member 3,SLC12A3,"['MESH:D006852', 'UniProt:P55017', 'GO:0070294', 'GO:0003092', 'MESH:D004487']",5,4,1,['Drug - Protein - BiologicalProcess - Disease'],['Drug - decreases activity of - Protein - participates in - BiologicalProcess - contributes to - Disease'],What gene is most mechanistically related to the indication of Drug Hydrochlorothiazide to Disease Edema?
431,DB00999_MESH_D006973_1,DB:DB00999,MESH:D006852,MESH:D006973,UniProt:P55017,Hydrochlorothiazide,Hypertension,Solute carrier family 12 member 3,SLC12A3,"['MESH:D006852', 'UniProt:P55017', 'GO:0070294', 'GO:0003092', 'HP:0011104', 'GO:0045777', 'MESH:D006973']",7,6,1,['Drug - Protein - BiologicalProcess - Disease'],['Drug - decreases activity of - Protein - participates in - BiologicalProcess - affects risk for - Disease'],What gene is most mechanistically related to the indication of Drug Hydrochlorothiazide to Disease Hypertension?
432,DB01029_MESH_D006973_1,DB:DB01029,MESH:C081309,MESH:D006973,UniProt:P30556,Irbesartan,Hypertension,Type-1 angiotensin II receptor,AGTR1,"['MESH:C081309', 'UniProt:P30556', 'MESH:D000804', 'MESH:D014661', 'GO:0045777', 'MESH:D006973']",6,5,1,['Drug - Protein - ChemicalSubstance - Disease'],['Drug - decreases activity of - Protein - positively correlated with - ChemicalSubstance - causes - Disease'],What gene is most mechanistically related to the indication of Drug Irbesartan to Disease Hypertension?
433,DB01029_MESH_D003928_1,DB:DB01029,MESH:C081309,MESH:D003928,UniProt:P30556,Irbesartan,Diabetic renal disease,Type-1 angiotensin II receptor,AGTR1,"['MESH:C081309', 'UniProt:P30556', 'MESH:D000804', 'MESH:D014661', 'GO:0045777', 'MESH:D003928']",6,5,1,['Drug - Protein - ChemicalSubstance - Disease'],['Drug - decreases activity of - Protein - positively correlated with - ChemicalSubstance - causes - Disease'],What gene is most mechanistically related to the indication of Drug Irbesartan to Disease Diabetic renal disease?
434,DB04574_MESH_D059268_1,DB:DB04574,MESH:C009927,MESH:D059268,UniProt:P03372,Estrone sulphate,Atrophic Vaginitis,Estrogen receptor,ESR1,"['MESH:C009927', 'UniProt:P03372', 'MESH:D004967', 'MESH:D059268']",4,3,1,['Drug - Protein - ChemicalSubstance - Disease'],['Drug - increases activity of - Protein - positively correlated with - ChemicalSubstance - negatively correlated with - Disease'],What gene is most mechanistically related to the indication of Drug Estrone sulphate to Disease Atrophic Vaginitis?
435,DB06616_MESH_D001752_1,DB:DB06616,MESH:C471992,MESH:D001752,UniProt:A9UF02,Bosutinib,Blastic phase chronic myeloid leukemia,BCR/ABL protein-tyrosine kinase,N/A,"['MESH:C471992', 'UniProt:A9UF02', 'MESH:D001752']",3,2,1,['Drug - Protein - Disease'],['Drug - decreases activity of - Protein - causes - Disease'],What gene is most mechanistically related to the indication of Drug Bosutinib to Disease Blastic phase chronic myeloid leukemia?
454,DB00828_MESH_D014552_1,DB:DB00828,MESH:D005578,MESH:D014552,UniProt:P0A749,fosfomycin,Urinary Tract Infections,UDP-N-acetylglucosamine 1-carboxyvinyltransferase,N/A,"['MESH:D005578', 'UniProt:P0A749', 'GO:0019277', 'GO:0009274', 'taxonomy:562', 'MESH:D014552']",6,5,1,['Drug - Protein - BiologicalProcess - CellularComponent - OrganismTaxon - Disease'],['Drug - negatively regulates - Protein - positively regulates - BiologicalProcess - part of - CellularComponent - in taxon - OrganismTaxon - causes - Disease'],What gene is most mechanistically related to the indication of Drug fosfomycin to Disease Urinary Tract Infections?
455,DB00494_MESH_D010300_1,DB:DB00494,MESH:C071192,MESH:D010300,UniProt:P21964,entacapone,Parkinson's disease,Catechol O-methyltransferase,COMT,"['MESH:C071192', 'UniProt:P21964', 'GO:0102084', 'CHEBI:15765', 'GO:0001963', 'MESH:D010300']",6,5,1,['Drug - Protein - MolecularActivity - ChemicalSubstance - BiologicalProcess - Disease'],['Drug - negatively regulates - Protein - positively regulates - MolecularActivity - decreases abundance of - ChemicalSubstance - positively correlated with - BiologicalProcess - negatively correlated with - Disease'],What gene is most mechanistically related to the indication of Drug entacapone to Disease Parkinson's disease?
456,DB00136_MESH_D017674_1,DB:DB00136,MESH:D002117,MESH:D017674,UniProt:P11473,calcitriol,Hypophosphatemia,Vitamin D3 receptor,VDR,"['MESH:D002117', 'UniProt:P11473', 'GO:0060558', 'GO:0055074', 'GO:0055062', 'MESH:D017674']",6,5,1,['Drug - Protein - BiologicalProcess - Disease'],['Drug - increases activity of - Protein - positively regulates - BiologicalProcess - negatively correlated with - Disease'],What gene is most mechanistically related to the indication of Drug calcitriol to Disease Hypophosphatemia?
457,DB00136_MESH_D006996_1,DB:DB00136,MESH:D002117,MESH:D006996,UniProt:P11473,calcitriol,Hypocalcemia,Vitamin D3 receptor,VDR,"['MESH:D002117', 'UniProt:P11473', 'GO:0060558', 'GO:0055074', 'MESH:D006996']",5,4,1,['Drug - Protein - BiologicalProcess - Disease'],['Drug - increases activity of - Protein - positively regulates - BiologicalProcess - negatively correlated with - Disease'],What gene is most mechanistically related to the indication of Drug calcitriol to Disease Hypocalcemia?
458,DB00136_MESH_D007011_1,DB:DB00136,MESH:D002117,MESH:D007011,UniProt:P11473,calcitriol,Hypoparathyroidism,Vitamin D3 receptor,VDR,"['MESH:D002117', 'UniProt:P11473', 'GO:0060558', 'GO:0055074', 'HP:0004363', 'MESH:D007011']",6,5,1,['Drug - Protein - BiologicalProcess - PhenotypicFeature - Disease'],['Drug - increases activity of - Protein - positively regulates - BiologicalProcess - negatively correlated with - PhenotypicFeature - positively correlated with - Disease'],What gene is most mechanistically related to the indication of Drug calcitriol to Disease Hypoparathyroidism?
459,DB00136_MESH_D012080_1,DB:DB00136,MESH:D002117,MESH:D012080,UniProt:P11473,calcitriol,Renal osteodystrophy,Vitamin D3 receptor,VDR,"['MESH:D002117', 'UniProt:P11473', 'GO:0060558', 'GO:0055074', 'HP:0004363', 'MESH:D012080']",6,5,1,['Drug - Protein - BiologicalProcess - PhenotypicFeature - Disease'],['Drug - increases activity of - Protein - positively regulates - BiologicalProcess - negatively correlated with - PhenotypicFeature - positively correlated with - Disease'],What gene is most mechanistically related to the indication of Drug calcitriol to Disease Renal osteodystrophy?
460,DB00165_MESH_D026681_1,DB:DB00165,MESH:D011736,MESH:D026681,UniProt:O00764,pyridoxine,Vitamin B6 deficiency,Pyridoxal kinase,PDXK,"['MESH:D011736', 'UniProt:O00764', 'GO:0008478', 'CHEBI:18405', 'MESH:D026681']",5,4,1,['Drug - Protein - MolecularActivity - ChemicalSubstance - Disease'],['Drug - interacts with - Protein - positively regulates - MolecularActivity - positively correlated with - ChemicalSubstance - negatively correlated with - Disease'],What gene is most mechanistically related to the indication of Drug pyridoxine to Disease Vitamin B6 deficiency?
464,DB00411_MESH_D005902_2,DB:DB00411,MESH:D002217,MESH:D005902,UniProt:Q15822,carbachol,Open-angle glaucoma,Neuronal acetylcholine receptor subunit alpha-2,CHRNA2,"['MESH:D002217', 'UniProt:Q15822', 'GO:0022848', 'GO:0031594', 'HP:0000616', 'HP:0007906', 'MESH:D005902']",7,6,1,['Drug - Protein - MolecularActivity - CellularComponent - PhenotypicFeature - Disease'],['Drug - increases activity of - Protein - positively regulates - MolecularActivity - located in - CellularComponent - positively correlated with - PhenotypicFeature - positively correlated with - Disease'],What gene is most mechanistically related to the indication of Drug carbachol to Disease Open-angle glaucoma?
467,DB04930_MESH_D012532_1,DB:DB04930,MESH:D026023,MESH:D012532,UniProt:Q2VKV7,permethrin,Infestation by Sarcoptes scabiei var hominis,Sodium channel protein,N/A,"['MESH:D026023', 'UniProt:Q2VKV7', 'GO:1902305', 'GO:0086009', 'MESH:D001369', 'taxonomy:52283', 'MESH:D012532']",7,6,1,['Drug - Protein - BiologicalProcess - Cell - OrganismTaxon - Disease'],['Drug - disrupts - Protein - positively regulates - BiologicalProcess - occurs in - Cell - in taxon - OrganismTaxon - causes - Disease'],What gene is most mechanistically related to the indication of Drug permethrin to Disease Infestation by Sarcoptes scabiei var hominis?
469,DB06237_MESH_D007172_1,DB:DB06237,MESH:C553414,MESH:D007172,UniProt:O76074,avanafil,Impotence,"cGMP-specific 3',5'-cyclic phosphodiesterase",PDE5A,"['MESH:C553414', 'UniProt:O76074', 'GO:0046069', 'MESH:D006152', 'GO:0044557', 'GO:0008015', 'MESH:D007172']",7,6,1,['Drug - Protein - BiologicalProcess - Disease'],['Drug - decreases activity of - Protein - positively regulates - BiologicalProcess - negatively correlated with - Disease'],What gene is most mechanistically related to the indication of Drug avanafil to Disease Impotence?
481,DB11574_MESH_D019698_1,DB:DB11574,MESH:C000589335,MESH:D019698,UniProt:Q5L478,elbasvir,Chronic hepatitis C,Nonstructural protein 5A,N/A,"['MESH:C000589335', 'UniProt:Q5L478', 'GO:0019079', 'taxonomy:11103', 'MESH:D019698']",5,4,1,['Drug - Protein - BiologicalProcess - OrganismTaxon - Disease'],['Drug - decreases activity of - Protein - positively regulates - BiologicalProcess - in taxon - OrganismTaxon - causes - Disease'],What gene is most mechanistically related to the indication of Drug elbasvir to Disease Chronic hepatitis C?
482,DB11574_MESH_D019698_2,DB:DB11574,MESH:C000589335,MESH:D019698,UniProt:Q5L478,elbasvir,Chronic hepatitis C,Nonstructural protein 5A,N/A,"['MESH:C000589335', 'UniProt:Q5L478', 'GO:0019068', 'taxonomy:11103', 'MESH:D019698']",5,4,1,['Drug - Protein - BiologicalProcess - OrganismTaxon - Disease'],['Drug - decreases activity of - Protein - positively regulates - BiologicalProcess - in taxon - OrganismTaxon - causes - Disease'],What gene is most mechanistically related to the indication of Drug elbasvir to Disease Chronic hepatitis C?
485,DB09078_MESH_D000077273_3,DB:DB09078,MESH:C531958,MESH:D000077273,UniProt:P16234,lenvatinib,"Thyroid Cancer, Papillary",Platelet-derived growth factor receptor alpha,PDGFRA,"['MESH:C531958', 'UniProt:P16234', 'GO:0008283', 'CL:0001064', 'MESH:D000077273']",5,4,1,['Drug - Protein - BiologicalProcess - Cell - Disease'],['Drug - decreases activity of - Protein - positively regulates - BiologicalProcess - occurs in - Cell - participates in - Disease'],"What gene is most mechanistically related to the indication of Drug lenvatinib to Disease Thyroid Cancer, Papillary?"
486,DB09078_MESH_D000077273_4,DB:DB09078,MESH:C531958,MESH:D000077273,UniProt:P10721,lenvatinib,"Thyroid Cancer, Papillary",Mast/stem cell growth factor receptor Kit,KIT,"['MESH:C531958', 'UniProt:P10721', 'GO:0008283', 'CL:0001064', 'MESH:D000077273']",5,4,1,['Drug - Protein - BiologicalProcess - Cell - Disease'],['Drug - decreases activity of - Protein - positively regulates - BiologicalProcess - occurs in - Cell - participates in - Disease'],"What gene is most mechanistically related to the indication of Drug lenvatinib to Disease Thyroid Cancer, Papillary?"
487,DB09078_MESH_D000077273_5,DB:DB09078,MESH:C531958,MESH:D000077273,UniProt:P07949,lenvatinib,"Thyroid Cancer, Papillary",Proto-oncogene tyrosine-protein kinase receptor Ret,RET,"['MESH:C531958', 'UniProt:P07949', 'GO:0008283', 'CL:0001064', 'MESH:D000077273']",5,4,1,['Drug - Protein - BiologicalProcess - Cell - Disease'],['Drug - decreases activity of - Protein - positively regulates - BiologicalProcess - occurs in - Cell - participates in - Disease'],"What gene is most mechanistically related to the indication of Drug lenvatinib to Disease Thyroid Cancer, Papillary?"
490,DB09078_MESH_D018263_3,DB:DB09078,MESH:C531958,MESH:D018263,UniProt:P16234,lenvatinib,"Adenocarcinoma, Follicular",Platelet-derived growth factor receptor alpha,PDGFRA,"['MESH:C531958', 'UniProt:P16234', 'GO:0008283', 'CL:0001064', 'MESH:D018263']",5,4,1,['Drug - Protein - BiologicalProcess - Cell - Disease'],['Drug - decreases activity of - Protein - positively regulates - BiologicalProcess - occurs in - Cell - participates in - Disease'],"What gene is most mechanistically related to the indication of Drug lenvatinib to Disease Adenocarcinoma, Follicular?"
491,DB09078_MESH_D018263_4,DB:DB09078,MESH:C531958,MESH:D018263,UniProt:P10721,lenvatinib,"Adenocarcinoma, Follicular",Mast/stem cell growth factor receptor Kit,KIT,"['MESH:C531958', 'UniProt:P10721', 'GO:0008283', 'CL:0001064', 'MESH:D018263']",5,4,1,['Drug - Protein - BiologicalProcess - Cell - Disease'],['Drug - decreases activity of - Protein - positively regulates - BiologicalProcess - occurs in - Cell - participates in - Disease'],"What gene is most mechanistically related to the indication of Drug lenvatinib to Disease Adenocarcinoma, Follicular?"
492,DB09078_MESH_D018263_5,DB:DB09078,MESH:C531958,MESH:D018263,UniProt:P07949,lenvatinib,"Adenocarcinoma, Follicular",Proto-oncogene tyrosine-protein kinase receptor Ret,RET,"['MESH:C531958', 'UniProt:P07949', 'GO:0008283', 'CL:0001064', 'MESH:D018263']",5,4,1,['Drug - Protein - BiologicalProcess - Cell - Disease'],['Drug - decreases activity of - Protein - positively regulates - BiologicalProcess - occurs in - Cell - participates in - Disease'],"What gene is most mechanistically related to the indication of Drug lenvatinib to Disease Adenocarcinoma, Follicular?"
495,DB09078_MESH_D002292_3,DB:DB09078,MESH:C531958,MESH:D002292,UniProt:P16234,lenvatinib,Renal cell carcinoma,Platelet-derived growth factor receptor alpha,PDGFRA,"['MESH:C531958', 'UniProt:P16234', 'GO:0008283', 'CL:0001064', 'MESH:D002292']",5,4,1,['Drug - Protein - BiologicalProcess - Cell - Disease'],['Drug - decreases activity of - Protein - positively regulates - BiologicalProcess - occurs in - Cell - participates in - Disease'],What gene is most mechanistically related to the indication of Drug lenvatinib to Disease Renal cell carcinoma?
496,DB09078_MESH_D002292_4,DB:DB09078,MESH:C531958,MESH:D002292,UniProt:P10721,lenvatinib,Renal cell carcinoma,Mast/stem cell growth factor receptor Kit,KIT,"['MESH:C531958', 'UniProt:P10721', 'GO:0008283', 'CL:0001064', 'MESH:D002292']",5,4,1,['Drug - Protein - BiologicalProcess - Cell - Disease'],['Drug - decreases activity of - Protein - positively regulates - BiologicalProcess - occurs in - Cell - participates in - Disease'],What gene is most mechanistically related to the indication of Drug lenvatinib to Disease Renal cell carcinoma?
497,DB09078_MESH_D002292_5,DB:DB09078,MESH:C531958,MESH:D002292,UniProt:P07949,lenvatinib,Renal cell carcinoma,Proto-oncogene tyrosine-protein kinase receptor Ret,RET,"['MESH:C531958', 'UniProt:P07949', 'GO:0008283', 'CL:0001064', 'MESH:D002292']",5,4,1,['Drug - Protein - BiologicalProcess - Cell - Disease'],['Drug - decreases activity of - Protein - positively regulates - BiologicalProcess - occurs in - Cell - participates in - Disease'],What gene is most mechanistically related to the indication of Drug lenvatinib to Disease Renal cell carcinoma?
498,DB06655_MESH_D003924_1,DB:DB06655,MESH:D000069450,MESH:D003924,UniProt:P43220,Liraglutide,"Diabetes Mellitus, Type 2",Glucagon-like peptide 1 receptor,GLP1R,"['MESH:D000069450', 'UniProt:P43220', 'MESH:D000242', 'GO:0035773', 'GO:0070091', 'MESH:D001786', 'HP:0003074', 'MESH:D003924']",8,7,1,['Drug - Protein - ChemicalSubstance - PhenotypicFeature - Disease'],['Drug - increases activity of - Protein - increases abundance of - ChemicalSubstance - positively correlated with - PhenotypicFeature - manifestation of - Disease'],"What gene is most mechanistically related to the indication of Drug Liraglutide to Disease Diabetes Mellitus, Type 2?"
500,DB11750_MESH_D003876_2,DB:DB11750,MESH:D002990,MESH:D003876,UniProt:P04150,Clobetasol,Atopic dermatitis,Glucocorticoid receptor,NR3C1,"['MESH:D002990', 'UniProt:P04150', 'MESH:D016753', 'InterPro:IPR000451', 'GO:0006954', 'HP:0011123', 'MESH:D003876']",7,6,1,['Drug - Protein - ChemicalSubstance - GeneFamily - BiologicalProcess - PhenotypicFeature - Disease'],['Drug - increases activity of - Protein - increases activity of - ChemicalSubstance - negatively regulates - GeneFamily - positively regulates - BiologicalProcess - positively correlated with - PhenotypicFeature - contributes to - Disease'],What gene is most mechanistically related to the indication of Drug Clobetasol to Disease Atopic dermatitis?
502,DB11750_MESH_D003877_2,DB:DB11750,MESH:D002990,MESH:D003877,UniProt:P04150,Clobetasol,Contact dermatitis,Glucocorticoid receptor,NR3C1,"['MESH:D002990', 'UniProt:P04150', 'MESH:D016753', 'InterPro:IPR000451', 'GO:0006954', 'HP:0011123', 'MESH:D003877']",7,6,1,['Drug - Protein - ChemicalSubstance - GeneFamily - BiologicalProcess - PhenotypicFeature - Disease'],['Drug - increases activity of - Protein - increases activity of - ChemicalSubstance - negatively regulates - GeneFamily - positively regulates - BiologicalProcess - positively correlated with - PhenotypicFeature - contributes to - Disease'],What gene is most mechanistically related to the indication of Drug Clobetasol to Disease Contact dermatitis?
504,DB11750_MESH_D012628_2,DB:DB11750,MESH:D002990,MESH:D012628,UniProt:P04150,Clobetasol,Seborrheic dermatitis,Glucocorticoid receptor,NR3C1,"['MESH:D002990', 'UniProt:P04150', 'MESH:D016753', 'InterPro:IPR000451', 'GO:0006954', 'HP:0011123', 'MESH:D012628']",7,6,1,['Drug - Protein - ChemicalSubstance - GeneFamily - BiologicalProcess - PhenotypicFeature - Disease'],['Drug - increases activity of - Protein - increases activity of - ChemicalSubstance - negatively regulates - GeneFamily - positively regulates - BiologicalProcess - positively correlated with - PhenotypicFeature - contributes to - Disease'],What gene is most mechanistically related to the indication of Drug Clobetasol to Disease Seborrheic dermatitis?
506,DB11750_MESH_D012536_2,DB:DB11750,MESH:D002990,MESH:D012536,UniProt:P04150,Clobetasol,Scalp Dermatoses,Glucocorticoid receptor,NR3C1,"['MESH:D002990', 'UniProt:P04150', 'MESH:D016753', 'InterPro:IPR000451', 'GO:0006954', 'HP:0011123', 'MESH:D012536']",7,6,1,['Drug - Protein - ChemicalSubstance - GeneFamily - BiologicalProcess - PhenotypicFeature - Disease'],['Drug - increases activity of - Protein - increases activity of - ChemicalSubstance - negatively regulates - GeneFamily - positively regulates - BiologicalProcess - positively correlated with - PhenotypicFeature - contributes to - Disease'],What gene is most mechanistically related to the indication of Drug Clobetasol to Disease Scalp Dermatoses?
507,DB08865_MESH_D002289_1,DB:DB08865,MESH:D000077547,MESH:D002289,UniProt:Q9UM73,Crizotinib,Non-small cell lung cancer,ALK tyrosine kinase receptor,ALK,"['MESH:D000077547', 'UniProt:Q9UM73', 'GO:0008283', 'MESH:D002289']",4,3,1,['Drug - Protein - BiologicalProcess - Disease'],['Drug - decreases activity of - Protein - positively regulates - BiologicalProcess - contributes to - Disease'],What gene is most mechanistically related to the indication of Drug Crizotinib to Disease Non-small cell lung cancer?
508,DB08865_MESH_D002289_2,DB:DB08865,MESH:D000077547,MESH:D002289,UniProt:P08922,Crizotinib,Non-small cell lung cancer,Proto-oncogene tyrosine-protein kinase ROS,ROS1,"['MESH:D000077547', 'UniProt:P08922', 'GO:0008283', 'MESH:D002289']",4,3,1,['Drug - Protein - BiologicalProcess - Disease'],['Drug - decreases activity of - Protein - positively regulates - BiologicalProcess - contributes to - Disease'],What gene is most mechanistically related to the indication of Drug Crizotinib to Disease Non-small cell lung cancer?
509,DB00508_MESH_D011618_1,DB:DB00508,MESH:D014273,MESH:D011618,UniProt:P21728,Triflupromazine,Psychotic Disorders,D(1A) dopamine receptor,DRD1,"['MESH:D014273', 'UniProt:P21728', 'MESH:D004298', 'HP:0000738', 'HP:0000746', 'MESH:D011618']",6,6,1,['Drug - Protein - ChemicalSubstance - PhenotypicFeature - Disease'],['Drug - decreases activity of - Protein - positively correlated with - ChemicalSubstance - contributes to - PhenotypicFeature - manifestation of - Disease'],What gene is most mechanistically related to the indication of Drug Triflupromazine to Disease Psychotic Disorders?
510,DB00508_MESH_D011618_2,DB:DB00508,MESH:D014273,MESH:D011618,UniProt:P14416,Triflupromazine,Psychotic Disorders,D(2) dopamine receptor,DRD2,"['MESH:D014273', 'UniProt:P14416', 'MESH:D004298', 'HP:0000738', 'HP:0000746', 'MESH:D011618']",6,6,1,['Drug - Protein - ChemicalSubstance - PhenotypicFeature - Disease'],['Drug - decreases activity of - Protein - positively correlated with - ChemicalSubstance - contributes to - PhenotypicFeature - manifestation of - Disease'],What gene is most mechanistically related to the indication of Drug Triflupromazine to Disease Psychotic Disorders?
511,DB00508_MESH_D011618_3,DB:DB00508,MESH:D014273,MESH:D011618,UniProt:P11229,Triflupromazine,Psychotic Disorders,Muscarinic acetylcholine receptor M1,CHRM1,"['MESH:D014273', 'UniProt:P11229', 'GO:0007213', 'MESH:D000109', 'HP:0100753', 'MESH:D011618']",6,5,1,['Drug - Protein - BiologicalProcess - ChemicalSubstance - PhenotypicFeature - Disease'],['Drug - decreases activity of - Protein - positively regulates - BiologicalProcess - positively correlated with - ChemicalSubstance - contributes to - PhenotypicFeature - positively correlated with - Disease'],What gene is most mechanistically related to the indication of Drug Triflupromazine to Disease Psychotic Disorders?
512,DB00508_MESH_D011618_4,DB:DB00508,MESH:D014273,MESH:D011618,UniProt:P08172,Triflupromazine,Psychotic Disorders,Muscarinic acetylcholine receptor M2,CHRM2,"['MESH:D014273', 'UniProt:P08172', 'GO:0007213', 'MESH:D000109', 'HP:0100753', 'MESH:D011618']",6,5,1,['Drug - Protein - BiologicalProcess - ChemicalSubstance - PhenotypicFeature - Disease'],['Drug - decreases activity of - Protein - positively regulates - BiologicalProcess - positively correlated with - ChemicalSubstance - contributes to - PhenotypicFeature - positively correlated with - Disease'],What gene is most mechanistically related to the indication of Drug Triflupromazine to Disease Psychotic Disorders?
513,DB00508_MESH_D011618_5,DB:DB00508,MESH:D014273,MESH:D011618,UniProt:P41595,Triflupromazine,Psychotic Disorders,5-hydroxytryptamine receptor 2B,HTR2B,"['MESH:D014273', 'UniProt:P41595', 'GO:0001820', 'MESH:D012701', 'HP:0000738', 'HP:0000746', 'MESH:D011618']",7,7,1,['Drug - Protein - BiologicalProcess - ChemicalSubstance - PhenotypicFeature - Disease'],['Drug - decreases activity of - Protein - positively regulates - BiologicalProcess - positively correlated with - ChemicalSubstance - contributes to - PhenotypicFeature - manifestation of - Disease'],What gene is most mechanistically related to the indication of Drug Triflupromazine to Disease Psychotic Disorders?
514,DB00508_MESH_D014839_1,DB:DB00508,MESH:D014273,MESH:D014839,UniProt:P14416,Triflupromazine,Vomiting,D(2) dopamine receptor,DRD2,"['MESH:D014273', 'UniProt:P14416', 'MESH:D004298', 'MESH:D014839']",4,3,1,['Drug - Protein - ChemicalSubstance - Disease'],['Drug - decreases activity of - Protein - positively correlated with - ChemicalSubstance - positively correlated with - Disease'],What gene is most mechanistically related to the indication of Drug Triflupromazine to Disease Vomiting?
515,DB00508_MESH_D009325_1,DB:DB00508,MESH:D014273,MESH:D009325,UniProt:P14416,Triflupromazine,Nausea,D(2) dopamine receptor,DRD2,"['MESH:D014273', 'UniProt:P14416', 'MESH:D004298', 'MESH:D009325']",4,3,1,['Drug - Protein - ChemicalSubstance - Disease'],['Drug - decreases activity of - Protein - positively correlated with - ChemicalSubstance - positively correlated with - Disease'],What gene is most mechanistically related to the indication of Drug Triflupromazine to Disease Nausea?
518,DB00921_MESH_D059350_1,DB:DB00921,MESH:D002047,MESH:D059350,UniProt:P35372,Buprenorphine,Chronic Pain,Mu-type opioid receptor,OPRM1,"['MESH:D002047', 'UniProt:P35372', 'reactome:R-HSA-418594', 'MESH:D013373', 'GO:0019233', 'HP:0012531', 'MESH:D059350']",7,6,1,['Drug - Protein - Pathway - ChemicalSubstance - BiologicalProcess - PhenotypicFeature - Disease'],['Drug - increases activity of - Protein - participates in - Pathway - decreases abundance of - ChemicalSubstance - positively correlated with - BiologicalProcess - positively correlated with - PhenotypicFeature - positively correlated with - Disease'],What gene is most mechanistically related to the indication of Drug Buprenorphine to Disease Chronic Pain?
519,DB00921_MESH_D059350_2,DB:DB00921,MESH:D002047,MESH:D059350,UniProt:P41145,Buprenorphine,Chronic Pain,Kappa-type opioid receptor,OPRK1,"['MESH:D002047', 'UniProt:P41145', 'GO:0019233', 'HP:0012531', 'MESH:D059350']",5,4,1,['Drug - Protein - BiologicalProcess - PhenotypicFeature - Disease'],['Drug - decreases activity of - Protein - regulates - BiologicalProcess - positively correlated with - PhenotypicFeature - positively correlated with - Disease'],What gene is most mechanistically related to the indication of Drug Buprenorphine to Disease Chronic Pain?
520,DB00921_MESH_D009293_1,DB:DB00921,MESH:D002047,MESH:D009293,UniProt:P35372,Buprenorphine,Opioid dependence,Mu-type opioid receptor,OPRM1,"['MESH:D002047', 'UniProt:P35372', 'reactome:R-HSA-418594', 'MESH:D013373', 'GO:0019233', 'HP:0012531', 'MESH:D009293']",7,6,1,['Drug - Protein - Pathway - ChemicalSubstance - BiologicalProcess - PhenotypicFeature - Disease'],['Drug - increases activity of - Protein - participates in - Pathway - decreases abundance of - ChemicalSubstance - positively correlated with - BiologicalProcess - positively correlated with - PhenotypicFeature - positively correlated with - Disease'],What gene is most mechanistically related to the indication of Drug Buprenorphine to Disease Opioid dependence?
521,DB00921_MESH_D009293_2,DB:DB00921,MESH:D002047,MESH:D009293,UniProt:P41145,Buprenorphine,Opioid dependence,Kappa-type opioid receptor,OPRK1,"['MESH:D002047', 'UniProt:P41145', 'HP:0000716', 'HP:0033511', 'MESH:D009293']",5,5,1,['Drug - Protein - PhenotypicFeature - Disease'],['Drug - decreases activity of - Protein - positively correlated with - PhenotypicFeature - positively correlated with - Disease'],What gene is most mechanistically related to the indication of Drug Buprenorphine to Disease Opioid dependence?
523,DB01167_MESH_D006660_1,DB:DB01167,MESH:D017964,MESH:D006660,UniProt:Q68HC5,Itraconazole,Histoplasmosis,Lanosterol 14-alpha-demethylase,N/A,"['MESH:D017964', 'UniProt:Q68HC5', 'MESH:D004875', 'GO:0005886', 'taxonomy:5037', 'MESH:D006660']",6,5,1,['Drug - Protein - ChemicalSubstance - BiologicalProcess - OrganismTaxon - Disease'],['Drug - decreases activity of - Protein - increases abundance of - ChemicalSubstance - positively correlated with - BiologicalProcess - in taxon - OrganismTaxon - causes - Disease'],What gene is most mechanistically related to the indication of Drug Itraconazole to Disease Histoplasmosis?
524,DB01167_MESH_D001759_1,DB:DB01167,MESH:D017964,MESH:D001759,UniProt:P50859,Itraconazole,Blastomycosis,Lanosterol 14-alpha-demethylase,N/A,"['MESH:D017964', 'UniProt:P50859', 'MESH:D004875', 'GO:0005886', 'taxonomy:5039', 'MESH:D001759']",6,5,1,['Drug - Protein - ChemicalSubstance - BiologicalProcess - OrganismTaxon - Disease'],['Drug - decreases activity of - Protein - increases abundance of - ChemicalSubstance - positively correlated with - BiologicalProcess - in taxon - OrganismTaxon - causes - Disease'],What gene is most mechanistically related to the indication of Drug Itraconazole to Disease Blastomycosis?
525,DB01167_MESH_D055744_1,DB:DB01167,MESH:D017964,MESH:D055744,UniProt:B8N2C8,Itraconazole,Invasive Pulmonary Aspergillosis,Lanosterol 14-alpha demethylase (Aspergillus flavus),N/A,"['MESH:D017964', 'UniProt:B8N2C8', 'MESH:D004875', 'GO:0005886', 'taxonomy:5059', 'MESH:D055744']",6,5,1,['Drug - Protein - ChemicalSubstance - BiologicalProcess - OrganismTaxon - Disease'],['Drug - decreases activity of - Protein - increases abundance of - ChemicalSubstance - positively correlated with - BiologicalProcess - in taxon - OrganismTaxon - causes - Disease'],What gene is most mechanistically related to the indication of Drug Itraconazole to Disease Invasive Pulmonary Aspergillosis?
526,DB01167_MESH_D060585_1,DB:DB01167,MESH:D017964,MESH:D060585,UniProt:I1S2M5,Itraconazole,Fusarium infection,Sterol 14-alpha demethylase CYP51C,N/A,"['MESH:D017964', 'UniProt:I1S2M5', 'MESH:D004875', 'GO:0005886', 'taxonomy:5506', 'MESH:D060585']",6,5,1,['Drug - Protein - ChemicalSubstance - BiologicalProcess - OrganismTaxon - Disease'],['Drug - decreases activity of - Protein - increases abundance of - ChemicalSubstance - positively correlated with - BiologicalProcess - in taxon - OrganismTaxon - causes - Disease'],What gene is most mechanistically related to the indication of Drug Itraconazole to Disease Fusarium infection?
527,DB01167_MESH_D058387_1,DB:DB01167,MESH:D017964,MESH:D058387,UniProt:P10613,Itraconazole,Candidemia,Lanosterol 14-alpha-demethylase,N/A,"['MESH:D017964', 'UniProt:P10613', 'MESH:D004875', 'GO:0005886', 'taxonomy:5476', 'MESH:D058387']",6,5,1,['Drug - Protein - ChemicalSubstance - BiologicalProcess - OrganismTaxon - Disease'],['Drug - decreases activity of - Protein - increases abundance of - ChemicalSubstance - positively correlated with - BiologicalProcess - in taxon - OrganismTaxon - causes - Disease'],What gene is most mechanistically related to the indication of Drug Itraconazole to Disease Candidemia?
528,DB01167_MESH_D001228_1,DB:DB01167,MESH:D017964,MESH:D001228,UniProt:B8N2C8,Itraconazole,Aspergillosis,Lanosterol 14-alpha demethylase (Aspergillus flavus),N/A,"['MESH:D017964', 'UniProt:B8N2C8', 'MESH:D004875', 'GO:0005886', 'taxonomy:5059', 'MESH:D001228']",6,5,1,['Drug - Protein - ChemicalSubstance - BiologicalProcess - OrganismTaxon - Disease'],['Drug - decreases activity of - Protein - increases abundance of - ChemicalSubstance - positively correlated with - BiologicalProcess - in taxon - OrganismTaxon - causes - Disease'],What gene is most mechanistically related to the indication of Drug Itraconazole to Disease Aspergillosis?
529,DB04861_MESH_D006973_1,DB:DB04861,MESH:D000068577,MESH:D006973,UniProt:P08588,Nebivolol,Hypertension,Beta-1 adrenergic receptor,ADRB1,"['MESH:D000068577', 'UniProt:P08588', 'GO:0002001', 'GO:0042310', 'HP:0032263', 'MESH:D006973']",6,5,1,['Drug - Protein - BiologicalProcess - PhenotypicFeature - Disease'],['Drug - decreases activity of - Protein - positively regulates - BiologicalProcess - positively correlated with - PhenotypicFeature - manifestation of - Disease'],What gene is most mechanistically related to the indication of Drug Nebivolol to Disease Hypertension?
532,DB01113_MESH_D016491_1,DB:DB01113,MESH:D010208,MESH:D016491,UniProt:Q07343,Papaverine,Peripheral vascular disease,"cAMP-specific 3',5'-cyclic phosphodiesterase 4B",PDE4B,"['MESH:D010208', 'UniProt:Q07343', 'MESH:D000242', 'GO:0042311', 'MESH:D016491']",5,4,1,['Drug - Protein - ChemicalSubstance - BiologicalProcess - Disease'],['Drug - decreases activity of - Protein - decreases abundance of - ChemicalSubstance - participates in - BiologicalProcess - negatively correlated with - Disease'],What gene is most mechanistically related to the indication of Drug Papaverine to Disease Peripheral vascular disease?
533,DB01132_MESH_D003924_1,DB:DB01132,MESH:D000077205,MESH:D003924,UniProt:P37231,Pioglitazone,"Diabetes Mellitus, Type 2",Peroxisome proliferator-activated receptor gamma,PPARG,"['MESH:D000077205', 'UniProt:P37231', 'GO:0035773', 'GO:0070091', 'MESH:D001786', 'HP:0003074', 'MESH:D003924']",7,6,1,['Drug - Protein - BiologicalProcess - ChemicalSubstance - PhenotypicFeature - Disease'],['Drug - increases activity of - Protein - positively regulates - BiologicalProcess - increases abundance of - ChemicalSubstance - positively correlated with - PhenotypicFeature - manifestation of - Disease'],"What gene is most mechanistically related to the indication of Drug Pioglitazone to Disease Diabetes Mellitus, Type 2?"
535,DB00708_MESH_D010149_1,DB:DB00708,MESH:D017409,MESH:D010149,UniProt:P35372,Sufentanil,"Pain, Postoperative",Mu-type opioid receptor,OPRM1,"['MESH:D017409', 'UniProt:P35372', 'reactome:R-HSA-418594', 'MESH:D013373', 'GO:0019233', 'HP:0012531', 'MESH:D010149']",7,6,1,['Drug - Protein - Pathway - ChemicalSubstance - BiologicalProcess - PhenotypicFeature - Disease'],['Drug - increases activity of - Protein - participates in - Pathway - decreases abundance of - ChemicalSubstance - positively correlated with - BiologicalProcess - positively correlated with - PhenotypicFeature - positively correlated with - Disease'],"What gene is most mechanistically related to the indication of Drug Sufentanil to Disease Pain, Postoperative?"
537,DB00385_MESH_D001749_1,DB:DB00385,MESH:C016163,MESH:D001749,UniProt:P11388,valrubicin,Malignant tumor of urinary bladder,DNA topoisomerase 2-alpha,TOP2A,"['MESH:C016163', 'UniProt:P11388', 'GO:0006260', 'CL:0001063', 'MESH:D001749']",5,4,1,['Drug - Protein - BiologicalProcess - Cell - Disease'],['Drug - decreases activity of - Protein - positively regulates - BiologicalProcess - occurs in - Cell - positively correlated with - Disease'],What gene is most mechanistically related to the indication of Drug valrubicin to Disease Malignant tumor of urinary bladder?
540,DB00313_MESH_D008881_2,DB:DB00313,MESH:D014635,MESH:D008881,UniProt:O14975,valproic acid,Migraine Disorders,microsomal long-chain fatty acyl-CoA synthetase,SLC27A2,"['MESH:D014635', 'UniProt:O14975', 'UBERON:0000955', 'MESH:C026563', 'reactome:R-HSA-2162123', 'MESH:D008881']",6,5,1,['Drug - Protein - GrossAnatomicalStructure - ChemicalSubstance - Pathway - Disease'],['Drug - decreases activity of - Protein - located in - GrossAnatomicalStructure - decreases abundance of - ChemicalSubstance - participates in - Pathway - prevents - Disease'],What gene is most mechanistically related to the indication of Drug valproic acid to Disease Migraine Disorders?
541,DB01282_MESH_D006473_2,DB:DB01282,MESH:C020731,MESH:D006473,UniProt:P30559,Carbetocin,Postpartum hemorrhage,oxytocin receptors,OXTR,"['MESH:C020731', 'UniProt:P30559', 'GO:0070474', 'MESH:D006473']",4,3,1,['Drug - Protein - BiologicalProcess - Disease'],['Drug - increases activity of - Protein - positively regulates - BiologicalProcess - prevents - Disease'],What gene is most mechanistically related to the indication of Drug Carbetocin to Disease Postpartum hemorrhage?
542,DB00248_MESH_D006966_1,DB:DB00248,MESH:D000077465,MESH:D006966,UniProt:P14416,Cabergoline,Hyperprolactinemia,D(2) dopamine receptor,DRD2,"['MESH:D000077465', 'UniProt:P14416', 'GO:0007195', 'CHEBI:17489', 'GO:0051209', 'GO:1902722', 'MESH:D006966']",7,6,1,['Drug - Protein - BiologicalProcess - Disease'],['Drug - increases activity of - Protein - participates in - BiologicalProcess - causes - Disease'],What gene is most mechanistically related to the indication of Drug Cabergoline to Disease Hyperprolactinemia?
544,DB00400_MESH_D014008_1,DB:DB00400,MESH:D006118,MESH:D014008,UniProt:Q5UBX3,Griseofulvin,Tinea Pedis,Tubulin beta chain Trichophyton rubrum (Athlete's foot fungus),N/A,"['MESH:D006118', 'UniProt:Q5UBX3', 'GO:0046785', 'GO:0140014', 'taxonomy:4751', 'MESH:D014008']",6,5,1,['Drug - Protein - BiologicalProcess - OrganismTaxon - Disease'],['Drug - decreases activity of - Protein - participates in - BiologicalProcess - occurs in - OrganismTaxon - causes - Disease'],What gene is most mechanistically related to the indication of Drug Griseofulvin to Disease Tinea Pedis?
545,DB00400_MESH_D014006_1,DB:DB00400,MESH:D006118,MESH:D014006,UniProt:Q5UBX3,Griseofulvin,Tinea capitis,Tubulin beta chain Trichophyton rubrum (Athlete's foot fungus),N/A,"['MESH:D006118', 'UniProt:Q5UBX3', 'GO:0046785', 'GO:0140014', 'taxonomy:4751', 'MESH:D014006']",6,5,1,['Drug - Protein - BiologicalProcess - OrganismTaxon - Disease'],['Drug - decreases activity of - Protein - participates in - BiologicalProcess - occurs in - OrganismTaxon - causes - Disease'],What gene is most mechanistically related to the indication of Drug Griseofulvin to Disease Tinea capitis?
546,DB00400_MESH_D014009_1,DB:DB00400,MESH:D006118,MESH:D014009,UniProt:Q5UBX3,Griseofulvin,Onychomycosis due to dermatophyte,Tubulin beta chain Trichophyton rubrum (Athlete's foot fungus),N/A,"['MESH:D006118', 'UniProt:Q5UBX3', 'GO:0046785', 'GO:0140014', 'taxonomy:4751', 'MESH:D014009']",6,5,1,['Drug - Protein - BiologicalProcess - OrganismTaxon - Disease'],['Drug - decreases activity of - Protein - participates in - BiologicalProcess - occurs in - OrganismTaxon - causes - Disease'],What gene is most mechanistically related to the indication of Drug Griseofulvin to Disease Onychomycosis due to dermatophyte?
580,DB06702_MESH_D053202_1,DB:DB06702,MESH:C526675,MESH:D053202,UniProt:P20309,Fesoterodine,Urge incontinence of urine,Muscarinic acetylcholine receptor M3,CHRM3,"['MESH:C526675', 'UniProt:P20309', 'GO:0014832', 'GO:0060073', 'MESH:D053202']",5,4,1,['Drug - Protein - BiologicalProcess - Disease'],['Drug - decreases activity of - Protein - positively regulates - BiologicalProcess - positively correlated with - Disease'],What gene is most mechanistically related to the indication of Drug Fesoterodine to Disease Urge incontinence of urine?
581,DB09559_MESH_D002289_1,DB:DB09559,MESH:C527969,MESH:D002289,UniProt:P00533,Necitumumab,Non-small cell lung cancer,Epidermal growth factor receptor,EGFR,"['MESH:C527969', 'UniProt:P00533', 'reactome:R-HSA-5673001', 'reactome:R-HSA-109704', 'GO:0008283', 'MESH:D002289']",6,6,1,['Drug - Protein - Pathway - BiologicalProcess - Disease'],['Drug - decreases activity of - Protein - positively regulates - Pathway - positively regulates - BiologicalProcess - causes - Disease'],What gene is most mechanistically related to the indication of Drug Necitumumab to Disease Non-small cell lung cancer?
582,DB00310_MESH_D006973_1,DB:DB00310,MESH:D002752,MESH:D006973,UniProt:Q13621,Chlortalidone,Hypertension,Solute carrier family 12 member 1,SLC12A1,"['MESH:D002752', 'UniProt:Q13621', 'GO:0070294', 'GO:0003092', 'HP:0011104', 'GO:0045777', 'MESH:D006973']",7,6,1,['Drug - Protein - BiologicalProcess - Disease'],['Drug - decreases activity of - Protein - participates in - BiologicalProcess - affects risk for - Disease'],What gene is most mechanistically related to the indication of Drug Chlortalidone to Disease Hypertension?
583,DB00310_MESH_D004487_1,DB:DB00310,MESH:D002752,MESH:D004487,UniProt:Q13621,Chlortalidone,Edema,Solute carrier family 12 member 1,SLC12A1,"['MESH:D002752', 'UniProt:Q13621', 'GO:0070294', 'GO:0003092', 'HP:0011104', 'MESH:D004487']",6,5,1,['Drug - Protein - BiologicalProcess - PhenotypicFeature - Disease'],['Drug - decreases activity of - Protein - participates in - BiologicalProcess - contributes to - PhenotypicFeature - contributes to - Disease'],What gene is most mechanistically related to the indication of Drug Chlortalidone to Disease Edema?
588,DB00747_MESH_D043183_1,DB:DB00747,MESH:D012601,MESH:D043183,UniProt:P20309,Scopolamine,Irritable bowel syndrome,Muscarinic acetylcholine receptor M3,CHRM3,"['MESH:D012601', 'UniProt:P20309', 'GO:1905144', 'GO:0120054', 'GO:0030421', 'MESH:D043183']",6,6,1,['Drug - Protein - BiologicalProcess - Disease'],['Drug - decreases activity of - Protein - participates in - BiologicalProcess - occurs in - Disease'],What gene is most mechanistically related to the indication of Drug Scopolamine to Disease Irritable bowel syndrome?
597,DB00747_MESH_D010437_1,DB:DB00747,MESH:D012601,MESH:D010437,UniProt:P20309,Scopolamine,Peptic Ulcer,Muscarinic acetylcholine receptor M3,CHRM3,"['MESH:D012601', 'UniProt:P20309', 'GO:0001699', 'MESH:D005744', 'MESH:D010437']",5,4,1,['Drug - Protein - BiologicalProcess - ChemicalSubstance - Disease'],['Drug - decreases activity of - Protein - participates in - BiologicalProcess - increases abundance of - ChemicalSubstance - contributes to - Disease'],What gene is most mechanistically related to the indication of Drug Scopolamine to Disease Peptic Ulcer?
598,DB00865_MESH_D009765_1,DB:DB00865,MESH:D001589,MESH:D009765,UniProt:P35348,Benzphetamine,Obesity,Alpha-1A adrenergic receptor,ADRA1A,"['MESH:D001589', 'UniProt:P35348', 'GO:0032100', 'MESH:D009765']",4,3,1,['Drug - Protein - BiologicalProcess - Disease'],['Drug - increases activity of - Protein - negatively correlated with - BiologicalProcess - positively correlated with - Disease'],What gene is most mechanistically related to the indication of Drug Benzphetamine to Disease Obesity?
600,DB01263_MESH_D001228_1,DB:DB01263,MESH:C101425,MESH:D001228,UniProt:B8N2C8,Posaconazole,Aspergillosis,Lanosterol 14-alpha demethylase (Aspergillus flavus),N/A,"['MESH:C101425', 'UniProt:B8N2C8', 'GO:0006696', 'GO:0042546', 'taxonomy:5052', 'MESH:D001228']",6,5,1,['Drug - Protein - BiologicalProcess - OrganismTaxon - Disease'],['Drug - decreases activity of - Protein - positively regulates - BiologicalProcess - occurs in - OrganismTaxon - causes - Disease'],What gene is most mechanistically related to the indication of Drug Posaconazole to Disease Aspergillosis?
601,DB01263_MESH_D002862_1,DB:DB01263,MESH:C101425,MESH:D002862,UniProt:P10613,Posaconazole,Chromoblastomycosis,Lanosterol 14-alpha-demethylase,N/A,"['MESH:C101425', 'UniProt:P10613', 'GO:0006696', 'GO:0042546', 'taxonomy:4751', 'MESH:D002862']",6,5,1,['Drug - Protein - BiologicalProcess - OrganismTaxon - Disease'],['Drug - decreases activity of - Protein - positively regulates - BiologicalProcess - occurs in - OrganismTaxon - causes - Disease'],What gene is most mechanistically related to the indication of Drug Posaconazole to Disease Chromoblastomycosis?
603,DB01263_MESH_D003047_1,DB:DB01263,MESH:C101425,MESH:D003047,UniProt:A0A6C1LUF2,Posaconazole,Coccidioidomycosis,Lanosterol 14-alpha demethylase (Coccidioides immitis),N/A,"['MESH:C101425', 'UniProt:A0A6C1LUF2', 'GO:0006696', 'GO:0042546', 'taxonomy:5501', 'MESH:D003047']",6,5,1,['Drug - Protein - BiologicalProcess - OrganismTaxon - Disease'],['Drug - decreases activity of - Protein - positively regulates - BiologicalProcess - occurs in - OrganismTaxon - causes - Disease'],What gene is most mechanistically related to the indication of Drug Posaconazole to Disease Coccidioidomycosis?
604,DB01263_MESH_D002177_1,DB:DB01263,MESH:C101425,MESH:D002177,UniProt:P10613,Posaconazole,Candidiasis,Lanosterol 14-alpha-demethylase,N/A,"['MESH:C101425', 'UniProt:P10613', 'GO:0006696', 'GO:0042546', 'taxonomy:1535326', 'MESH:D002177']",6,5,1,['Drug - Protein - BiologicalProcess - OrganismTaxon - Disease'],['Drug - decreases activity of - Protein - positively regulates - BiologicalProcess - occurs in - OrganismTaxon - causes - Disease'],What gene is most mechanistically related to the indication of Drug Posaconazole to Disease Candidiasis?
607,DB00026_MESH_D001172_1,DB:DB00026,MESH:D053590,MESH:D001172,UniProt:P14778,Anakinra,Rheumatoid arthritis,Interleukin-1 receptor type 1,IL1R1,"['MESH:D053590', 'UniProt:P14778', 'GO:0004908', 'reactome:R-HSA-1592389', 'HP:0100773', 'MESH:D001172']",6,5,1,['Drug - Protein - MolecularActivity - Pathway - PhenotypicFeature - Disease'],['Drug - decreases activity of - Protein - participates in - MolecularActivity - positively regulates - Pathway - positively regulates - PhenotypicFeature - occurs in - Disease'],What gene is most mechanistically related to the indication of Drug Anakinra to Disease Rheumatoid arthritis?
608,DB00026_MESH_D056587_1,DB:DB00026,MESH:D053590,MESH:D056587,UniProt:P14778,Anakinra,Cryopyrin associated periodic syndrome,Interleukin-1 receptor type 1,IL1R1,"['MESH:D053590', 'UniProt:P14778', 'GO:0004908', 'GO:0006954', 'MESH:D056587']",5,4,1,['Drug - Protein - MolecularActivity - BiologicalProcess - Disease'],['Drug - decreases activity of - Protein - participates in - MolecularActivity - positively regulates - BiologicalProcess - causes - Disease'],What gene is most mechanistically related to the indication of Drug Anakinra to Disease Cryopyrin associated periodic syndrome?
609,DB00065_MESH_D001172_1,DB:DB00065,MESH:D000069285,MESH:D001172,UniProt:P01375,Infliximab,Rheumatoid arthritis,Tumor necrosis factor,TNF,"['MESH:D000069285', 'UniProt:P01375', 'reactome:R-HSA-75893', 'GO:0006954', 'MESH:D001172']",5,4,1,['Drug - Protein - Pathway - BiologicalProcess - Disease'],['Drug - decreases activity of - Protein - positively regulates - Pathway - positively regulates - BiologicalProcess - causes - Disease'],What gene is most mechanistically related to the indication of Drug Infliximab to Disease Rheumatoid arthritis?
610,DB00065_MESH_D003093_1,DB:DB00065,MESH:D000069285,MESH:D003093,UniProt:P01375,Infliximab,"Colitis, Ulcerative",Tumor necrosis factor,TNF,"['MESH:D000069285', 'UniProt:P01375', 'reactome:R-HSA-75893', 'GO:0006954', 'MESH:D003093']",5,4,1,['Drug - Protein - Pathway - BiologicalProcess - Disease'],['Drug - decreases activity of - Protein - positively regulates - Pathway - positively regulates - BiologicalProcess - causes - Disease'],"What gene is most mechanistically related to the indication of Drug Infliximab to Disease Colitis, Ulcerative?"
611,DB00065_MESH_D003424_1,DB:DB00065,MESH:D000069285,MESH:D003424,UniProt:P01375,Infliximab,Crohn's disease,Tumor necrosis factor,TNF,"['MESH:D000069285', 'UniProt:P01375', 'reactome:R-HSA-75893', 'GO:0006954', 'MESH:D003424']",5,4,1,['Drug - Protein - Pathway - BiologicalProcess - Disease'],['Drug - decreases activity of - Protein - positively regulates - Pathway - positively regulates - BiologicalProcess - causes - Disease'],What gene is most mechanistically related to the indication of Drug Infliximab to Disease Crohn's disease?
612,DB00065_MESH_D013167_1,DB:DB00065,MESH:D000069285,MESH:D013167,UniProt:P01375,Infliximab,Ankylosing spondylitis,Tumor necrosis factor,TNF,"['MESH:D000069285', 'UniProt:P01375', 'reactome:R-HSA-75893', 'GO:0006954', 'MESH:D013167']",5,4,1,['Drug - Protein - Pathway - BiologicalProcess - Disease'],['Drug - decreases activity of - Protein - positively regulates - Pathway - positively regulates - BiologicalProcess - causes - Disease'],What gene is most mechanistically related to the indication of Drug Infliximab to Disease Ankylosing spondylitis?
613,DB00065_MESH_D015535_1,DB:DB00065,MESH:D000069285,MESH:D015535,UniProt:P01375,Infliximab,Psoriasis with arthropathy,Tumor necrosis factor,TNF,"['MESH:D000069285', 'UniProt:P01375', 'reactome:R-HSA-75893', 'GO:0006954', 'MESH:D015535']",5,4,1,['Drug - Protein - Pathway - BiologicalProcess - Disease'],['Drug - decreases activity of - Protein - positively regulates - Pathway - positively regulates - BiologicalProcess - causes - Disease'],What gene is most mechanistically related to the indication of Drug Infliximab to Disease Psoriasis with arthropathy?
615,DB00496_MESH_D053202_1,DB:DB00496,MESH:C101207,MESH:D053202,UniProt:P20309,Darifenacin,Urge incontinence of urine,Muscarinic acetylcholine receptor M3,CHRM3,"['MESH:C101207', 'UniProt:P20309', 'GO:0014832', 'GO:0060073', 'MESH:D053202']",5,4,1,['Drug - Protein - BiologicalProcess - Disease'],['Drug - decreases activity of - Protein - positively regulates - BiologicalProcess - positively correlated with - Disease'],What gene is most mechanistically related to the indication of Drug Darifenacin to Disease Urge incontinence of urine?
626,DB09041_MESH_D014009_1,DB:DB09041,MESH:C512998,MESH:D014009,UniProt:Q9HGT2,Tavaborole,Onychomycosis due to dermatophyte,Cytosolic leucyl-tRNA synthetase,N/A,"['MESH:C512998', 'UniProt:Q9HGT2', 'GO:0006412', 'taxonomy:5551', 'MESH:D014009']",5,4,1,['Drug - Protein - BiologicalProcess - OrganismTaxon - Disease'],['Drug - decreases activity of - Protein - positively regulates - BiologicalProcess - occurs in - OrganismTaxon - causes - Disease'],What gene is most mechanistically related to the indication of Drug Tavaborole to Disease Onychomycosis due to dermatophyte?
627,DB01193_MESH_D018879_1,DB:DB01193,MESH:D000070,MESH:D018879,UniProt:P08588,Acebutolol,Ventricular premature beats,Beta-1 adrenergic receptor,ADRB1,"['MESH:D000070', 'UniProt:P08588', 'MESH:D004837', 'HP:0001649', 'MESH:D018879']",5,4,1,['Drug - Protein - ChemicalSubstance - PhenotypicFeature - Disease'],['Drug - decreases activity of - Protein - positively correlated with - ChemicalSubstance - positively correlated with - PhenotypicFeature - contributes to - Disease'],What gene is most mechanistically related to the indication of Drug Acebutolol to Disease Ventricular premature beats?
628,DB00414_MESH_D003924_1,DB:DB00414,MESH:D000092,MESH:D003924,UniProt:P48048,Acetohexamide,"Diabetes Mellitus, Type 2",ATP-sensitive inward rectifier potassium channel 1,KCNJ1,"['MESH:D000092', 'UniProt:P48048', 'GO:0051899', 'GO:0005245', 'GO:0070509', 'GO:0030073', 'HP:0001943', 'MESH:D003924']",8,7,1,['Drug - Protein - BiologicalProcess - PhenotypicFeature - Disease'],['Drug - decreases activity of - Protein - negatively correlated with - BiologicalProcess - positively correlated with - PhenotypicFeature - negatively correlated with - Disease'],"What gene is most mechanistically related to the indication of Drug Acetohexamide to Disease Diabetes Mellitus, Type 2?"
629,DB00964_MESH_D005902_1,DB:DB00964,MESH:C016986,MESH:D005902,UniProt:P08913,apraclonidine,Open-angle glaucoma,Alpha-2A adrenergic receptor,ADRA2A,"['MESH:C016986', 'UniProt:P08913', 'UBERON:0001796', 'HP:0007906', 'MESH:D005902']",5,4,1,['Drug - Protein - GrossAnatomicalStructure - PhenotypicFeature - Disease'],['Drug - increases activity of - Protein - negatively regulates - GrossAnatomicalStructure - participates in - PhenotypicFeature - manifestation of - Disease'],What gene is most mechanistically related to the indication of Drug apraclonidine to Disease Open-angle glaucoma?
631,DB00468_MESH_D016778_1,DB:DB00468,MESH:D011803,MESH:D016778,UniProt:Q8IL04,Quinine,Falciparum malaria,Heme ligase,N/A,"['MESH:D011803', 'UniProt:Q8IL04', 'GO:0042167', 'MESH:D006418', 'taxonomy:5833', 'MESH:D016778']",6,5,1,['Drug - Protein - BiologicalProcess - ChemicalSubstance - OrganismTaxon - Disease'],['Drug - decreases activity of - Protein - positively regulates - BiologicalProcess - decreases abundance of - ChemicalSubstance - disrupts - OrganismTaxon - causes - Disease'],What gene is most mechanistically related to the indication of Drug Quinine to Disease Falciparum malaria?
633,DB00700_MESH_D006973_1,DB:DB00700,MESH:D000077545,MESH:D006973,UniProt:P08235,Eplerenone,Hypertension,Mineralocorticoid receptor,NR3C2,"['MESH:D000077545', 'UniProt:P08235', 'MESH:D000450', 'HP:0032263', 'MESH:D006973']",5,4,1,['Drug - Protein - ChemicalSubstance - PhenotypicFeature - Disease'],['Drug - decreases activity of - Protein - positively correlated with - ChemicalSubstance - participates in - PhenotypicFeature - manifestation of - Disease'],What gene is most mechanistically related to the indication of Drug Eplerenone to Disease Hypertension?
634,DB04854_MESH_D033461_1,DB:DB04854,MESH:D000069465,MESH:D033461,UniProt:P47989,Febuxostat,Hyperuricemia,Xanthine dehydrogenase/oxidase,XDH,"['MESH:D000069465', 'UniProt:P47989', 'GO:0004854', 'MESH:D014527', 'MESH:D033461']",5,4,1,['Drug - Protein - MolecularActivity - ChemicalSubstance - Disease'],['Drug - decreases activity of - Protein - positively regulates - MolecularActivity - increases abundance of - ChemicalSubstance - positively correlated with - Disease'],What gene is most mechanistically related to the indication of Drug Febuxostat to Disease Hyperuricemia?
635,DB00053_MESH_D005776_1,DB:DB00053,MESH:C090568,MESH:D005776,UniProt:P04062,imiglucerase,Gaucher Disease,Lysosomal acid glucosylceramidase,GBA1,"['MESH:C090568', 'UniProt:P04062', 'MESH:D005963', 'MESH:D005776']",4,3,1,['Drug - Protein - ChemicalSubstance - Disease'],['Drug - positively regulates - Protein - negatively regulates - ChemicalSubstance - positively correlated with - Disease'],What gene is most mechanistically related to the indication of Drug imiglucerase to Disease Gaucher Disease?
636,DB01131_MESH_D016778_1,DB:DB01131,MESH:D002727,MESH:D016778,UniProt:P00374,Proguanil,Falciparum malaria,Dihydrofolate reductase,DHFR,"['MESH:D002727', 'MESH:C026009', 'UniProt:P00374', 'reactome:R-HSA-8956320', 'GO:0071897', 'taxonomy:5833', 'MESH:D016778']",7,6,1,['Drug - ChemicalSubstance - Protein - Pathway - BiologicalProcess - OrganismTaxon - Disease'],['Drug - has metabolite - ChemicalSubstance - decreases activity of - Protein - positively regulates - Pathway - positively regulates - BiologicalProcess - in taxon - OrganismTaxon - causes - Disease'],What gene is most mechanistically related to the indication of Drug Proguanil to Disease Falciparum malaria?
637,DB01597_MESH_D004697_1,DB:DB01597,MESH:D015377,MESH:D004697,UniProt:P16444,Cilastatin,"Endocarditis, Bacterial",Dipeptidase 1,DPEP1,"['MESH:D015377', 'UniProt:P16444', 'MESH:D015378', 'GO:0042546', 'taxonomy:2', 'MESH:D004697']",6,5,1,['Drug - Protein - ChemicalSubstance - BiologicalProcess - OrganismTaxon - Disease'],['Drug - decreases activity of - Protein - disrupts - ChemicalSubstance - negatively regulates - BiologicalProcess - occurs in - OrganismTaxon - causes - Disease'],"What gene is most mechanistically related to the indication of Drug Cilastatin to Disease Endocarditis, Bacterial?"
638,DB01597_MESH_D018784_1,DB:DB01597,MESH:D015377,MESH:D018784,UniProt:P16444,Cilastatin,Abdominal abscess,Dipeptidase 1,DPEP1,"['MESH:D015377', 'UniProt:P16444', 'MESH:D015378', 'GO:0042546', 'taxonomy:2', 'MESH:D018784']",6,5,1,['Drug - Protein - ChemicalSubstance - BiologicalProcess - OrganismTaxon - Disease'],['Drug - decreases activity of - Protein - disrupts - ChemicalSubstance - negatively regulates - BiologicalProcess - occurs in - OrganismTaxon - causes - Disease'],What gene is most mechanistically related to the indication of Drug Cilastatin to Disease Abdominal abscess?
639,DB01597_MESH_D059413_1,DB:DB01597,MESH:D015377,MESH:D059413,UniProt:P16444,Cilastatin,Intraabdominal Infections,Dipeptidase 1,DPEP1,"['MESH:D015377', 'UniProt:P16444', 'MESH:D015378', 'GO:0042546', 'taxonomy:2', 'MESH:D059413']",6,5,1,['Drug - Protein - ChemicalSubstance - BiologicalProcess - OrganismTaxon - Disease'],['Drug - decreases activity of - Protein - disrupts - ChemicalSubstance - negatively regulates - BiologicalProcess - occurs in - OrganismTaxon - causes - Disease'],What gene is most mechanistically related to the indication of Drug Cilastatin to Disease Intraabdominal Infections?
640,DB01597_MESH_D011018_1,DB:DB01597,MESH:D015377,MESH:D011018,UniProt:P16444,Cilastatin,Pneumonia due to Streptococcus,Dipeptidase 1,DPEP1,"['MESH:D015377', 'UniProt:P16444', 'MESH:D015378', 'GO:0042546', 'taxonomy:1313', 'MESH:D011018']",6,5,1,['Drug - Protein - ChemicalSubstance - BiologicalProcess - OrganismTaxon - Disease'],['Drug - decreases activity of - Protein - disrupts - ChemicalSubstance - negatively regulates - BiologicalProcess - occurs in - OrganismTaxon - causes - Disease'],What gene is most mechanistically related to the indication of Drug Cilastatin to Disease Pneumonia due to Streptococcus?
641,DB01597_MESH_D018410_1,DB:DB01597,MESH:D015377,MESH:D018410,UniProt:P16444,Cilastatin,"Pneumonia, Bacterial",Dipeptidase 1,DPEP1,"['MESH:D015377', 'UniProt:P16444', 'MESH:D015378', 'GO:0042546', 'taxonomy:2', 'MESH:D018410']",6,5,1,['Drug - Protein - ChemicalSubstance - BiologicalProcess - OrganismTaxon - Disease'],['Drug - decreases activity of - Protein - disrupts - ChemicalSubstance - negatively regulates - BiologicalProcess - occurs in - OrganismTaxon - causes - Disease'],"What gene is most mechanistically related to the indication of Drug Cilastatin to Disease Pneumonia, Bacterial?"
642,DB01597_MESH_D004716_1,DB:DB01597,MESH:D015377,MESH:D004716,UniProt:P16444,Cilastatin,Endometritis,Dipeptidase 1,DPEP1,"['MESH:D015377', 'UniProt:P16444', 'MESH:D015378', 'GO:0042546', 'taxonomy:2', 'MESH:D004716']",6,5,1,['Drug - Protein - ChemicalSubstance - BiologicalProcess - OrganismTaxon - Disease'],['Drug - decreases activity of - Protein - disrupts - ChemicalSubstance - negatively regulates - BiologicalProcess - occurs in - OrganismTaxon - causes - Disease'],What gene is most mechanistically related to the indication of Drug Cilastatin to Disease Endometritis?
651,DB00302_MESH_D008595_1,DB:DB00302,MESH:D014148,MESH:D008595,UniProt:P00747,tranexamic acid,Menorrhagia,Plasminogen,PLG,"['MESH:D014148', 'UniProt:P00747', 'MESH:D005341', 'GO:0042730', 'HP:0001892', 'MESH:D008595']",6,6,1,['Drug - Protein - BiologicalProcess - PhenotypicFeature - Disease'],['Drug - decreases activity of - Protein - positively regulates - BiologicalProcess - correlated with - PhenotypicFeature - positively correlated with - Disease'],What gene is most mechanistically related to the indication of Drug tranexamic acid to Disease Menorrhagia?
655,DB00668_MESH_D005902_3,DB:DB00668,MESH:D004837,MESH:D005902,UniProt:P08913,Epinephrine,Open-angle glaucoma,Alpha-2A adrenergic receptor,ADRA2A,"['MESH:D004837', 'UniProt:P08913', 'reactome:R-HSA-5357956', 'reactome:R-HSA-5357786', 'GO:0006915', 'MESH:D016923', 'CL:0000740', 'MESH:D005902']",8,8,1,['Drug - Protein - Pathway - BiologicalProcess - Cell - Disease'],['Drug - decreases activity of - Protein - participates in - Pathway - positively correlated with - BiologicalProcess - occurs in - Cell - disrupted by - Disease'],What gene is most mechanistically related to the indication of Drug Epinephrine to Disease Open-angle glaucoma?
657,DB00668_MESH_D007022_1,DB:DB00668,MESH:D004837,MESH:D007022,UniProt:P08588,Epinephrine,Low blood pressure,Beta-1 adrenergic receptor,ADRB1,"['MESH:D004837', 'UniProt:P08588', 'reactome:R-HSA-418555', 'GO:0060047', 'HP:0033533', 'MESH:D007022']",6,5,1,['Drug - Protein - Pathway - BiologicalProcess - PhenotypicFeature - Disease'],['Drug - increases activity of - Protein - participates in - Pathway - positively regulates - BiologicalProcess - positively correlated with - PhenotypicFeature - negatively correlated with - Disease'],What gene is most mechanistically related to the indication of Drug Epinephrine to Disease Low blood pressure?
661,DB09053_MESH_D008258_1,DB:DB09053,MESH:C551803,MESH:D008258,UniProt:Q06187,ibrutinib,Waldenström macroglobulinemia,Tyrosine-protein kinase BTK,BTK,"['MESH:C551803', 'UniProt:Q06187', 'GO:0050853', 'GO:0002368', 'GO:0060326', 'GO:0006915', 'MESH:D008258']",7,8,1,['Drug - Protein - BiologicalProcess - Disease'],['Drug - negatively regulates - Protein - positively regulates - BiologicalProcess - negatively correlated with - Disease'],What gene is most mechanistically related to the indication of Drug ibrutinib to Disease Waldenström macroglobulinemia?
662,DB09053_MESH_D020522_1,DB:DB09053,MESH:C551803,MESH:D020522,UniProt:Q06187,ibrutinib,Mantle cell lymphoma,Tyrosine-protein kinase BTK,BTK,"['MESH:C551803', 'UniProt:Q06187', 'GO:0050853', 'GO:0002368', 'GO:0060326', 'GO:0006915', 'MESH:D020522']",7,8,1,['Drug - Protein - BiologicalProcess - Disease'],['Drug - negatively regulates - Protein - positively regulates - BiologicalProcess - negatively correlated with - Disease'],What gene is most mechanistically related to the indication of Drug ibrutinib to Disease Mantle cell lymphoma?
665,DB01261_MESH_D003924_1,DB:DB01261,MESH:D000068900,MESH:D003924,UniProt:P27487,sitagliptin,"Diabetes Mellitus, Type 2",Dipeptidyl peptidase 4,DPP4,"['MESH:D000068900', 'UniProt:P27487', 'reactome:R-HSA-381771', 'reactome:R-HSA-400511', 'GO:0030073', 'GO:0070091', 'MESH:D003924']",7,9,1,['Drug - Protein - Pathway - BiologicalProcess - Disease'],['Drug - negatively regulates - Protein - participates in - Pathway - positively correlated with - BiologicalProcess - positively correlated with - Disease'],"What gene is most mechanistically related to the indication of Drug sitagliptin to Disease Diabetes Mellitus, Type 2?"
666,DB05229_MESH_D000081029_1,DB:DB05229,MESH:C048081,MESH:D000081029,UniProt:P43119,beraprost,Pulmonary arterial hypertension,Prostacyclin receptor,PTGIR,"['MESH:C048081', 'UniProt:P43119', 'MESH:D002118', 'GO:0044557', 'GO:0042311', 'MESH:D000081029']",6,5,1,['Drug - Protein - ChemicalSubstance - BiologicalProcess - Disease'],['Drug - increases activity of - Protein - decreases abundance of - ChemicalSubstance - negatively correlated with - BiologicalProcess - negatively correlated with - Disease'],What gene is most mechanistically related to the indication of Drug beraprost to Disease Pulmonary arterial hypertension?
668,DB11915_MESH_D000071057_1,DB:DB11915,MESH:C000603978,MESH:D000071057,UniProt:Q05940,valbenazine,Tardive dyskinesia,Synaptic vesicular amine transporter,SLC18A2,"['MESH:C000603978', 'UniProt:Q05940', 'GO:0015842', 'reactome:R-HSA-212676', 'MESH:D000071057']",5,4,1,['Drug - Protein - BiologicalProcess - Pathway - Disease'],['Drug - decreases activity of - Protein - positively regulates - BiologicalProcess - positively correlated with - Pathway - positively correlated with - Disease'],What gene is most mechanistically related to the indication of Drug valbenazine to Disease Tardive dyskinesia?
671,DB01244_MESH_D000787_2,DB:DB01244,MESH:D015764,MESH:D000787,UniProt:P05023,Bepridil,Angina Pectoris,Sodium/potassium-transporting ATPase subunit alpha-1,ATP1A1,"['MESH:D015764', 'UniProt:P05023', 'GO:0036376', 'GO:0070509', 'MESH:D017202', 'MESH:D000787']",6,5,1,['Drug - Protein - BiologicalProcess - PhenotypicFeature - Disease'],['Drug - decreases activity of - Protein - positively regulates - BiologicalProcess - positively correlated with - PhenotypicFeature - positively correlated with - Disease'],What gene is most mechanistically related to the indication of Drug Bepridil to Disease Angina Pectoris?
672,DB01244_MESH_D000787_3,DB:DB01244,MESH:D015764,MESH:D000787,UniProt:O00555,Bepridil,Angina Pectoris,Voltage-dependent P/Q-type calcium channel subunit alpha-1A,CACNA1A,"['MESH:D015764', 'UniProt:O00555', 'GO:0070509', 'GO:0042311', 'GO:0060047', 'GO:1903779', 'MESH:D017202', 'MESH:D000787']",8,9,1,['Drug - Protein - BiologicalProcess - PhenotypicFeature - Disease'],['Drug - negatively regulates - Protein - positively correlated with - BiologicalProcess - negatively correlated with - PhenotypicFeature - positively correlated with - Disease'],What gene is most mechanistically related to the indication of Drug Bepridil to Disease Angina Pectoris?
673,DB01244_MESH_D000787_4,DB:DB01244,MESH:D015764,MESH:D000787,UniProt:O95180,Bepridil,Angina Pectoris,Voltage-dependent T-type calcium channel subunit alpha-1H,CACNA1H,"['MESH:D015764', 'UniProt:O95180', 'GO:0070509', 'GO:0086046', 'GO:0060047', 'MESH:D017202', 'MESH:D000787']",7,7,1,['Drug - Protein - BiologicalProcess - PhenotypicFeature - Disease'],['Drug - negatively regulates - Protein - positively correlated with - BiologicalProcess - negatively correlated with - PhenotypicFeature - positively correlated with - Disease'],What gene is most mechanistically related to the indication of Drug Bepridil to Disease Angina Pectoris?
674,DB01244_MESH_D000787_5,DB:DB01244,MESH:D015764,MESH:D000787,UniProt:Q9NY47,Bepridil,Angina Pectoris,Voltage-dependent calcium channel subunit alpha-2/delta-2,CACNA2D2,"['MESH:D015764', 'UniProt:Q9NY47', 'GO:0061337', 'GO:0060047', 'MESH:D017202', 'MESH:D000787']",6,5,1,['Drug - Protein - BiologicalProcess - PhenotypicFeature - Disease'],['Drug - negatively regulates - Protein - positively regulates - BiologicalProcess - negatively correlated with - PhenotypicFeature - positively correlated with - Disease'],What gene is most mechanistically related to the indication of Drug Bepridil to Disease Angina Pectoris?
675,DB01244_MESH_D000787_6,DB:DB01244,MESH:D015764,MESH:D000787,UniProt:P63316,Bepridil,Angina Pectoris,"Troponin C, slow skeletal and cardiac muscles",TNNC1,"['MESH:D015764', 'UniProt:P63316', 'GO:0055117', 'MESH:D017202', 'MESH:D000787']",5,4,1,['Drug - Protein - BiologicalProcess - PhenotypicFeature - Disease'],['Drug - positively regulates - Protein - positively regulates - BiologicalProcess - negatively correlated with - PhenotypicFeature - positively correlated with - Disease'],What gene is most mechanistically related to the indication of Drug Bepridil to Disease Angina Pectoris?
676,DB01244_MESH_D000787_7,DB:DB01244,MESH:D015764,MESH:D000787,UniProt:P0DP23,Bepridil,Angina Pectoris,Calmodulin-1,CALM1,"['MESH:D015764', 'UniProt:P0DP23', 'GO:0055117', 'MESH:D017202', 'MESH:D000787']",5,4,1,['Drug - Protein - BiologicalProcess - PhenotypicFeature - Disease'],['Drug - negatively regulates - Protein - positively regulates - BiologicalProcess - negatively correlated with - PhenotypicFeature - positively correlated with - Disease'],What gene is most mechanistically related to the indication of Drug Bepridil to Disease Angina Pectoris?
679,DB00977_MESH_D065446_1,DB:DB00977,MESH:D004997,MESH:D065446,UniProt:P03372,Ethinylestradiol,Premenstrual dysphoric disorder,Estrogen receptor,ESR1,"['MESH:D004997', 'UniProt:P03372', 'GO:0043627', 'MESH:D012701', 'MESH:D019964', 'MESH:D065446']",6,5,1,['Drug - Protein - BiologicalProcess - ChemicalSubstance - Disease'],['Drug - increases activity of - Protein - participates in - BiologicalProcess - increases abundance of - ChemicalSubstance - negatively correlated with - Disease'],What gene is most mechanistically related to the indication of Drug Ethinylestradiol to Disease Premenstrual dysphoric disorder?
680,DB00977_MESH_D019584_1,DB:DB00977,MESH:D004997,MESH:D019584,UniProt:P03372,Ethinylestradiol,Menopausal flushing,Estrogen receptor,ESR1,"['MESH:D004997', 'UniProt:P03372', 'GO:0043627', 'MESH:D019584']",4,3,1,['Drug - Protein - BiologicalProcess - Disease'],['Drug - increases activity of - Protein - participates in - BiologicalProcess - treats - Disease'],What gene is most mechanistically related to the indication of Drug Ethinylestradiol to Disease Menopausal flushing?
682,DB00977_MESH_D059268_1,DB:DB00977,MESH:D004997,MESH:D059268,UniProt:P03372,Ethinylestradiol,Atrophic Vaginitis,Estrogen receptor,ESR1,"['MESH:D004997', 'UniProt:P03372', 'GO:0043627', 'MESH:D059268']",4,3,1,['Drug - Protein - BiologicalProcess - Disease'],['Drug - increases activity of - Protein - participates in - BiologicalProcess - prevents - Disease'],What gene is most mechanistically related to the indication of Drug Ethinylestradiol to Disease Atrophic Vaginitis?
683,DB00977_MESH_D015663_1,DB:DB00977,MESH:D004997,MESH:D015663,UniProt:P03372,Ethinylestradiol,Postmenopausal osteoporosis,Estrogen receptor,ESR1,"['MESH:D004997', 'UniProt:P03372', 'GO:0043627', 'CL:0000092', 'GO:0046849', 'GO:0045453', 'MESH:D015663']",7,7,1,['Drug - Protein - BiologicalProcess - Disease'],['Drug - increases activity of - Protein - participates in - BiologicalProcess - causes - Disease'],What gene is most mechanistically related to the indication of Drug Ethinylestradiol to Disease Postmenopausal osteoporosis?
684,DB00067_MESH_D006467_1,DB:DB00067,MESH:C016671,MESH:D006467,UniProt:P00451,Vasopressin,Hemophilia A,Coagulation factor VIII,F8,"['MESH:C016671', 'UniProt:P00451', 'MESH:D006467']",3,2,1,['Drug - Protein - Disease'],['Drug - increases abundance of - Protein - disrupted by - Disease'],What gene is most mechanistically related to the indication of Drug Vasopressin to Disease Hemophilia A?
686,DB00067_MESH_D014842_1,DB:DB00067,MESH:C016671,MESH:D014842,UniProt:P04275,Vasopressin,Von Willebrand disorder,von Willebrand factor,VWF,"['MESH:C016671', 'UniProt:P04275', 'MESH:D014842']",3,2,1,['Drug - Protein - Disease'],['Drug - increases abundance of - Protein - disrupted by - Disease'],What gene is most mechanistically related to the indication of Drug Vasopressin to Disease Von Willebrand disorder?
687,DB00203_MESH_D007172_2,DB:DB00203,MESH:D000068677,MESH:D007172,UniProt:O76074,Sildenafil,Impotence,"cGMP-specific 3',5'-cyclic phosphodiesterase",PDE5A,"['MESH:D000068677', 'UniProt:O76074', 'CHEBI:16356', 'GO:0044557', 'GO:0008015', 'GO:0043084', 'MESH:D007172']",7,6,1,['Drug - Protein - ChemicalSubstance - BiologicalProcess - Disease'],['Drug - decreases activity of - Protein - decreases abundance of - ChemicalSubstance - positively regulates - BiologicalProcess - negatively correlated with - Disease'],What gene is most mechanistically related to the indication of Drug Sildenafil to Disease Impotence?
688,DB00203_MESH_D000081029_1,DB:DB00203,MESH:D000068677,MESH:D000081029,UniProt:O76074,Sildenafil,Pulmonary arterial hypertension,"cGMP-specific 3',5'-cyclic phosphodiesterase",PDE5A,"['MESH:D000068677', 'UniProt:O76074', 'CHEBI:16356', 'GO:0044557', 'GO:0042311', 'GO:0008217', 'MESH:D000081029']",7,6,1,['Drug - Protein - ChemicalSubstance - BiologicalProcess - Disease'],['Drug - decreases activity of - Protein - decreases abundance of - ChemicalSubstance - positively regulates - BiologicalProcess - positively correlated with - Disease'],What gene is most mechanistically related to the indication of Drug Sildenafil to Disease Pulmonary arterial hypertension?
700,DB09036_MESH_D005871_1,DB:DB09036,MESH:C504234,MESH:D005871,UniProt:P05231,Siltuximab,Angiofollicular lymph node hyperplasia,Interleukin-6,IL6,"['MESH:C504234', 'UniProt:P05231', 'MESH:D005871']",3,2,1,['Drug - Protein - Disease'],['Drug - decreases activity of - Protein - positively correlated with - Disease'],What gene is most mechanistically related to the indication of Drug Siltuximab to Disease Angiofollicular lymph node hyperplasia?
702,DB00434_MESH_D003233_1,DB:DB00434,MESH:D003533,MESH:D003233,UniProt:P35367,Cyproheptadine,Allergic conjunctivitis,Histamine H1 receptor,HRH1,"['MESH:D003533', 'UniProt:P35367', 'MESH:D006632', 'UBERON:0035501', 'GO:0070075', 'MESH:D003233']",6,5,1,['Drug - Protein - ChemicalSubstance - GrossAnatomicalStructure - BiologicalProcess - Disease'],['Drug - decreases activity of - Protein - positively correlated with - ChemicalSubstance - positively regulates - GrossAnatomicalStructure - positively regulates - BiologicalProcess - manifestation of - Disease'],What gene is most mechanistically related to the indication of Drug Cyproheptadine to Disease Allergic conjunctivitis?
704,DB00434_MESH_D014581_1,DB:DB00434,MESH:D003533,MESH:D014581,UniProt:P35367,Cyproheptadine,Urticaria,Histamine H1 receptor,HRH1,"['MESH:D003533', 'UniProt:P35367', 'GO:0004969', 'GO:0071420', 'GO:0006954', 'MESH:D014581']",6,5,1,['Drug - Protein - MolecularActivity - BiologicalProcess - Disease'],['Drug - decreases activity of - Protein - positively regulates - MolecularActivity - participates in - BiologicalProcess - causes - Disease'],What gene is most mechanistically related to the indication of Drug Cyproheptadine to Disease Urticaria?
705,DB00434_MESH_D012912_1,DB:DB00434,MESH:D003533,MESH:D012912,UniProt:P35367,Cyproheptadine,Sneezing,Histamine H1 receptor,HRH1,"['MESH:D003533', 'UniProt:P35367', 'GO:0051381', 'GO:0023041', 'UBERON:0000004', 'UBERON:0001645', 'MESH:D012912']",7,6,1,['Drug - Protein - MolecularActivity - BiologicalProcess - GrossAnatomicalStructure - Disease'],['Drug - decreases activity of - Protein - participates in - MolecularActivity - positively regulates - BiologicalProcess - located in - GrossAnatomicalStructure - contributes to - Disease'],What gene is most mechanistically related to the indication of Drug Cyproheptadine to Disease Sneezing?
706,DB00434_MESH_D065631_1,DB:DB00434,MESH:D003533,MESH:D065631,UniProt:P35367,Cyproheptadine,Allergic rhinitis,Histamine H1 receptor,HRH1,"['MESH:D003533', 'UniProt:P35367', 'MESH:D006632', 'GO:0071159', 'GO:0006954', 'UBERON:0000004', 'MESH:D065631']",7,6,1,['Drug - Protein - ChemicalSubstance - CellularComponent - BiologicalProcess - GrossAnatomicalStructure - Disease'],['Drug - negatively regulates - Protein - positively correlated with - ChemicalSubstance - positively regulates - CellularComponent - positively regulates - BiologicalProcess - located in - GrossAnatomicalStructure - affected by - Disease'],What gene is most mechanistically related to the indication of Drug Cyproheptadine to Disease Allergic rhinitis?
712,DB01138_MESH_D033461_1,DB:DB01138,MESH:D013442,MESH:D033461,UniProt:Q96S37,Sulfinpyrazone,Hyperuricemia,Solute carrier family 22 member 12,SLC22A12,"['MESH:D013442', 'UniProt:Q96S37', 'GO:0097744', 'MESH:D033461']",4,3,1,['Drug - Protein - BiologicalProcess - Disease'],['Drug - decreases activity of - Protein - negatively correlated with - BiologicalProcess - negatively correlated with - Disease'],What gene is most mechanistically related to the indication of Drug Sulfinpyrazone to Disease Hyperuricemia?
725,DB00434_MESH_D012912_2,DB:DB00434,MESH:D003533,MESH:D012912,UniProt:P35367,Cyproheptadine,Sneezing,Histamine H1 receptor,HRH1,"['MESH:D003533', 'UniProt:P35367', 'GO:0051381', 'GO:0023041', 'UBERON:0000004', 'UBERON:0001645', 'MESH:D012912']",7,6,1,['Drug - Protein - MolecularActivity - BiologicalProcess - GrossAnatomicalStructure - Disease'],['Drug - decreases activity of - Protein - participates in - MolecularActivity - positively regulates - BiologicalProcess - located in - GrossAnatomicalStructure - contributes to - Disease'],What gene is most mechanistically related to the indication of Drug Cyproheptadine to Disease Sneezing?
726,DB00300_MESH_D015658_1,DB:DB00300,DB:DB00300,MESH:D015658,UniProt:Q72547,Tenofovir disoproxil,Human immunodeficiency virus infection,Reverse transcriptase/RNaseH,N/A,"['DB:DB00300', 'MESH:D000068698', 'MESH:C583447', 'UniProt:Q72547', 'GO:0001171', 'taxonomy:12721', 'MESH:D015658']",7,6,1,['Drug - ChemicalSubstance - Protein - BiologicalProcess - OrganismTaxon - Disease'],['Drug - has metabolite - ChemicalSubstance - decreases activity of - Protein - positively regulates - BiologicalProcess - occurs in - OrganismTaxon - causes - Disease'],What gene is most mechanistically related to the indication of Drug Tenofovir disoproxil to Disease Human immunodeficiency virus infection?
727,DB00300_MESH_D019694_1,DB:DB00300,DB:DB00300,MESH:D019694,UniProt:P03156,Tenofovir disoproxil,Chronic type B viral hepatitis,Protein P,N/A,"['DB:DB00300', 'MESH:D000068698', 'MESH:C583447', 'UniProt:P03156', 'GO:0071897', 'taxonomy:10407', 'MESH:D019694']",7,6,1,['Drug - ChemicalSubstance - Protein - BiologicalProcess - OrganismTaxon - Disease'],['Drug - has metabolite - ChemicalSubstance - decreases activity of - Protein - positively regulates - BiologicalProcess - occurs in - OrganismTaxon - causes - Disease'],What gene is most mechanistically related to the indication of Drug Tenofovir disoproxil to Disease Chronic type B viral hepatitis?
741,DB00215_MESH_D003866_1,DB:DB00215,MESH:D015283,MESH:D003866,UniProt:P31645,Citalopram,Depressive disorder,Sodium-dependent serotonin transporter,SLC6A4,"['MESH:D015283', 'UniProt:P31645', 'GO:0051610', 'MESH:D012701', 'MESH:D003866']",5,4,1,['Drug - Protein - BiologicalProcess - ChemicalSubstance - Disease'],['Drug - decreases activity of - Protein - positively regulates - BiologicalProcess - decreases abundance of - ChemicalSubstance - negatively correlated with - Disease'],What gene is most mechanistically related to the indication of Drug Citalopram to Disease Depressive disorder?
742,DB00215_MESH_D003865_1,DB:DB00215,MESH:D015283,MESH:D003865,UniProt:P31645,Citalopram,"Depressive Disorder, Major",Sodium-dependent serotonin transporter,SLC6A4,"['MESH:D015283', 'UniProt:P31645', 'GO:0051610', 'MESH:D012701', 'MESH:D003865']",5,4,1,['Drug - Protein - BiologicalProcess - ChemicalSubstance - Disease'],['Drug - decreases activity of - Protein - positively regulates - BiologicalProcess - decreases abundance of - ChemicalSubstance - negatively correlated with - Disease'],"What gene is most mechanistically related to the indication of Drug Citalopram to Disease Depressive Disorder, Major?"
745,DB00110_MESH_D018357_1,DB:DB00110,MESH:D000069455,MESH:D018357,UniProt:P13843,palivizumab,Respiratory syncytial virus infection,Fusion glycoprotein F0,N/A,"['MESH:D000069455', 'UniProt:P13843', 'GO:0019064', 'GO:0046718', 'taxonomy:12814', 'MESH:D018357']",6,6,1,['Drug - Protein - BiologicalProcess - OrganismTaxon - Disease'],['Drug - negatively regulates - Protein - positively regulates - BiologicalProcess - in taxon - OrganismTaxon - causes - Disease'],What gene is most mechanistically related to the indication of Drug palivizumab to Disease Respiratory syncytial virus infection?
750,DB09060_MESH_D059413_3,DB:DB09060,MESH:C543519,MESH:D059413,UniProt:P05364,avibactam,Intraabdominal Infections,Beta-lactamase,N/A,"['MESH:C543519', 'UniProt:P05364', 'GO:0008800', 'taxonomy:550', 'MESH:D059413']",5,4,1,['Drug - Protein - MolecularActivity - OrganismTaxon - Disease'],['Drug - negatively regulates - Protein - positively regulates - MolecularActivity - in taxon - OrganismTaxon - causes - Disease'],What gene is most mechanistically related to the indication of Drug avibactam to Disease Intraabdominal Infections?
751,DB09060_MESH_D059413_4,DB:DB09060,MESH:C543519,MESH:D059413,UniProt:P37321,avibactam,Intraabdominal Infections,Extended-spectrum beta-lactamase PER-1,N/A,"['MESH:C543519', 'UniProt:P37321', 'GO:0008800', 'taxonomy:287', 'MESH:D059413']",5,4,1,['Drug - Protein - MolecularActivity - OrganismTaxon - Disease'],['Drug - negatively regulates - Protein - positively regulates - MolecularActivity - in taxon - OrganismTaxon - causes - Disease'],What gene is most mechanistically related to the indication of Drug avibactam to Disease Intraabdominal Infections?
753,DB12225_MESH_D019698_1,DB:DB12225,MESH:C587012,MESH:D019698,UniProt:P27958,beclabuvir,Chronic hepatitis C,Genome polyprotein,N/A,"['MESH:C587012', 'UniProt:P27958', 'GO:0039694', 'taxonomy:63746', 'MESH:D019698']",5,4,1,['Drug - Protein - BiologicalProcess - OrganismTaxon - Disease'],['Drug - negatively regulates - Protein - positively regulates - BiologicalProcess - in taxon - OrganismTaxon - causes - Disease'],What gene is most mechanistically related to the indication of Drug beclabuvir to Disease Chronic hepatitis C?
755,DB06684_MESH_D003865_1,DB:DB06684,MESH:D000069503,MESH:D003865,UniProt:P31645,vilazodone,"Depressive Disorder, Major",Sodium-dependent serotonin transporter,SLC6A4,"['MESH:D000069503', 'UniProt:P31645', 'GO:0051610', 'MESH:D003865']",4,3,1,['Drug - Protein - BiologicalProcess - Disease'],['Drug - negatively regulates - Protein - positively regulates - BiologicalProcess - positively correlated with - Disease'],"What gene is most mechanistically related to the indication of Drug vilazodone to Disease Depressive Disorder, Major?"
756,DB06684_MESH_D003865_2,DB:DB06684,MESH:D000069503,MESH:D003865,UniProt:P08908,vilazodone,"Depressive Disorder, Major",5-hydroxytryptamine receptor 1A,HTR1A,"['MESH:D000069503', 'UniProt:P08908', 'GO:0060096', 'MESH:D003865']",4,3,1,['Drug - Protein - BiologicalProcess - Disease'],['Drug - positively regulates - Protein - positively regulates - BiologicalProcess - negatively correlated with - Disease'],"What gene is most mechanistically related to the indication of Drug vilazodone to Disease Depressive Disorder, Major?"
758,DB12865_MESH_D006962_1,DB:DB12865,MESH:C583569,MESH:D006962,UniProt:P41180,etelcalcetide,Secondary hyperparathyroidism,Extracellular calcium-sensing receptor,CASR,"['MESH:C583569', 'UniProt:P41180', 'GO:0055074', 'HP:0002901', 'HP:0003165', 'MESH:D006962']",6,5,1,['Drug - Protein - BiologicalProcess - PhenotypicFeature - Disease'],['Drug - increases activity of - Protein - positively regulates - BiologicalProcess - negatively correlated with - PhenotypicFeature - positively correlated with - Disease'],What gene is most mechanistically related to the indication of Drug etelcalcetide to Disease Secondary hyperparathyroidism?
759,DB01166_MESH_D007383_1,DB:DB01166,MESH:C045645,MESH:D007383,UniProt:Q14432,cilostazol,Intermittent claudication,"cGMP-inhibited 3',5'-cyclic phosphodiesterase A",PDE3A,"['MESH:C045645', 'UniProt:Q14432', 'GO:0004115', 'CHEBI:17489', 'MESH:D017868', 'GO:0070527', 'GO:0042311', 'MESH:D007383']",8,8,1,['Drug - Protein - MolecularActivity - ChemicalSubstance - GeneFamily - BiologicalProcess - Disease'],['Drug - negatively regulates - Protein - positively regulates - MolecularActivity - decreases abundance of - ChemicalSubstance - increases activity of - GeneFamily - negatively correlated with - BiologicalProcess - negatively correlated with - Disease'],What gene is most mechanistically related to the indication of Drug cilostazol to Disease Intermittent claudication?
762,DB00903_MESH_D004487_1,DB:DB00903,MESH:D004976,MESH:D004487,UniProt:Q13621,ethacrynic acid,Edema,Solute carrier family 12 member 1,SLC12A1,"['MESH:D004976', 'UniProt:Q13621', 'GO:0008511', 'GO:0035812', 'GO:0036359', 'GO:0003092', 'MESH:D004487']",7,7,1,['Drug - Protein - MolecularActivity - BiologicalProcess - Disease'],['Drug - negatively regulates - Protein - positively regulates - MolecularActivity - negatively correlated with - BiologicalProcess - contributes to - Disease'],What gene is most mechanistically related to the indication of Drug ethacrynic acid to Disease Edema?
764,DB00038_MESH_D013921_2,DB:DB00038,MESH:C105308,MESH:D013921,UniProt:Q14626,oprelvekin,Thrombocytopenia,Interleukin-11 receptor subunit alpha,IL11RA,"['MESH:C105308', 'UniProt:Q14626', 'GO:0004921', 'GO:0035726', 'MESH:D034061', 'MESH:D013921']",6,5,1,['Drug - Protein - MolecularActivity - BiologicalProcess - Disease'],['Drug - increases activity of - Protein - positively regulates - MolecularActivity - positively correlated with - BiologicalProcess - negatively correlated with - Disease'],What gene is most mechanistically related to the indication of Drug oprelvekin to Disease Thrombocytopenia?
771,DB00257_MESH_D002181_1,DB:DB00257,MESH:D003022,MESH:D002181,UniProt:P10613,clotrimazole,"Candidiasis, Vulvovaginal",Lanosterol 14-alpha-demethylase,N/A,"['MESH:D003022', 'UniProt:P10613', 'GO:0006696', 'CHEBI:16933', 'GO:0030445', 'MESH:D002463', 'taxonomy:237561', 'MESH:D002181']",8,7,1,['Drug - Protein - BiologicalProcess - ChemicalSubstance - CellularComponent - PhenotypicFeature - OrganismTaxon - Disease'],['Drug - negatively regulates - Protein - positively regulates - BiologicalProcess - produces - ChemicalSubstance - located in - CellularComponent - regulates - PhenotypicFeature - in taxon - OrganismTaxon - causes - Disease'],"What gene is most mechanistically related to the indication of Drug clotrimazole to Disease Candidiasis, Vulvovaginal?"
772,DB00257_MESH_D003963_1,DB:DB00257,MESH:D003022,MESH:D003963,UniProt:P10613,clotrimazole,Diaper Rash,Lanosterol 14-alpha-demethylase,N/A,"['MESH:D003022', 'UniProt:P10613', 'GO:0006696', 'CHEBI:16933', 'GO:0030445', 'MESH:D002463', 'taxonomy:237561', 'MESH:D003963']",8,7,1,['Drug - Protein - BiologicalProcess - ChemicalSubstance - CellularComponent - PhenotypicFeature - OrganismTaxon - Disease'],['Drug - negatively regulates - Protein - positively regulates - BiologicalProcess - produces - ChemicalSubstance - located in - CellularComponent - regulates - PhenotypicFeature - in taxon - OrganismTaxon - causes - Disease'],What gene is most mechanistically related to the indication of Drug clotrimazole to Disease Diaper Rash?
773,DB00257_MESH_D002179_1,DB:DB00257,MESH:D003022,MESH:D002179,UniProt:P10613,clotrimazole,"Candidiasis, Cutaneous",Lanosterol 14-alpha-demethylase,N/A,"['MESH:D003022', 'UniProt:P10613', 'GO:0006696', 'CHEBI:16933', 'GO:0030445', 'MESH:D002463', 'taxonomy:237561', 'MESH:D002179']",8,7,1,['Drug - Protein - BiologicalProcess - ChemicalSubstance - CellularComponent - PhenotypicFeature - OrganismTaxon - Disease'],['Drug - negatively regulates - Protein - positively regulates - BiologicalProcess - produces - ChemicalSubstance - located in - CellularComponent - regulates - PhenotypicFeature - in taxon - OrganismTaxon - causes - Disease'],"What gene is most mechanistically related to the indication of Drug clotrimazole to Disease Candidiasis, Cutaneous?"
774,DB00257_MESH_D002180_1,DB:DB00257,MESH:D003022,MESH:D002180,UniProt:P10613,clotrimazole,"Candidiasis, Oral",Lanosterol 14-alpha-demethylase,N/A,"['MESH:D003022', 'UniProt:P10613', 'GO:0006696', 'CHEBI:16933', 'GO:0030445', 'MESH:D002463', 'taxonomy:237561', 'MESH:D002180']",8,7,1,['Drug - Protein - BiologicalProcess - ChemicalSubstance - CellularComponent - PhenotypicFeature - OrganismTaxon - Disease'],['Drug - negatively regulates - Protein - positively regulates - BiologicalProcess - produces - ChemicalSubstance - located in - CellularComponent - regulates - PhenotypicFeature - in taxon - OrganismTaxon - causes - Disease'],"What gene is most mechanistically related to the indication of Drug clotrimazole to Disease Candidiasis, Oral?"
776,DB00257_MESH_D014010_1,DB:DB00257,MESH:D003022,MESH:D014010,UniProt:P10613,clotrimazole,Tinea Versicolor,Lanosterol 14-alpha-demethylase,N/A,"['MESH:D003022', 'UniProt:P10613', 'GO:0006696', 'CHEBI:16933', 'GO:0030445', 'MESH:D002463', 'taxonomy:237561', 'MESH:D014010']",8,7,1,['Drug - Protein - BiologicalProcess - ChemicalSubstance - CellularComponent - PhenotypicFeature - OrganismTaxon - Disease'],['Drug - negatively regulates - Protein - positively regulates - BiologicalProcess - produces - ChemicalSubstance - located in - CellularComponent - regulates - PhenotypicFeature - in taxon - OrganismTaxon - causes - Disease'],What gene is most mechanistically related to the indication of Drug clotrimazole to Disease Tinea Versicolor?
777,DB09274_MESH_D016778_1,DB:DB09274,MESH:D000077332,MESH:D016778,UniProt:P04926,Artesunate,Falciparum malaria,Malaria protein EXP-1,N/A,"['MESH:D000077332', 'UniProt:P04926', 'taxonomy:5833', 'MESH:D016778']",4,3,1,['Drug - Protein - OrganismTaxon - Disease'],['Drug - negatively regulates - Protein - in taxon - OrganismTaxon - causes - Disease'],What gene is most mechanistically related to the indication of Drug Artesunate to Disease Falciparum malaria?
784,DB11581_MESH_D015451_1,DB:DB11581,MESH:C579720,MESH:D015451,UniProt:P10415,venetoclax,"Leukemia, Lymphocytic, Chronic, B-Cell",Apoptosis regulator Bcl-2,BCL2,"['MESH:C579720', 'UniProt:P10415', 'GO:0006915', 'CL:0000542', 'MESH:D015451']",5,4,1,['Drug - Protein - BiologicalProcess - Cell - Disease'],['Drug - negatively regulates - Protein - positively regulates - BiologicalProcess - located in - Cell - location of - Disease'],"What gene is most mechanistically related to the indication of Drug venetoclax to Disease Leukemia, Lymphocytic, Chronic, B-Cell?"
785,DB01191_MESH_D009765_1,DB:DB01191,MESH:D020372,MESH:D009765,UniProt:P31645,dexfenfluramine,Obesity,Sodium-dependent serotonin transporter,SLC6A4,"['MESH:D020372', 'UniProt:P31645', 'GO:0051610', 'HP:0100738', 'MESH:D009765']",5,4,1,['Drug - Protein - BiologicalProcess - PhenotypicFeature - Disease'],['Drug - negatively regulates - Protein - positively regulates - BiologicalProcess - affects risk for - PhenotypicFeature - positively correlated with - Disease'],What gene is most mechanistically related to the indication of Drug dexfenfluramine to Disease Obesity?
786,DB01191_MESH_D009765_2,DB:DB01191,MESH:D020372,MESH:D009765,UniProt:P28335,dexfenfluramine,Obesity,5-hydroxytryptamine receptor 2C,HTR2C,"['MESH:D020372', 'UniProt:P28335', 'reactome:R-HSA-416476', 'GO:0007631', 'GO:0032098', 'MESH:D009765']",6,6,1,['Drug - Protein - Pathway - BiologicalProcess - Disease'],['Drug - positively regulates - Protein - participates in - Pathway - positively regulates - BiologicalProcess - negatively correlated with - Disease'],What gene is most mechanistically related to the indication of Drug dexfenfluramine to Disease Obesity?
797,DB12833_MESH_D002012_1,DB:DB12833,MESH:C055267,MESH:D002012,UniProt:P08908,tandospirone,Bruxism,5-hydroxytryptamine receptor 1A,HTR1A,"['MESH:C055267', 'UniProt:P08908', 'MESH:D012701', 'HP:0000739', 'MESH:D002012']",5,4,1,['Drug - Protein - ChemicalSubstance - PhenotypicFeature - Disease'],['Drug - increases activity of - Protein - correlated with - ChemicalSubstance - negatively correlated with - PhenotypicFeature - positively correlated with - Disease'],What gene is most mechanistically related to the indication of Drug tandospirone to Disease Bruxism?
800,DB05336_MESH_C571912_1,DB:DB05336,MESH:C000611266,MESH:C571912,UniProt:P13423,obiltoxaximab,Inhalation anthrax,Protective antigen,N/A,"['MESH:C000611266', 'UniProt:P13423', 'GO:0035635', 'taxonomy:1392', 'MESH:C571912']",5,4,1,['Drug - Protein - BiologicalProcess - OrganismTaxon - Disease'],['Drug - decreases activity of - Protein - positively regulates - BiologicalProcess - in taxon - OrganismTaxon - causes - Disease'],What gene is most mechanistically related to the indication of Drug obiltoxaximab to Disease Inhalation anthrax?
801,DB13125_MESH_D013921_1,DB:DB13125,MESH:C000611387,MESH:D013921,UniProt:P40238,lusutrombopag,Thrombocytopenia,Thrombopoietin receptor,MPL,"['MESH:C000611387', 'UniProt:P40238', 'GO:0030220', 'MESH:D001792', 'MESH:D013921']",5,4,1,['Drug - Protein - BiologicalProcess - ChemicalSubstance - Disease'],['Drug - increases activity of - Protein - positively regulates - BiologicalProcess - increases abundance of - ChemicalSubstance - negatively correlated with - Disease'],What gene is most mechanistically related to the indication of Drug lusutrombopag to Disease Thrombocytopenia?
802,DB04897_MESH_D012127_1,DB:DB04897,MESH:C502722,MESH:D012127,UniProt:P07988,lucinactant,Respiratory distress syndrome in the newborn,Pulmonary surfactant-associated protein B,SFTPB,"['MESH:C502722', 'UniProt:P07988', 'HP:0002107', 'MESH:D012127']",4,3,1,['Drug - Protein - PhenotypicFeature - Disease'],['Drug - chemically similar to - Protein - negatively correlated with - PhenotypicFeature - manifestation of - Disease'],What gene is most mechanistically related to the indication of Drug lucinactant to Disease Respiratory distress syndrome in the newborn?
803,DB01106_MESH_D003233_3,DB:DB01106,MESH:C047340,MESH:D003233,UniProt:O95665,levocabastine,Allergic conjunctivitis,Neurotensin receptor type 2,NTSR2,"['MESH:C047340', 'UniProt:O95665', 'MESH:D009496', 'GO:0001821', 'MESH:D003233']",5,4,1,['Drug - Protein - ChemicalSubstance - BiologicalProcess - Disease'],['Drug - decreases activity of - Protein - positively correlated with - ChemicalSubstance - positively regulates - BiologicalProcess - contributes to - Disease'],What gene is most mechanistically related to the indication of Drug levocabastine to Disease Allergic conjunctivitis?
804,DB00593_MESH_D004832_1,DB:DB00593,MESH:D005013,MESH:D004832,UniProt:O43497,Ethosuximide,Absence seizure,Voltage-dependent T-type calcium channel subunit alpha-1G,CACNA1G,"['MESH:D005013', 'UniProt:O43497', 'GO:0019228', 'GO:0035249', 'MESH:D004832']",5,4,1,['Drug - Protein - BiologicalProcess - Disease'],['Drug - decreases activity of - Protein - positively regulates - BiologicalProcess - positively correlated with - Disease'],What gene is most mechanistically related to the indication of Drug Ethosuximide to Disease Absence seizure?
805,DB09038_MESH_D003924_1,DB:DB09038,MESH:C570240,MESH:D003924,UniProt:P31639,empagliflozin,"Diabetes Mellitus, Type 2",Sodium/glucose cotransporter 2,SLC5A2,"['MESH:C570240', 'UniProt:P31639', 'GO:0035623', 'HP:0003074', 'MESH:D003924']",5,4,1,['Drug - Protein - BiologicalProcess - PhenotypicFeature - Disease'],['Drug - decreases activity of - Protein - positively regulates - BiologicalProcess - positively correlated with - PhenotypicFeature - manifestation of - Disease'],"What gene is most mechanistically related to the indication of Drug empagliflozin to Disease Diabetes Mellitus, Type 2?"
806,DB00501_MESH_D004381_1,DB:DB00501,MESH:D002927,MESH:D004381,UniProt:P25021,Cimetidine,Duodenal Ulcer,Histamine H2 receptor,HRH2,"['MESH:D002927', 'UniProt:P25021', 'GO:0001696', 'MESH:D005744', 'MESH:D010437', 'UBERON:0002114', 'MESH:D004381']",7,6,1,['Drug - Protein - BiologicalProcess - ChemicalSubstance - Disease'],['Drug - decreases activity of - Protein - positively regulates - BiologicalProcess - increases abundance of - ChemicalSubstance - contributes to - Disease'],What gene is most mechanistically related to the indication of Drug Cimetidine to Disease Duodenal Ulcer?
807,DB00501_MESH_D013276_1,DB:DB00501,MESH:D002927,MESH:D013276,UniProt:P25021,Cimetidine,Stomach Ulcer,Histamine H2 receptor,HRH2,"['MESH:D002927', 'UniProt:P25021', 'GO:0001696', 'MESH:D005744', 'MESH:D010437', 'UBERON:0000945', 'MESH:D013276']",7,6,1,['Drug - Protein - BiologicalProcess - ChemicalSubstance - Disease'],['Drug - decreases activity of - Protein - positively regulates - BiologicalProcess - increases abundance of - ChemicalSubstance - contributes to - Disease'],What gene is most mechanistically related to the indication of Drug Cimetidine to Disease Stomach Ulcer?
808,DB00501_MESH_D015043_1,DB:DB00501,MESH:D002927,MESH:D015043,UniProt:P25021,Cimetidine,Zollinger-Ellison Syndrome,Histamine H2 receptor,HRH2,"['MESH:D002927', 'UniProt:P25021', 'GO:0001696', 'MESH:D005744', 'HP:0004398', 'MESH:D015043']",6,5,1,['Drug - Protein - BiologicalProcess - ChemicalSubstance - PhenotypicFeature - Disease'],['Drug - decreases activity of - Protein - positively regulates - BiologicalProcess - increases abundance of - ChemicalSubstance - contributes to - PhenotypicFeature - manifestation of - Disease'],What gene is most mechanistically related to the indication of Drug Cimetidine to Disease Zollinger-Ellison Syndrome?
809,DB00501_MESH_D009377_1,DB:DB00501,MESH:D002927,MESH:D009377,UniProt:P25021,Cimetidine,Multiple endocrine adenomas,Histamine H2 receptor,HRH2,"['MESH:D002927', 'UniProt:P25021', 'GO:0035898', 'MESH:D009377']",4,3,1,['Drug - Protein - BiologicalProcess - Disease'],['Drug - decreases activity of - Protein - positively regulates - BiologicalProcess - positively correlated with - Disease'],What gene is most mechanistically related to the indication of Drug Cimetidine to Disease Multiple endocrine adenomas?
810,DB00501_MESH_D004415_1,DB:DB00501,MESH:D002927,MESH:D004415,UniProt:P25021,Cimetidine,Dyspepsia,Histamine H2 receptor,HRH2,"['MESH:D002927', 'UniProt:P25021', 'GO:0001696', 'MESH:D005744', 'MESH:D006356', 'MESH:D004415']",6,5,1,['Drug - Protein - BiologicalProcess - ChemicalSubstance - Disease'],['Drug - decreases activity of - Protein - positively regulates - BiologicalProcess - increases abundance of - ChemicalSubstance - contributes to - Disease'],What gene is most mechanistically related to the indication of Drug Cimetidine to Disease Dyspepsia?
811,DB00501_MESH_D005764_1,DB:DB00501,MESH:D002927,MESH:D005764,UniProt:P25021,Cimetidine,Gastroesophageal Reflux,Histamine H2 receptor,HRH2,"['MESH:D002927', 'UniProt:P25021', 'GO:0001696', 'MESH:D005744', 'MESH:D006356', 'MESH:D005764']",6,5,1,['Drug - Protein - BiologicalProcess - ChemicalSubstance - Disease'],['Drug - decreases activity of - Protein - positively regulates - BiologicalProcess - increases abundance of - ChemicalSubstance - contributes to - Disease'],What gene is most mechanistically related to the indication of Drug Cimetidine to Disease Gastroesophageal Reflux?
812,DB00501_MESH_D006356_1,DB:DB00501,MESH:D002927,MESH:D006356,UniProt:P25021,Cimetidine,Heartburn,Histamine H2 receptor,HRH2,"['MESH:D002927', 'UniProt:P25021', 'GO:0001696', 'MESH:D005744', 'MESH:D006356']",5,4,1,['Drug - Protein - BiologicalProcess - ChemicalSubstance - Disease'],['Drug - decreases activity of - Protein - positively regulates - BiologicalProcess - increases abundance of - ChemicalSubstance - contributes to - Disease'],What gene is most mechanistically related to the indication of Drug Cimetidine to Disease Heartburn?
813,DB00501_MESH_D034721_1,DB:DB00501,MESH:D002927,MESH:D034721,UniProt:P25021,Cimetidine,Systemic mast cell disease,Histamine H2 receptor,HRH2,"['MESH:D002927', 'UniProt:P25021', 'GO:0004969', 'GO:0002553', 'HP:0001025', 'HP:0012531', 'MESH:D034721']",7,7,1,['Drug - Protein - MolecularActivity - BiologicalProcess - PhenotypicFeature - Disease'],['Drug - decreases activity of - Protein - positively regulates - MolecularActivity - positively correlated with - BiologicalProcess - positively regulates - PhenotypicFeature - manifestation of - Disease'],What gene is most mechanistically related to the indication of Drug Cimetidine to Disease Systemic mast cell disease?
831,DB01115_MESH_D006973_1,DB:DB01115,MESH:D009543,MESH:D006973,UniProt:Q13936,Nifedipine,Hypertension,Voltage-dependent L-type calcium channel subunit alpha-1C,CACNA1C,"['MESH:D009543', 'UniProt:Q13936', 'GO:0070509', 'GO:0045907', 'GO:0008217', 'MESH:D006973']",6,5,1,['Drug - Protein - BiologicalProcess - Disease'],['Drug - decreases activity of - Protein - participates in - BiologicalProcess - positively correlated with - Disease'],What gene is most mechanistically related to the indication of Drug Nifedipine to Disease Hypertension?
832,DB01115_MESH_D000788_1,DB:DB01115,MESH:D009543,MESH:D000788,UniProt:Q13936,Nifedipine,"Angina Pectoris, Variant",Voltage-dependent L-type calcium channel subunit alpha-1C,CACNA1C,"['MESH:D009543', 'UniProt:Q13936', 'GO:0070509', 'GO:0045907', 'MESH:D000788']",5,4,1,['Drug - Protein - BiologicalProcess - Disease'],['Drug - decreases activity of - Protein - participates in - BiologicalProcess - positively correlated with - Disease'],"What gene is most mechanistically related to the indication of Drug Nifedipine to Disease Angina Pectoris, Variant?"
833,DB01115_MESH_D000787_1,DB:DB01115,MESH:D009543,MESH:D000787,UniProt:Q13936,Nifedipine,Angina Pectoris,Voltage-dependent L-type calcium channel subunit alpha-1C,CACNA1C,"['MESH:D009543', 'UniProt:Q13936', 'GO:0070509', 'GO:0045907', 'GO:0008015', 'MESH:D000787']",6,5,1,['Drug - Protein - BiologicalProcess - Disease'],['Drug - decreases activity of - Protein - participates in - BiologicalProcess - negatively correlated with - Disease'],What gene is most mechanistically related to the indication of Drug Nifedipine to Disease Angina Pectoris?
835,DB09101_MESH_D015658_1,DB:DB09101,MESH:C509700,MESH:D015658,UniProt:Q7ZJM1,Elvitegravir,Human immunodeficiency virus infection,Integrase,N/A,"['MESH:C509700', 'UniProt:Q7ZJM1', 'GO:0019079', 'taxonomy:11676', 'MESH:D015658']",5,4,1,['Drug - Protein - BiologicalProcess - OrganismTaxon - Disease'],['Drug - decreases activity of - Protein - positively regulates - BiologicalProcess - in taxon - OrganismTaxon - causes - Disease'],What gene is most mechanistically related to the indication of Drug Elvitegravir to Disease Human immunodeficiency virus infection?
840,DB01219_MESH_D009128_1,DB:DB01219,MESH:D003620,MESH:D009128,UniProt:P21817,Dantrolene,Muscle Spasticity,Ryanodine receptor 1,RYR1,"['MESH:D003620', 'UniProt:P21817', 'GO:1990425', 'GO:0005219', 'GO:0032470', 'GO:0006936', 'MESH:D009128']",7,6,1,['Drug - Protein - CellularComponent - MolecularActivity - BiologicalProcess - Disease'],['Drug - negatively regulates - Protein - part of - CellularComponent - participates in - MolecularActivity - participates in - BiologicalProcess - regulates - Disease'],What gene is most mechanistically related to the indication of Drug Dantrolene to Disease Muscle Spasticity?
841,DB01219_MESH_C535694_1,DB:DB01219,MESH:D003620,MESH:C535694,UniProt:P21817,Dantrolene,Malignant hyperthermia,Ryanodine receptor 1,RYR1,"['MESH:D003620', 'UniProt:P21817', 'GO:1990425', 'GO:0005219', 'GO:0032470', 'GO:0006936', 'MESH:C535694']",7,6,1,['Drug - Protein - CellularComponent - MolecularActivity - BiologicalProcess - Disease'],['Drug - negatively regulates - Protein - part of - CellularComponent - participates in - MolecularActivity - participates in - BiologicalProcess - regulates - Disease'],What gene is most mechanistically related to the indication of Drug Dantrolene to Disease Malignant hyperthermia?
842,DB01246_MESH_D014581_1,DB:DB01246,DB:DB01246,MESH:D014581,UniProt:P35367,alimemazine,Urticaria,Histamine H1 receptor,HRH1,"['DB:DB01246', 'UniProt:P35367', 'GO:0004969', 'GO:0043117', 'GO:0071420', 'GO:0006954', 'MESH:D014581']",7,6,1,['Drug - Protein - MolecularActivity - BiologicalProcess - Disease'],['Drug - negatively regulates - Protein - positively regulates - MolecularActivity - participates in - BiologicalProcess - causes - Disease'],What gene is most mechanistically related to the indication of Drug alimemazine to Disease Urticaria?
843,DB01246_MESH_D012912_1,DB:DB01246,DB:DB01246,MESH:D012912,UniProt:P35367,alimemazine,Sneezing,Histamine H1 receptor,HRH1,"['DB:DB01246', 'UniProt:P35367', 'GO:0004969', 'GO:0071420', 'GO:0006954', 'MESH:D012912']",6,5,1,['Drug - Protein - MolecularActivity - BiologicalProcess - Disease'],['Drug - negatively regulates - Protein - positively regulates - MolecularActivity - participates in - BiologicalProcess - causes - Disease'],What gene is most mechanistically related to the indication of Drug alimemazine to Disease Sneezing?
844,DB01246_MESH_D000799_1,DB:DB01246,DB:DB01246,MESH:D000799,UniProt:P35367,alimemazine,Angioedema,Histamine H1 receptor,HRH1,"['DB:DB01246', 'UniProt:P35367', 'GO:0004969', 'GO:0043117', 'GO:0071420', 'GO:0006954', 'MESH:D000799']",7,6,1,['Drug - Protein - MolecularActivity - BiologicalProcess - Disease'],['Drug - negatively regulates - Protein - positively regulates - MolecularActivity - participates in - BiologicalProcess - causes - Disease'],What gene is most mechanistically related to the indication of Drug alimemazine to Disease Angioedema?
845,DB01246_MESH_D003233_1,DB:DB01246,DB:DB01246,MESH:D003233,UniProt:P35367,alimemazine,Allergic conjunctivitis,Histamine H1 receptor,HRH1,"['DB:DB01246', 'UniProt:P35367', 'GO:0004969', 'GO:0071420', 'GO:0006954', 'MESH:D003233']",6,5,1,['Drug - Protein - MolecularActivity - BiologicalProcess - Disease'],['Drug - negatively regulates - Protein - positively regulates - MolecularActivity - participates in - BiologicalProcess - causes - Disease'],What gene is most mechanistically related to the indication of Drug alimemazine to Disease Allergic conjunctivitis?
846,DB01246_MESH_D011537_1,DB:DB01246,DB:DB01246,MESH:D011537,UniProt:P35367,alimemazine,Pruritus,Histamine H1 receptor,HRH1,"['DB:DB01246', 'UniProt:P35367', 'GO:0004969', 'GO:0071420', 'GO:0006954', 'MESH:D011537']",6,5,1,['Drug - Protein - MolecularActivity - BiologicalProcess - Disease'],['Drug - negatively regulates - Protein - positively regulates - MolecularActivity - participates in - BiologicalProcess - causes - Disease'],What gene is most mechanistically related to the indication of Drug alimemazine to Disease Pruritus?
847,DB01246_MESH_D065631_1,DB:DB01246,DB:DB01246,MESH:D065631,UniProt:P35367,alimemazine,Allergic rhinitis,Histamine H1 receptor,HRH1,"['DB:DB01246', 'UniProt:P35367', 'GO:0034776', 'MESH:D065631']",4,3,1,['Drug - Protein - BiologicalProcess - Disease'],['Drug - negatively regulates - Protein - participates in - BiologicalProcess - causes - Disease'],What gene is most mechanistically related to the indication of Drug alimemazine to Disease Allergic rhinitis?
848,DB01413_MESH_D013290_1,DB:DB01413,MESH:C043266,MESH:D013290,UniProt:Q54906,Cefepime,Streptococcal Infections,Penicillin-binding protein (Streptococcus pyogenes),N/A,"['MESH:C043266', 'UniProt:Q54906', 'GO:0071972', 'GO:0018104', 'GO:0031504', 'taxonomy:1314', 'MESH:D013290']",7,6,1,['Drug - Protein - MolecularActivity - BiologicalProcess - OrganismTaxon - Disease'],['Drug - negatively regulates - Protein - positively regulates - MolecularActivity - participates in - BiologicalProcess - in taxon - OrganismTaxon - causes - Disease'],What gene is most mechanistically related to the indication of Drug Cefepime to Disease Streptococcal Infections?
849,DB01413_MESH_D059413_1,DB:DB01413,MESH:C043266,MESH:D059413,UniProt:P0AD65,Cefepime,Intraabdominal Infections,"Peptidoglycan D,D-transpeptidase MrdA",N/A,"['MESH:C043266', 'UniProt:P0AD65', 'GO:0071972', 'GO:0018104', 'GO:0031504', 'taxonomy:562', 'MESH:D059413']",7,6,1,['Drug - Protein - MolecularActivity - BiologicalProcess - OrganismTaxon - Disease'],['Drug - negatively regulates - Protein - positively regulates - MolecularActivity - participates in - BiologicalProcess - in taxon - OrganismTaxon - positively correlated with - Disease'],What gene is most mechanistically related to the indication of Drug Cefepime to Disease Intraabdominal Infections?
850,DB01413_MESH_D011018_1,DB:DB01413,MESH:C043266,MESH:D011018,UniProt:P0AD65,Cefepime,Pneumonia due to Streptococcus,"Peptidoglycan D,D-transpeptidase MrdA",N/A,"['MESH:C043266', 'UniProt:P0AD65', 'GO:0071972', 'GO:0018104', 'GO:0031504', 'taxonomy:1313', 'MESH:D011018']",7,6,1,['Drug - Protein - MolecularActivity - BiologicalProcess - OrganismTaxon - Disease'],['Drug - negatively regulates - Protein - positively regulates - MolecularActivity - participates in - BiologicalProcess - in taxon - OrganismTaxon - positively correlated with - Disease'],What gene is most mechanistically related to the indication of Drug Cefepime to Disease Pneumonia due to Streptococcus?
851,DB01413_MESH_D013203_1,DB:DB01413,MESH:C043266,MESH:D013203,UniProt:Q53725,Cefepime,Staphylococcal Infections,Cell division protein FtsI (Staphylococcus aureus),N/A,"['MESH:C043266', 'UniProt:Q53725', 'GO:0071972', 'GO:0018104', 'GO:0031504', 'taxonomy:1280', 'MESH:D013203']",7,6,1,['Drug - Protein - MolecularActivity - BiologicalProcess - OrganismTaxon - Disease'],['Drug - negatively regulates - Protein - positively regulates - MolecularActivity - participates in - BiologicalProcess - in taxon - OrganismTaxon - causes - Disease'],What gene is most mechanistically related to the indication of Drug Cefepime to Disease Staphylococcal Infections?
852,DB01413_MESH_D018410_1,DB:DB01413,MESH:C043266,MESH:D018410,UniProt:P0A3M6,Cefepime,"Pneumonia, Bacterial",Penicillin-binding protein 2B,N/A,"['MESH:C043266', 'UniProt:P0A3M6', 'GO:0071972', 'GO:0018104', 'GO:0031504', 'taxonomy:1313', 'MESH:D018410']",7,6,1,['Drug - Protein - MolecularActivity - BiologicalProcess - OrganismTaxon - Disease'],['Drug - negatively regulates - Protein - positively regulates - MolecularActivity - participates in - BiologicalProcess - in taxon - OrganismTaxon - causes - Disease'],"What gene is most mechanistically related to the indication of Drug Cefepime to Disease Pneumonia, Bacterial?"
853,DB04884_MESH_D061686_1,DB:DB04884,MESH:C080598,MESH:D061686,UniProt:P31645,dapoxetine,Premature ejaculation,Sodium-dependent serotonin transporter,SLC6A4,"['MESH:C080598', 'UniProt:P31645', 'GO:0051610', 'MESH:D012701', 'MESH:D061686']",5,4,1,['Drug - Protein - BiologicalProcess - ChemicalSubstance - Disease'],['Drug - decreases activity of - Protein - participates in - BiologicalProcess - increases abundance of - ChemicalSubstance - prevents - Disease'],What gene is most mechanistically related to the indication of Drug dapoxetine to Disease Premature ejaculation?
854,DB06788_MESH_D011629_1,DB:DB06788,MESH:C029256,MESH:D011629,UniProt:P30968,Histrelin,Precocious puberty,Gonadotropin-releasing hormone receptor,GNRHR,"['MESH:C029256', 'UniProt:P30968', 'GO:0005183', 'GO:0006703', 'GO:0006702', 'GO:0006701', 'MESH:D011629']",7,8,1,['Drug - Protein - BiologicalProcess - Disease'],['Drug - increases activity of - Protein - positively regulates - BiologicalProcess - positively correlated with - Disease'],What gene is most mechanistically related to the indication of Drug Histrelin to Disease Precocious puberty?
857,DB00099_MESH_C537592_1,DB:DB00099,MESH:D000069585,MESH:C537592,UniProt:Q99062,Filgrastim,Congenital neutropenia,Granulocyte colony-stimulating factor receptor,CSF3R,"['MESH:D000069585', 'UniProt:Q99062', 'GO:0030223', 'MESH:C537592']",4,3,1,['Drug - Protein - BiologicalProcess - Disease'],['Drug - increases activity of - Protein - positively regulates - BiologicalProcess - negatively correlated with - Disease'],What gene is most mechanistically related to the indication of Drug Filgrastim to Disease Congenital neutropenia?
858,DB00099_MESH_C536227_1,DB:DB00099,MESH:D000069585,MESH:C536227,UniProt:Q99062,Filgrastim,Cyclical neutropenia,Granulocyte colony-stimulating factor receptor,CSF3R,"['MESH:D000069585', 'UniProt:Q99062', 'GO:0030223', 'MESH:C536227']",4,3,1,['Drug - Protein - BiologicalProcess - Disease'],['Drug - increases activity of - Protein - positively regulates - BiologicalProcess - negatively correlated with - Disease'],What gene is most mechanistically related to the indication of Drug Filgrastim to Disease Cyclical neutropenia?
864,DB00574_MESH_D009765_1,DB:DB00574,MESH:D005277,MESH:D009765,UniProt:P28221,Fenfluramine,Obesity,5-hydroxytryptamine receptor 1D,HTR1D,"['MESH:D005277', 'UniProt:P28221', 'MESH:D012701', 'GO:0032100', 'MESH:D009765']",5,4,1,['Drug - Protein - ChemicalSubstance - BiologicalProcess - Disease'],['Drug - increases activity of - Protein - positively correlated with - ChemicalSubstance - negatively regulates - BiologicalProcess - positively correlated with - Disease'],What gene is most mechanistically related to the indication of Drug Fenfluramine to Disease Obesity?
865,DB00808_MESH_D004487_1,DB:DB00808,MESH:D007190,MESH:D004487,UniProt:P55017,Indapamide,Edema,Solute carrier family 12 member 3,SLC12A3,"['MESH:D007190', 'UniProt:P55017', 'GO:0070294', 'GO:0003092', 'MESH:D004487']",5,4,1,['Drug - Protein - BiologicalProcess - Disease'],['Drug - decreases activity of - Protein - participates in - BiologicalProcess - contributes to - Disease'],What gene is most mechanistically related to the indication of Drug Indapamide to Disease Edema?
866,DB00808_MESH_D006973_1,DB:DB00808,MESH:D007190,MESH:D006973,UniProt:P55017,Indapamide,Hypertension,Solute carrier family 12 member 3,SLC12A3,"['MESH:D007190', 'UniProt:P55017', 'GO:0070294', 'GO:0003092', 'HP:0011104', 'GO:0045777', 'MESH:D006973']",7,6,1,['Drug - Protein - BiologicalProcess - Disease'],['Drug - decreases activity of - Protein - participates in - BiologicalProcess - affects risk for - Disease'],What gene is most mechanistically related to the indication of Drug Indapamide to Disease Hypertension?
873,DB01045_MESH_D014397_1,DB:DB01045,MESH:D012293,MESH:D014397,UniProt:P9WGY9,Rifampicin,Pulmonary tuberculosis,DNA-directed RNA polymerase subunit beta (Mycobacterium tuberculosis),N/A,"['MESH:D012293', 'UniProt:P9WGY9', 'GO:0006351', 'taxonomy:1773', 'MESH:D014397']",5,4,1,['Drug - Protein - BiologicalProcess - OrganismTaxon - Disease'],['Drug - decreases activity of - Protein - positively regulates - BiologicalProcess - in taxon - OrganismTaxon - causes - Disease'],What gene is most mechanistically related to the indication of Drug Rifampicin to Disease Pulmonary tuberculosis?
874,DB09046_MESH_C562448_1,DB:DB09046,MESH:C415771,MESH:C562448,UniProt:P48357,Metreleptin,Acquired partial lipodystrophy,Leptin receptor,LEPR,"['MESH:C415771', 'UniProt:P48357', 'MESH:D020738', 'UBERON:0001013', 'MESH:C562448']",5,4,1,['Drug - Protein - ChemicalSubstance - GrossAnatomicalStructure - Disease'],['Drug - increases activity of - Protein - positively correlated with - ChemicalSubstance - produced by - GrossAnatomicalStructure - negatively correlated with - Disease'],What gene is most mechanistically related to the indication of Drug Metreleptin to Disease Acquired partial lipodystrophy?
875,DB09046_MESH_D052497_1,DB:DB09046,MESH:C415771,MESH:D052497,UniProt:P48357,Metreleptin,Congenital generalized lipodystrophy,Leptin receptor,LEPR,"['MESH:C415771', 'UniProt:P48357', 'MESH:D020738', 'UBERON:0001013', 'MESH:D052497']",5,4,1,['Drug - Protein - ChemicalSubstance - GrossAnatomicalStructure - Disease'],['Drug - increases activity of - Protein - positively correlated with - ChemicalSubstance - produced by - GrossAnatomicalStructure - negatively correlated with - Disease'],What gene is most mechanistically related to the indication of Drug Metreleptin to Disease Congenital generalized lipodystrophy?
877,DB09352_MESH_D015878_1,DB:DB09352,MESH:D010136,MESH:D015878,UniProt:P35348,Hydroxyamfetamine,Mydriasis,Alpha-1A adrenergic receptor,ADRA1A,"['MESH:D010136', 'GO:0061533', 'UniProt:P35348', 'MESH:D015878']",4,3,1,['Drug - BiologicalProcess - Protein - Disease'],['Drug - positively regulates - BiologicalProcess - positively regulates - Protein - positively regulates - Disease'],What gene is most mechanistically related to the indication of Drug Hydroxyamfetamine to Disease Mydriasis?
894,DB06710_MESH_D005058_1,DB:DB06710,MESH:D008777,MESH:D005058,UniProt:P10275,methyltestosterone,Eunuchism,Androgen receptor,AR,"['MESH:D008777', 'UniProt:P10275', 'GO:0060742', 'GO:0048808', 'GO:0008584', 'GO:0019102', 'GO:0007283', 'CHEBI:17347', 'MESH:D005058']",9,12,1,['Drug - Protein - BiologicalProcess - ChemicalSubstance - Disease'],['Drug - increases activity of - Protein - positively regulates - BiologicalProcess - positively correlated with - ChemicalSubstance - negatively correlated with - Disease'],What gene is most mechanistically related to the indication of Drug methyltestosterone to Disease Eunuchism?
895,DB06710_MESH_D011628_1,DB:DB06710,MESH:D008777,MESH:D011628,UniProt:P10275,methyltestosterone,Delayed puberty,Androgen receptor,AR,"['MESH:D008777', 'UniProt:P10275', 'GO:0030518', 'GO:0071394', 'GO:0071391', 'GO:0048808', 'GO:0048807', 'MESH:D011628']",8,8,1,['Drug - Protein - BiologicalProcess - Disease'],['Drug - increases activity of - Protein - positively regulates - BiologicalProcess - negatively correlated with - Disease'],What gene is most mechanistically related to the indication of Drug methyltestosterone to Disease Delayed puberty?
897,DB00555_MESH_D012640_2,DB:DB00555,MESH:C047781,MESH:D012640,UniProt:Q15878,lamotrigine,Seizures,Voltage-dependent R-type calcium channel subunit alpha-1E,CACNA1E,"['MESH:C047781', 'UniProt:Q15878', 'reactome:R-HSA-112308', 'GO:0007268', 'GO:0061535', 'HP:0020219', 'MESH:D012640']",7,6,1,['Drug - Protein - Pathway - BiologicalProcess - PhenotypicFeature - Disease'],['Drug - negatively regulates - Protein - participates in - Pathway - positively correlated with - BiologicalProcess - positively correlated with - PhenotypicFeature - positively correlated with - Disease'],What gene is most mechanistically related to the indication of Drug lamotrigine to Disease Seizures?
899,DB00555_MESH_D004828_2,DB:DB00555,MESH:C047781,MESH:D004828,UniProt:Q15878,lamotrigine,"Epilepsies, Partial",Voltage-dependent R-type calcium channel subunit alpha-1E,CACNA1E,"['MESH:C047781', 'UniProt:Q15878', 'reactome:R-HSA-112308', 'GO:0007268', 'GO:0061535', 'HP:0032843', 'MESH:D004828']",7,6,1,['Drug - Protein - Pathway - BiologicalProcess - PhenotypicFeature - Disease'],['Drug - negatively regulates - Protein - participates in - Pathway - positively correlated with - BiologicalProcess - positively correlated with - PhenotypicFeature - positively correlated with - Disease'],"What gene is most mechanistically related to the indication of Drug lamotrigine to Disease Epilepsies, Partial?"
901,DB00555_MESH_D065768_2,DB:DB00555,MESH:C047781,MESH:D065768,UniProt:Q15878,lamotrigine,Lennox Gastaut Syndrome,Voltage-dependent R-type calcium channel subunit alpha-1E,CACNA1E,"['MESH:C047781', 'UniProt:Q15878', 'reactome:R-HSA-112308', 'GO:0007268', 'GO:0061535', 'HP:0032792', 'MESH:D065768']",7,6,1,['Drug - Protein - Pathway - BiologicalProcess - PhenotypicFeature - Disease'],['Drug - negatively regulates - Protein - participates in - Pathway - positively correlated with - BiologicalProcess - positively correlated with - PhenotypicFeature - positively correlated with - Disease'],What gene is most mechanistically related to the indication of Drug lamotrigine to Disease Lennox Gastaut Syndrome?
903,DB00555_MESH_D004827_2,DB:DB00555,MESH:C047781,MESH:D004827,UniProt:Q15878,lamotrigine,Epilepsy,Voltage-dependent R-type calcium channel subunit alpha-1E,CACNA1E,"['MESH:C047781', 'UniProt:Q15878', 'reactome:R-HSA-112308', 'GO:0007268', 'GO:0061535', 'HP:0020219', 'MESH:D004827']",7,6,1,['Drug - Protein - Pathway - BiologicalProcess - PhenotypicFeature - Disease'],['Drug - negatively regulates - Protein - participates in - Pathway - positively correlated with - BiologicalProcess - positively correlated with - PhenotypicFeature - positively correlated with - Disease'],What gene is most mechanistically related to the indication of Drug lamotrigine to Disease Epilepsy?
904,DB00850_MESH_D012559_2,DB:DB00850,MESH:D011346,MESH:D012559,UniProt:P14416,prochlorperazine,Schizophrenia,D(2) dopamine receptor,DRD2,"['MESH:D011346', 'UniProt:P14416', 'GO:0014046', 'CHEBI:18243', 'MESH:D012559']",5,4,1,['Drug - Protein - BiologicalProcess - ChemicalSubstance - Disease'],['Drug - decreases activity of - Protein - positively regulates - BiologicalProcess - increases abundance of - ChemicalSubstance - positively correlated with - Disease'],What gene is most mechanistically related to the indication of Drug prochlorperazine to Disease Schizophrenia?
917,DB02383_MESH_D048909_1,DB:DB02383,MESH:C040550,MESH:D048909,UniProt:P15121,Tolrestat,Diabetic complication,Aldose reductase,AKR1B1,"['MESH:C040550', 'UniProt:P15121', 'MESH:D013012', 'GO:0006970', 'HP:0000518', 'MESH:D048909']",6,5,1,['Drug - Protein - ChemicalSubstance - BiologicalProcess - PhenotypicFeature - Disease'],['Drug - decreases activity of - Protein - increases abundance of - ChemicalSubstance - causes - BiologicalProcess - positively correlated with - PhenotypicFeature - manifestation of - Disease'],What gene is most mechanistically related to the indication of Drug Tolrestat to Disease Diabetic complication?
927,DB00347_MESH_D004832_2,DB:DB00347,MESH:D014293,MESH:D004832,UniProt:O43497,trimethadione,Absence seizure,Voltage-dependent T-type calcium channel subunit alpha-1G,CACNA1G,"['MESH:D014293', 'UniProt:O43497', 'GO:0007268', 'HP:0012535', 'HP:0002121', 'MESH:D004832']",6,5,1,['Drug - Protein - BiologicalProcess - PhenotypicFeature - Disease'],['Drug - decreases activity of - Protein - positively regulates - BiologicalProcess - correlated with - PhenotypicFeature - positively correlated with - Disease'],What gene is most mechanistically related to the indication of Drug trimethadione to Disease Absence seizure?
933,DB09053_MESH_D015451_1,DB:DB09053,MESH:C551803,MESH:D015451,UniProt:Q06187,ibrutinib,"Leukemia, Lymphocytic, Chronic, B-Cell",Tyrosine-protein kinase BTK,BTK,"['MESH:C551803', 'UniProt:Q06187', 'GO:0050853', 'GO:0002368', 'GO:0060326', 'GO:0006915', 'MESH:D015451']",7,8,1,['Drug - Protein - BiologicalProcess - Disease'],['Drug - negatively regulates - Protein - positively regulates - BiologicalProcess - negatively correlated with - Disease'],"What gene is most mechanistically related to the indication of Drug ibrutinib to Disease Leukemia, Lymphocytic, Chronic, B-Cell?"
934,DB06201_MESH_D065768_1,DB:DB06201,MESH:C079703,MESH:D065768,UniProt:Q15858,rufinamide,Lennox Gastaut Syndrome,Sodium channel protein type 9 subunit alpha,SCN9A,"['MESH:C079703', 'UniProt:Q15858', 'GO:0019228', 'GO:0007269', 'HP:0032792', 'MESH:D065768']",6,5,1,['Drug - Protein - BiologicalProcess - PhenotypicFeature - Disease'],['Drug - decreases activity of - Protein - positively regulates - BiologicalProcess - positively correlated with - PhenotypicFeature - positively correlated with - Disease'],What gene is most mechanistically related to the indication of Drug rufinamide to Disease Lennox Gastaut Syndrome?
935,DB06201_MESH_D065768_2,DB:DB06201,MESH:C079703,MESH:D065768,UniProt:P41594,rufinamide,Lennox Gastaut Syndrome,Metabotropic glutamate receptor 5,GRM5,"['MESH:C079703', 'UniProt:P41594', 'GO:0099530', 'GO:0035249', 'HP:0032792', 'MESH:D065768']",6,5,1,['Drug - Protein - MolecularActivity - BiologicalProcess - PhenotypicFeature - Disease'],['Drug - decreases activity of - Protein - positively correlated with - MolecularActivity - positively correlated with - BiologicalProcess - positively correlated with - PhenotypicFeature - positively correlated with - Disease'],What gene is most mechanistically related to the indication of Drug rufinamide to Disease Lennox Gastaut Syndrome?
939,DB00309_MESH_D008545_1,DB:DB00309,MESH:D014751,MESH:D008545,UniProt:Q9H4B7,Vindesine,Malignant melanoma,Tubulin beta-1 chain,TUBB1,"['MESH:D014751', 'UniProt:Q9H4B7', 'GO:1902850', 'GO:0140014', 'GO:0097325', 'MESH:D008545']",6,5,1,['Drug - Protein - BiologicalProcess - Disease'],['Drug - decreases activity of - Protein - part of - BiologicalProcess - positively correlated with - Disease'],What gene is most mechanistically related to the indication of Drug Vindesine to Disease Malignant melanoma?
940,DB00309_MESH_D008175_1,DB:DB00309,MESH:D014751,MESH:D008175,UniProt:Q9H4B7,Vindesine,Lung Neoplasms,Tubulin beta-1 chain,TUBB1,"['MESH:D014751', 'UniProt:Q9H4B7', 'GO:1902850', 'GO:0140014', 'GO:0008283', 'MESH:D008175']",6,5,1,['Drug - Protein - BiologicalProcess - Disease'],['Drug - decreases activity of - Protein - part of - BiologicalProcess - positively correlated with - Disease'],What gene is most mechanistically related to the indication of Drug Vindesine to Disease Lung Neoplasms?
941,DB00309_MESH_D015464_1,DB:DB00309,MESH:D014751,MESH:D015464,UniProt:Q9H4B7,Vindesine,Chronic myeloid leukemia,Tubulin beta-1 chain,TUBB1,"['MESH:D014751', 'UniProt:Q9H4B7', 'GO:1902850', 'GO:0140014', 'GO:0008283', 'MESH:D015464']",6,5,1,['Drug - Protein - BiologicalProcess - Disease'],['Drug - decreases activity of - Protein - part of - BiologicalProcess - positively correlated with - Disease'],What gene is most mechanistically related to the indication of Drug Vindesine to Disease Chronic myeloid leukemia?
944,DB00374_MESH_D000081029_1,DB:DB00374,MESH:C427248,MESH:D000081029,UniProt:P43119,Treprostinil,Pulmonary arterial hypertension,Prostacyclin receptor,PTGIR,"['MESH:C427248', 'UniProt:P43119', 'GO:0007189', 'InterPro:IPR044109', 'GO:0044557', 'GO:0042311', 'MESH:D000081029']",7,6,1,['Drug - Protein - BiologicalProcess - Disease'],['Drug - increases activity of - Protein - positively regulates - BiologicalProcess - negatively correlated with - Disease'],What gene is most mechanistically related to the indication of Drug Treprostinil to Disease Pulmonary arterial hypertension?
946,DB01418_MESH_D011655_2,DB:DB01418,MESH:D000074,MESH:D011655,UniProt:Q9BQB6,Acenocoumarol,Pulmonary embolism,Vitamin K epoxide reductase complex subunit 1,VKORC1,"['MESH:D000074', 'UniProt:Q9BQB6', 'GO:0042373', 'GO:0007596', 'UBERON:0010210', 'MESH:D011655']",6,5,1,['Drug - Protein - BiologicalProcess - GrossAnatomicalStructure - Disease'],['Drug - decreases activity of - Protein - participates in - BiologicalProcess - has output - GrossAnatomicalStructure - positively correlated with - Disease'],What gene is most mechanistically related to the indication of Drug Acenocoumarol to Disease Pulmonary embolism?
947,DB01420_MESH_D003456_1,DB:DB01420,MESH:D043343,MESH:D003456,UniProt:P10275,Testosterone propionate,Cryptorchidism,Androgen receptor,AR,"['MESH:D043343', 'UniProt:P10275', 'GO:0030521', 'GO:0003006', 'MESH:D003456']",5,4,1,['Drug - Protein - BiologicalProcess - Disease'],['Drug - increases activity of - Protein - positively regulates - BiologicalProcess - negatively correlated with - Disease'],What gene is most mechanistically related to the indication of Drug Testosterone propionate to Disease Cryptorchidism?
948,DB00624_MESH_D003456_1,DB:DB00624,MESH:D013739,MESH:D003456,UniProt:P10275,Testosterone,Cryptorchidism,Androgen receptor,AR,"['MESH:D013739', 'UniProt:P10275', 'GO:0030521', 'GO:0003006', 'MESH:D003456']",5,4,1,['Drug - Protein - BiologicalProcess - Disease'],['Drug - increases activity of - Protein - positively regulates - BiologicalProcess - negatively correlated with - Disease'],What gene is most mechanistically related to the indication of Drug Testosterone to Disease Cryptorchidism?
949,DB01420_MESH_D011628_1,DB:DB01420,MESH:D043343,MESH:D011628,UniProt:P10275,Testosterone propionate,Delayed puberty,Androgen receptor,AR,"['MESH:D043343', 'UniProt:P10275', 'GO:0030521', 'GO:0003006', 'MESH:D011628']",5,4,1,['Drug - Protein - BiologicalProcess - Disease'],['Drug - increases activity of - Protein - positively regulates - BiologicalProcess - negatively correlated with - Disease'],What gene is most mechanistically related to the indication of Drug Testosterone propionate to Disease Delayed puberty?
950,DB00624_MESH_D011628_1,DB:DB00624,MESH:D013739,MESH:D011628,UniProt:P10275,Testosterone,Delayed puberty,Androgen receptor,AR,"['MESH:D013739', 'UniProt:P10275', 'GO:0030521', 'GO:0003006', 'MESH:D011628']",5,4,1,['Drug - Protein - BiologicalProcess - Disease'],['Drug - increases activity of - Protein - positively regulates - BiologicalProcess - negatively correlated with - Disease'],What gene is most mechanistically related to the indication of Drug Testosterone to Disease Delayed puberty?
951,DB01420_MESH_D005058_1,DB:DB01420,MESH:D043343,MESH:D005058,UniProt:P10275,Testosterone propionate,Eunuchism,Androgen receptor,AR,"['MESH:D043343', 'UniProt:P10275', 'GO:0030521', 'GO:0003006', 'MESH:D005058']",5,4,1,['Drug - Protein - BiologicalProcess - Disease'],['Drug - increases activity of - Protein - positively regulates - BiologicalProcess - negatively correlated with - Disease'],What gene is most mechanistically related to the indication of Drug Testosterone propionate to Disease Eunuchism?
952,DB00624_MESH_D005058_1,DB:DB00624,MESH:D013739,MESH:D005058,UniProt:P10275,Testosterone,Eunuchism,Androgen receptor,AR,"['MESH:D013739', 'UniProt:P10275', 'GO:0030521', 'GO:0003006', 'MESH:D005058']",5,4,1,['Drug - Protein - BiologicalProcess - Disease'],['Drug - increases activity of - Protein - positively regulates - BiologicalProcess - negatively correlated with - Disease'],What gene is most mechanistically related to the indication of Drug Testosterone to Disease Eunuchism?
953,DB01420_MESH_D007713_1,DB:DB01420,MESH:D043343,MESH:D007713,UniProt:P10275,Testosterone propionate,Klinefelter Syndrome,Androgen receptor,AR,"['MESH:D043343', 'UniProt:P10275', 'GO:0030521', 'GO:0003006', 'HP:0003251', 'MESH:D007713']",6,5,1,['Drug - Protein - BiologicalProcess - PhenotypicFeature - Disease'],['Drug - increases activity of - Protein - positively regulates - BiologicalProcess - negatively correlated with - PhenotypicFeature - positively correlated with - Disease'],What gene is most mechanistically related to the indication of Drug Testosterone propionate to Disease Klinefelter Syndrome?
954,DB00624_MESH_D007713_1,DB:DB00624,MESH:D013739,MESH:D007713,UniProt:P10275,Testosterone,Klinefelter Syndrome,Androgen receptor,AR,"['MESH:D013739', 'UniProt:P10275', 'GO:0030521', 'GO:0003006', 'HP:0003251', 'MESH:D007713']",6,5,1,['Drug - Protein - BiologicalProcess - PhenotypicFeature - Disease'],['Drug - increases activity of - Protein - positively regulates - BiologicalProcess - negatively correlated with - PhenotypicFeature - positively correlated with - Disease'],What gene is most mechanistically related to the indication of Drug Testosterone to Disease Klinefelter Syndrome?
958,DB08907_MESH_D003924_1,DB:DB08907,MESH:D000068896,MESH:D003924,UniProt:P31639,Canagliflozin,"Diabetes Mellitus, Type 2",Sodium/glucose cotransporter 2,SLC5A2,"['MESH:D000068896', 'UniProt:P31639', 'GO:0035623', 'HP:0003074', 'MESH:D003924']",5,4,1,['Drug - Protein - BiologicalProcess - PhenotypicFeature - Disease'],['Drug - decreases activity of - Protein - participates in - BiologicalProcess - positively correlated with - PhenotypicFeature - positively correlated with - Disease'],"What gene is most mechanistically related to the indication of Drug Canagliflozin to Disease Diabetes Mellitus, Type 2?"
959,DB09054_MESH_D008224_1,DB:DB09054,MESH:C552946,MESH:D008224,UniProt:O00329,Idelalisib,Follicular non-Hodgkin's lymphoma,"Phosphatidylinositol 4,5-bisphosphate 3-kinase catalytic subunit delta isoform",PIK3CD,"['MESH:C552946', 'UniProt:O00329', 'reactome:R-HSA-109704', 'GO:0042100', 'MESH:D008224']",5,4,1,['Drug - Protein - Pathway - BiologicalProcess - Disease'],['Drug - decreases activity of - Protein - participates in - Pathway - positively regulates - BiologicalProcess - positively correlated with - Disease'],What gene is most mechanistically related to the indication of Drug Idelalisib to Disease Follicular non-Hodgkin's lymphoma?
960,DB09054_MESH_D015451_1,DB:DB09054,MESH:C552946,MESH:D015451,UniProt:O00329,Idelalisib,"Leukemia, Lymphocytic, Chronic, B-Cell","Phosphatidylinositol 4,5-bisphosphate 3-kinase catalytic subunit delta isoform",PIK3CD,"['MESH:C552946', 'UniProt:O00329', 'reactome:R-HSA-109704', 'GO:0042100', 'MESH:D015451']",5,4,1,['Drug - Protein - Pathway - BiologicalProcess - Disease'],['Drug - decreases activity of - Protein - participates in - Pathway - positively regulates - BiologicalProcess - positively correlated with - Disease'],"What gene is most mechanistically related to the indication of Drug Idelalisib to Disease Leukemia, Lymphocytic, Chronic, B-Cell?"
962,DB09280_MESH_D003550_1,DB:DB09280,MESH:C569105,MESH:D003550,UniProt:P13569,Lumacaftor,Cystic fibrosis of the lung,Cystic fibrosis transmembrane conductance regulator,CFTR,"['MESH:C569105', 'UniProt:P13569', 'MESH:D003550']",3,2,1,['Drug - Protein - Disease'],['Drug - increases stability of - Protein - disrupted by - Disease'],What gene is most mechanistically related to the indication of Drug Lumacaftor to Disease Cystic fibrosis of the lung?
964,DB00405_MESH_D014581_1,DB:DB00405,MESH:C015121,MESH:D014581,UniProt:P35367,Dexbrompheniramine,Urticaria,Histamine H1 receptor,HRH1,"['MESH:C015121', 'UniProt:P35367', 'GO:0071420', 'GO:0006954', 'MESH:D014581']",5,4,1,['Drug - Protein - BiologicalProcess - Disease'],['Drug - decreases activity of - Protein - positively regulates - BiologicalProcess - causes - Disease'],What gene is most mechanistically related to the indication of Drug Dexbrompheniramine to Disease Urticaria?
966,DB00405_MESH_D012223_1,DB:DB00405,MESH:C015121,MESH:D012223,UniProt:P35367,Dexbrompheniramine,"Rhinitis, Vasomotor",Histamine H1 receptor,HRH1,"['MESH:C015121', 'UniProt:P35367', 'MESH:D006632', 'MESH:D013373', 'MESH:D020078', 'MESH:D012223']",6,5,1,['Drug - Protein - ChemicalSubstance - Disease'],['Drug - negatively regulates - Protein - positively correlated with - ChemicalSubstance - participates in - Disease'],"What gene is most mechanistically related to the indication of Drug Dexbrompheniramine to Disease Rhinitis, Vasomotor?"
967,DB00405_MESH_D003233_1,DB:DB00405,MESH:C015121,MESH:D003233,UniProt:P35367,Dexbrompheniramine,Allergic conjunctivitis,Histamine H1 receptor,HRH1,"['MESH:C015121', 'UniProt:P35367', 'MESH:D006632', 'UBERON:0035501', 'GO:0070075', 'MESH:D003233']",6,5,1,['Drug - Protein - ChemicalSubstance - GrossAnatomicalStructure - BiologicalProcess - Disease'],['Drug - decreases activity of - Protein - positively correlated with - ChemicalSubstance - positively regulates - GrossAnatomicalStructure - positively regulates - BiologicalProcess - manifestation of - Disease'],What gene is most mechanistically related to the indication of Drug Dexbrompheniramine to Disease Allergic conjunctivitis?
969,DB00915_MESH_D001480_1,DB:DB00915,MESH:D000547,MESH:D001480,UniProt:P14416,Amantadine,Extrapyramidal disease,D(2) dopamine receptor,DRD2,"['MESH:D000547', 'UniProt:P14416', 'MESH:D004298', 'GO:0061527', 'MESH:D001480']",5,4,1,['Drug - Protein - ChemicalSubstance - BiologicalProcess - Disease'],['Drug - increases activity of - Protein - positively correlated with - ChemicalSubstance - positively correlated with - BiologicalProcess - negatively correlated with - Disease'],What gene is most mechanistically related to the indication of Drug Amantadine to Disease Extrapyramidal disease?
970,DB00915_MESH_D010300_1,DB:DB00915,MESH:D000547,MESH:D010300,UniProt:P14416,Amantadine,Parkinson's disease,D(2) dopamine receptor,DRD2,"['MESH:D000547', 'UniProt:P14416', 'MESH:D004298', 'GO:0061527', 'UBERON:0002038', 'MESH:D010300']",6,5,1,['Drug - Protein - ChemicalSubstance - BiologicalProcess - GrossAnatomicalStructure - Disease'],['Drug - increases activity of - Protein - positively correlated with - ChemicalSubstance - positively correlated with - BiologicalProcess - occurs in - GrossAnatomicalStructure - disrupted by - Disease'],What gene is most mechanistically related to the indication of Drug Amantadine to Disease Parkinson's disease?
971,DB00915_MESH_D020734_1,DB:DB00915,MESH:D000547,MESH:D020734,UniProt:P14416,Amantadine,Parkinsonism,D(2) dopamine receptor,DRD2,"['MESH:D000547', 'UniProt:P14416', 'MESH:D004298', 'GO:0061527', 'MESH:D020734']",5,4,1,['Drug - Protein - ChemicalSubstance - BiologicalProcess - Disease'],['Drug - increases activity of - Protein - positively correlated with - ChemicalSubstance - positively correlated with - BiologicalProcess - negatively correlated with - Disease'],What gene is most mechanistically related to the indication of Drug Amantadine to Disease Parkinsonism?
972,DB00915_MESH_D010301_1,DB:DB00915,MESH:D000547,MESH:D010301,UniProt:P14416,Amantadine,Postencephalitic parkinsonism,D(2) dopamine receptor,DRD2,"['MESH:D000547', 'UniProt:P14416', 'MESH:D004298', 'GO:0061527', 'UBERON:0002038', 'MESH:D010301']",6,5,1,['Drug - Protein - ChemicalSubstance - BiologicalProcess - GrossAnatomicalStructure - Disease'],['Drug - increases activity of - Protein - positively correlated with - ChemicalSubstance - positively correlated with - BiologicalProcess - occurs in - GrossAnatomicalStructure - disrupted by - Disease'],What gene is most mechanistically related to the indication of Drug Amantadine to Disease Postencephalitic parkinsonism?
973,DB01084_MESH_D014581_1,DB:DB01084,MESH:C043345,MESH:D014581,UniProt:P35367,Emedastine,Urticaria,Histamine H1 receptor,HRH1,"['MESH:C043345', 'UniProt:P35367', 'GO:0071420', 'GO:0006954', 'MESH:D014581']",5,4,1,['Drug - Protein - BiologicalProcess - Disease'],['Drug - decreases activity of - Protein - positively regulates - BiologicalProcess - causes - Disease'],What gene is most mechanistically related to the indication of Drug Emedastine to Disease Urticaria?
975,DB01084_MESH_D003233_1,DB:DB01084,MESH:C043345,MESH:D003233,UniProt:P35367,Emedastine,Allergic conjunctivitis,Histamine H1 receptor,HRH1,"['MESH:C043345', 'UniProt:P35367', 'MESH:D006632', 'UBERON:0035501', 'GO:0070075', 'MESH:D003233']",6,5,1,['Drug - Protein - ChemicalSubstance - GrossAnatomicalStructure - BiologicalProcess - Disease'],['Drug - decreases activity of - Protein - positively correlated with - ChemicalSubstance - positively regulates - GrossAnatomicalStructure - positively regulates - BiologicalProcess - manifestation of - Disease'],What gene is most mechanistically related to the indication of Drug Emedastine to Disease Allergic conjunctivitis?
976,DB01284_MESH_D000309_1,DB:DB01284,MESH:D003366,MESH:D000309,UniProt:Q01718,Tetracosactide,Adrenal cortical hypofunction,Adrenocorticotropic hormone receptor,MC2R,"['MESH:D003366', 'UniProt:Q01718', 'reactome:R-HSA-170660', 'GO:0006694', 'MESH:D000305', 'MESH:D000309']",6,5,1,['Drug - Protein - Pathway - BiologicalProcess - ChemicalSubstance - Disease'],['Drug - increases activity of - Protein - positively regulates - Pathway - positively regulates - BiologicalProcess - increases abundance of - ChemicalSubstance - negatively correlated with - Disease'],What gene is most mechanistically related to the indication of Drug Tetracosactide to Disease Adrenal cortical hypofunction?
981,DB09122_MESH_D020529_1,DB:DB09122,MESH:C428112,MESH:D020529,UniProt:P17181,Peginterferon beta-1a,Relapsing remitting multiple sclerosis,Interferon alpha/beta receptor 1,IFNAR1,"['MESH:C428112', 'UniProt:P17181', 'GO:0006954', 'GO:0042100', 'GO:0050798', 'GO:0019882', 'MESH:D020529']",7,9,1,['Drug - Protein - BiologicalProcess - Disease'],['Drug - increases activity of - Protein - negatively regulates - BiologicalProcess - positively correlated with - Disease'],What gene is most mechanistically related to the indication of Drug Peginterferon beta-1a to Disease Relapsing remitting multiple sclerosis?
984,DB00060_MESH_D020529_1,DB:DB00060,MESH:D000068556,MESH:D020529,UniProt:P17181,Interferon beta-1a,Relapsing remitting multiple sclerosis,Interferon alpha/beta receptor 1,IFNAR1,"['MESH:D000068556', 'UniProt:P17181', 'GO:0006954', 'GO:0042100', 'GO:0050798', 'GO:0019882', 'MESH:D020529']",7,9,1,['Drug - Protein - BiologicalProcess - Disease'],['Drug - increases activity of - Protein - negatively regulates - BiologicalProcess - positively correlated with - Disease'],What gene is most mechanistically related to the indication of Drug Interferon beta-1a to Disease Relapsing remitting multiple sclerosis?
1003,DB09045_MESH_D003924_1,DB:DB09045,MESH:C555680,MESH:D003924,UniProt:P43220,Dulaglutide,"Diabetes Mellitus, Type 2",Glucagon-like peptide 1 receptor,GLP1R,"['MESH:C555680', 'UniProt:P43220', 'CHEBI:80270', 'GO:0030073', 'GO:0070091', 'HP:0003074', 'MESH:D003924']",7,7,1,['Drug - Protein - ChemicalSubstance - BiologicalProcess - PhenotypicFeature - Disease'],['Drug - increases activity of - Protein - positively correlated with - ChemicalSubstance - negatively regulates - BiologicalProcess - positively correlated with - PhenotypicFeature - manifestation of - Disease'],"What gene is most mechanistically related to the indication of Drug Dulaglutide to Disease Diabetes Mellitus, Type 2?"
1010,DB00880_MESH_D004487_1,DB:DB00880,MESH:D002740,MESH:D004487,UniProt:P55017,chlorothiazide,Edema,Solute carrier family 12 member 3,SLC12A3,"['MESH:D002740', 'UniProt:P55017', 'GO:0015378', 'GO:0035812', 'GO:0003092', 'MESH:D004487']",6,5,1,['Drug - Protein - MolecularActivity - BiologicalProcess - Disease'],['Drug - decreases activity of - Protein - positively regulates - MolecularActivity - participates in - BiologicalProcess - positively correlated with - Disease'],What gene is most mechanistically related to the indication of Drug chlorothiazide to Disease Edema?
1014,DB00724_MESH_D014860_1,DB:DB00724,MESH:C056493,MESH:D014860,UniProt:Q9NYK1,imiquimod,Warts,Toll-like receptor 7,TLR7,"['MESH:C056493', 'UniProt:Q9NYK1', 'GO:0032609', 'GO:0032606', 'GO:0032637', 'GO:0032635', 'GO:0051607', 'taxonomy:10566', 'MESH:D014860']",9,11,1,['Drug - Protein - BiologicalProcess - OrganismTaxon - Disease'],['Drug - increases activity of - Protein - positively regulates - BiologicalProcess - decreases abundance of - OrganismTaxon - causes - Disease'],What gene is most mechanistically related to the indication of Drug imiquimod to Disease Warts?
1015,DB00724_MESH_D003218_1,DB:DB00724,MESH:C056493,MESH:D003218,UniProt:Q9NYK1,imiquimod,Condyloma acuminatum,Toll-like receptor 7,TLR7,"['MESH:C056493', 'UniProt:Q9NYK1', 'GO:0032609', 'GO:0032606', 'GO:0032637', 'GO:0032635', 'GO:0051607', 'taxonomy:10566', 'MESH:D003218']",9,11,1,['Drug - Protein - BiologicalProcess - OrganismTaxon - Disease'],['Drug - increases activity of - Protein - positively regulates - BiologicalProcess - decreases abundance of - OrganismTaxon - causes - Disease'],What gene is most mechanistically related to the indication of Drug imiquimod to Disease Condyloma acuminatum?
1016,DB00724_MESH_D055623_1,DB:DB00724,MESH:C056493,MESH:D055623,UniProt:Q9NYK1,imiquimod,Actinic keratosis,Toll-like receptor 7,TLR7,"['MESH:C056493', 'UniProt:Q9NYK1', 'GO:0032609', 'GO:0032606', 'GO:0032637', 'GO:0032635', 'GO:0051607', 'taxonomy:333922', 'MESH:D055623']",9,11,1,['Drug - Protein - BiologicalProcess - OrganismTaxon - Disease'],['Drug - increases activity of - Protein - positively regulates - BiologicalProcess - decreases abundance of - OrganismTaxon - causes - Disease'],What gene is most mechanistically related to the indication of Drug imiquimod to Disease Actinic keratosis?
1017,DB01179_MESH_D003218_1,DB:DB01179,MESH:D011034,MESH:D003218,UniProt:P03120,podophyllotoxin,Condyloma acuminatum,Regulatory protein E2,N/A,"['MESH:D011034', 'UniProt:P03120', 'GO:0039693', 'taxonomy:10566', 'MESH:D003218']",5,4,1,['Drug - Protein - BiologicalProcess - OrganismTaxon - Disease'],['Drug - negatively regulates - Protein - positively regulates - BiologicalProcess - in taxon - OrganismTaxon - causes - Disease'],What gene is most mechanistically related to the indication of Drug podophyllotoxin to Disease Condyloma acuminatum?
1018,DB06285_MESH_D015663_1,DB:DB06285,MESH:D019379,MESH:D015663,UniProt:Q03431,teriparatide,Postmenopausal osteoporosis,Parathyroid hormone/parathyroid hormone-related peptide receptor,PTH1R,"['MESH:D019379', 'UniProt:Q03431', 'GO:0004991', 'GO:0001503', 'GO:0002076', 'GO:0002062', 'HP:0004349', 'MESH:D015663']",8,9,1,['Drug - Protein - MolecularActivity - BiologicalProcess - Disease'],['Drug - increases activity of - Protein - positively regulates - MolecularActivity - positively correlated with - BiologicalProcess - negatively correlated with - Disease'],What gene is most mechanistically related to the indication of Drug teriparatide to Disease Postmenopausal osteoporosis?
1019,DB09030_MESH_D020521_1,DB:DB09030,MESH:C530299,MESH:D020521,UniProt:P25116,vorapaxar,Stroke,Proteinase-activated receptor 1,F2R,"['MESH:C530299', 'UniProt:P25116', 'GO:0015057', 'reactome:R-HSA-140877', 'GO:0070527', 'MESH:D013927', 'MESH:D020521']",7,6,1,['Drug - Protein - MolecularActivity - Pathway - BiologicalProcess - PhenotypicFeature - Disease'],['Drug - negatively regulates - Protein - positively regulates - MolecularActivity - participates in - Pathway - positively correlated with - BiologicalProcess - positively correlated with - PhenotypicFeature - positively correlated with - Disease'],What gene is most mechanistically related to the indication of Drug vorapaxar to Disease Stroke?
1020,DB11792_MESH_D007172_1,DB:DB11792,MESH:C528396,MESH:D007172,UniProt:O76074,mirodenafil,Impotence,"cGMP-specific 3',5'-cyclic phosphodiesterase",PDE5A,"['MESH:C528396', 'UniProt:O76074', 'GO:0046069', 'CHEBI:16356', 'GO:0007263', 'GO:0044557', 'HP:0100639', 'MESH:D007172']",8,7,1,['Drug - Protein - BiologicalProcess - PhenotypicFeature - Disease'],['Drug - negatively regulates - Protein - positively regulates - BiologicalProcess - negatively correlated with - PhenotypicFeature - manifestation of - Disease'],What gene is most mechanistically related to the indication of Drug mirodenafil to Disease Impotence?
1022,DB01003_MESH_D065631_1,DB:DB01003,MESH:D004205,MESH:D065631,UniProt:P25815,cromoglicic acid,Allergic rhinitis,Protein S100-P,S100P,"['MESH:D004205', 'UniProt:P25815', 'GO:0043303', 'GO:0043308', 'reactome:R-HSA-2454202', 'GO:0002540', 'GO:0002441', 'MESH:D065631']",8,9,1,['Drug - Protein - BiologicalProcess - Disease'],['Drug - decreases activity of - Protein - positively correlated with - BiologicalProcess - positively correlated with - Disease'],What gene is most mechanistically related to the indication of Drug cromoglicic acid to Disease Allergic rhinitis?
1023,DB01003_MESH_D003233_1,DB:DB01003,MESH:D004205,MESH:D003233,UniProt:P25815,cromoglicic acid,Allergic conjunctivitis,Protein S100-P,S100P,"['MESH:D004205', 'UniProt:P25815', 'GO:0043303', 'GO:0043308', 'GO:0002540', 'reactome:R-HSA-2454202', 'GO:0002441', 'MESH:D003233']",8,9,1,['Drug - Protein - BiologicalProcess - Disease'],['Drug - decreases activity of - Protein - positively correlated with - BiologicalProcess - positively correlated with - Disease'],What gene is most mechanistically related to the indication of Drug cromoglicic acid to Disease Allergic conjunctivitis?
1024,DB01003_MESH_D034721_1,DB:DB01003,MESH:D004205,MESH:D034721,UniProt:P25815,cromoglicic acid,Systemic mast cell disease,Protein S100-P,S100P,"['MESH:D004205', 'UniProt:P25815', 'GO:0043303', 'reactome:R-HSA-2454202', 'GO:0002540', 'GO:0002441', 'MESH:D034721']",7,7,1,['Drug - Protein - BiologicalProcess - Disease'],['Drug - decreases activity of - Protein - positively correlated with - BiologicalProcess - positively correlated with - Disease'],What gene is most mechanistically related to the indication of Drug cromoglicic acid to Disease Systemic mast cell disease?
1025,DB01003_MESH_D001249_1,DB:DB01003,MESH:D004205,MESH:D001249,UniProt:P25815,cromoglicic acid,Asthma,Protein S100-P,S100P,"['MESH:D004205', 'UniProt:P25815', 'GO:0043303', 'reactome:R-HSA-2454202', 'GO:0002540', 'GO:0002441', 'MESH:D001249']",7,7,1,['Drug - Protein - BiologicalProcess - Disease'],['Drug - decreases activity of - Protein - positively correlated with - BiologicalProcess - positively correlated with - Disease'],What gene is most mechanistically related to the indication of Drug cromoglicic acid to Disease Asthma?
1026,DB11824_MESH_D003924_1,DB:DB11824,DB:DB11824,MESH:D003924,UniProt:P31639,Tofogliflozin,"Diabetes Mellitus, Type 2",Sodium/glucose cotransporter 2,SLC5A2,"['DB:DB11824', 'UniProt:P31639', 'GO:0035623', 'MESH:D001786', 'MESH:D003924']",5,4,1,['Drug - Protein - BiologicalProcess - ChemicalSubstance - Disease'],['Drug - decreases activity of - Protein - positively regulates - BiologicalProcess - correlated with - ChemicalSubstance - positively correlated with - Disease'],"What gene is most mechanistically related to the indication of Drug Tofogliflozin to Disease Diabetes Mellitus, Type 2?"
1027,DB00641_MESH_D006937_1,DB:DB00641,MESH:D019821,MESH:D006937,UniProt:P04035,Simvastatin,Hypercholesterolemia,3-hydroxy-3-methylglutaryl-coenzyme A reductase,HMGCR,"['MESH:D019821', 'CHEBI:169041', 'UniProt:P04035', 'GO:0006695', 'MESH:D002784', 'MESH:D006937']",6,5,1,['Drug - ChemicalSubstance - Disease'],['Drug - has metabolite - ChemicalSubstance - positively correlated with - Disease'],What gene is most mechanistically related to the indication of Drug Simvastatin to Disease Hypercholesterolemia?
1029,DB00641_MESH_D015228_1,DB:DB00641,MESH:D019821,MESH:D015228,UniProt:P06858,Simvastatin,Hypertriglyceridemia,Lipoprotein lipase,LPL,"['MESH:D019821', 'CHEBI:169041', 'UniProt:P06858', 'GO:0019433', 'MESH:D014280', 'MESH:D015228']",6,5,1,['Drug - ChemicalSubstance - Disease'],['Drug - has metabolite - ChemicalSubstance - positively correlated with - Disease'],What gene is most mechanistically related to the indication of Drug Simvastatin to Disease Hypertriglyceridemia?
1030,DB00641_MESH_D052456_1,DB:DB00641,MESH:D019821,MESH:D052456,UniProt:P02647,Simvastatin,Hypoalphalipoproteinemia,Apolipoprotein A-I,APOA1,"['MESH:D019821', 'CHEBI:169041', 'UniProt:P02647', 'GO:0034380', 'MESH:D008076', 'MESH:D052456']",6,5,1,['Drug - ChemicalSubstance - Disease'],['Drug - has metabolite - ChemicalSubstance - negatively correlated with - Disease'],What gene is most mechanistically related to the indication of Drug Simvastatin to Disease Hypoalphalipoproteinemia?
1032,DB00641_MESH_D020521_1,DB:DB00641,MESH:D019821,MESH:D020521,UniProt:P04035,Simvastatin,Stroke,3-hydroxy-3-methylglutaryl-coenzyme A reductase,HMGCR,"['MESH:D019821', 'CHEBI:169041', 'UniProt:P04035', 'GO:0006695', 'MESH:D002784', 'HP:0002621', 'MESH:D020521']",7,6,1,['Drug - ChemicalSubstance - PhenotypicFeature - Disease'],['Drug - has metabolite - ChemicalSubstance - positively correlated with - PhenotypicFeature - positively correlated with - Disease'],What gene is most mechanistically related to the indication of Drug Simvastatin to Disease Stroke?
1033,DB00641_MESH_D001161_1,DB:DB00641,MESH:D019821,MESH:D001161,UniProt:P04035,Simvastatin,Arteriosclerosis,3-hydroxy-3-methylglutaryl-coenzyme A reductase,HMGCR,"['MESH:D019821', 'CHEBI:169041', 'UniProt:P04035', 'GO:0006695', 'MESH:D002784', 'UBERON:0001637', 'MESH:D001161']",7,6,1,['Drug - ChemicalSubstance - GrossAnatomicalStructure - Disease'],['Drug - has metabolite - ChemicalSubstance - located in - GrossAnatomicalStructure - location of - Disease'],What gene is most mechanistically related to the indication of Drug Simvastatin to Disease Arteriosclerosis?
1035,DB00790_MESH_D006973_1,DB:DB00790,MESH:D020913,MESH:D006973,UniProt:P12821,Perindopril,Hypertension,Angiotensin-converting enzyme,ACE,"['MESH:D020913', 'MESH:C053500', 'UniProt:P12821', 'MESH:D000804', 'GO:0042310', 'HP:0032263', 'MESH:D006973']",7,6,1,['Drug - ChemicalSubstance - BiologicalProcess - PhenotypicFeature - Disease'],['Drug - has metabolite - ChemicalSubstance - positively regulates - BiologicalProcess - contributes to - PhenotypicFeature - positively correlated with - Disease'],What gene is most mechanistically related to the indication of Drug Perindopril to Disease Hypertension?
1038,DB00996_MESH_D012148_2,DB:DB00996,MESH:D000077206,MESH:D012148,UniProt:P54289,Gabapentin,Restless legs,Voltage-dependent calcium channel subunit alpha-2/delta-1,CACNA2D1,"['MESH:D000077206', 'UniProt:P54289', 'GO:0005245', 'MESH:D013373', 'GO:0019233', 'HP:0012531', 'MESH:D012148']",7,6,1,['Drug - Protein - MolecularActivity - ChemicalSubstance - BiologicalProcess - PhenotypicFeature - Disease'],['Drug - decreases activity of - Protein - participates in - MolecularActivity - increases abundance of - ChemicalSubstance - positively correlated with - BiologicalProcess - positively correlated with - PhenotypicFeature - positively correlated with - Disease'],What gene is most mechanistically related to the indication of Drug Gabapentin to Disease Restless legs?
1039,DB00996_MESH_D051474_1,DB:DB00996,MESH:D000077206,MESH:D051474,UniProt:P54289,Gabapentin,Postherpetic neuralgia,Voltage-dependent calcium channel subunit alpha-2/delta-1,CACNA2D1,"['MESH:D000077206', 'UniProt:P54289', 'GO:0005245', 'MESH:D013373', 'GO:0019233', 'HP:0012534', 'MESH:D051474']",7,6,1,['Drug - Protein - MolecularActivity - ChemicalSubstance - BiologicalProcess - PhenotypicFeature - Disease'],['Drug - decreases activity of - Protein - participates in - MolecularActivity - increases abundance of - ChemicalSubstance - positively correlated with - BiologicalProcess - positively correlated with - PhenotypicFeature - positively correlated with - Disease'],What gene is most mechanistically related to the indication of Drug Gabapentin to Disease Postherpetic neuralgia?
1044,DB01158_MESH_D014693_1,DB:DB01158,MESH:C045166,MESH:D014693,UniProt:P05023,bretylium,Ventricular fibrillation,Sodium/potassium-transporting ATPase subunit alpha-1,ATP1A1,"['MESH:C045166', 'UniProt:P05023', 'GO:0006813', 'CHEBI:29103', 'HP:0011675', 'MESH:D014693']",6,5,1,['Drug - Protein - BiologicalProcess - ChemicalSubstance - PhenotypicFeature - Disease'],['Drug - decreases activity of - Protein - positively regulates - BiologicalProcess - positively correlated with - ChemicalSubstance - positively correlated with - PhenotypicFeature - manifestation of - Disease'],What gene is most mechanistically related to the indication of Drug bretylium to Disease Ventricular fibrillation?
1054,DB00367_MESH_D008595_2,DB:DB00367,MESH:D016912,MESH:D008595,UniProt:P06401,Levonorgestrel,Menorrhagia,Progesterone receptor,PGR,"['MESH:D016912', 'UniProt:P06401', 'GO:0050673', 'MESH:D008595']",4,3,1,['Drug - Protein - BiologicalProcess - Disease'],['Drug - increases activity of - Protein - negatively regulates - BiologicalProcess - positively correlated with - Disease'],What gene is most mechanistically related to the indication of Drug Levonorgestrel to Disease Menorrhagia?
1055,DB09389_MESH_D008595_1,DB:DB09389,MESH:D009644,MESH:D008595,UniProt:P06401,Norgestrel,Menorrhagia,Progesterone receptor,PGR,"['MESH:D009644', 'UniProt:P06401', 'GO:0050673', 'MESH:D008595']",4,3,1,['Drug - Protein - BiologicalProcess - Disease'],['Drug - increases activity of - Protein - negatively regulates - BiologicalProcess - positively correlated with - Disease'],What gene is most mechanistically related to the indication of Drug Norgestrel to Disease Menorrhagia?
1060,DB00471_MESH_D065631_1,DB:DB00471,MESH:C093875,MESH:D065631,UniProt:Q9Y271,Montelukast,Allergic rhinitis,Cysteinyl leukotriene receptor 1,CYSLTR1,"['MESH:C093875', 'UniProt:Q9Y271', 'MESH:D017998', 'GO:0070254', 'GO:0043117', 'GO:0006954', 'MESH:D065631']",7,8,1,['Drug - Protein - ChemicalSubstance - BiologicalProcess - Disease'],['Drug - decreases activity of - Protein - positively correlated with - ChemicalSubstance - positively regulates - BiologicalProcess - manifestation of - Disease'],What gene is most mechanistically related to the indication of Drug Montelukast to Disease Allergic rhinitis?
1065,DB04837_MESH_D003139_1,DB:DB04837,MESH:C010432,MESH:D003139,UniProt:P35367,Clofedanol,Common Cold,Histamine H1 receptor,HRH1,"['MESH:C010432', 'UniProt:P35367', 'GO:0071420', 'GO:0006954', 'taxonomy:10239', 'MESH:D003139']",6,5,1,['Drug - Protein - BiologicalProcess - OrganismTaxon - Disease'],['Drug - decreases activity of - Protein - participates in - BiologicalProcess - caused by - OrganismTaxon - causes - Disease'],What gene is most mechanistically related to the indication of Drug Clofedanol to Disease Common Cold?
1066,DB04837_MESH_D065631_1,DB:DB04837,MESH:C010432,MESH:D065631,UniProt:P35367,Clofedanol,Allergic rhinitis,Histamine H1 receptor,HRH1,"['MESH:C010432', 'UniProt:P35367', 'MESH:D006632', 'GO:0071159', 'GO:0006954', 'UBERON:0000004', 'MESH:D065631']",7,6,1,['Drug - Protein - ChemicalSubstance - CellularComponent - BiologicalProcess - GrossAnatomicalStructure - Disease'],['Drug - negatively regulates - Protein - positively correlated with - ChemicalSubstance - positively regulates - CellularComponent - positively regulates - BiologicalProcess - located in - GrossAnatomicalStructure - affected by - Disease'],What gene is most mechanistically related to the indication of Drug Clofedanol to Disease Allergic rhinitis?
1067,DB04837_MESH_D012220_1,DB:DB04837,MESH:C010432,MESH:D012220,UniProt:P35367,Clofedanol,Rhinitis,Histamine H1 receptor,HRH1,"['MESH:C010432', 'UniProt:P35367', 'MESH:D006632', 'GO:0071159', 'GO:0006954', 'UBERON:0000004', 'MESH:D012220']",7,6,1,['Drug - Protein - ChemicalSubstance - CellularComponent - BiologicalProcess - GrossAnatomicalStructure - Disease'],['Drug - negatively regulates - Protein - positively correlated with - ChemicalSubstance - positively regulates - CellularComponent - positively regulates - BiologicalProcess - located in - GrossAnatomicalStructure - affected by - Disease'],What gene is most mechanistically related to the indication of Drug Clofedanol to Disease Rhinitis?
1069,DB04837_MESH_D012223_1,DB:DB04837,MESH:C010432,MESH:D012223,UniProt:P35367,Clofedanol,"Rhinitis, Vasomotor",Histamine H1 receptor,HRH1,"['MESH:C010432', 'UniProt:P35367', 'MESH:D006632', 'MESH:D013373', 'MESH:D020078', 'MESH:D012223']",6,5,1,['Drug - Protein - ChemicalSubstance - Disease'],['Drug - negatively regulates - Protein - positively correlated with - ChemicalSubstance - participates in - Disease'],"What gene is most mechanistically related to the indication of Drug Clofedanol to Disease Rhinitis, Vasomotor?"
1073,DB00108_MESH_D003424_1,DB:DB00108,MESH:D000069442,MESH:D003424,UniProt:P13612,Natalizumab,Crohn's disease,Integrin alpha-4,ITGA4,"['MESH:D000069442', 'UniProt:P13612', 'GO:0007159', 'GO:0050900', 'GO:0006954', 'MESH:D003424']",6,5,1,['Drug - Protein - BiologicalProcess - Disease'],['Drug - molecularly interacts with - Protein - participates in - BiologicalProcess - causes - Disease'],What gene is most mechanistically related to the indication of Drug Natalizumab to Disease Crohn's disease?
1074,DB00108_MESH_D009103_1,DB:DB00108,MESH:D000069442,MESH:D009103,UniProt:P13612,Natalizumab,Multiple sclerosis,Integrin alpha-4,ITGA4,"['MESH:D000069442', 'UniProt:P13612', 'GO:1904994', 'GO:0050900', 'GO:0006954', 'MESH:D009103']",6,5,1,['Drug - Protein - BiologicalProcess - Disease'],['Drug - molecularly interacts with - Protein - participates in - BiologicalProcess - causes - Disease'],What gene is most mechanistically related to the indication of Drug Natalizumab to Disease Multiple sclerosis?
1075,DB00843_MESH_D000544_1,DB:DB00843,MESH:C076946,MESH:D000544,UniProt:P22303,donepezil,Alzheimer Disease,Acetylcholinesterase,ACHE,"['MESH:C076946', 'UniProt:P22303', 'MESH:D000109', 'GO:0045202', 'GO:0007271', 'GO:0007613', 'MESH:D000544']",7,6,1,['Drug - Protein - ChemicalSubstance - CellularComponent - BiologicalProcess - Disease'],['Drug - decreases activity of - Protein - increases abundance of - ChemicalSubstance - located in - CellularComponent - participates in - BiologicalProcess - prevents - Disease'],What gene is most mechanistically related to the indication of Drug donepezil to Disease Alzheimer Disease?
1081,DB01253_MESH_D006473_1,DB:DB01253,MESH:D004874,MESH:D006473,UniProt:P35348,ergometrine,Postpartum hemorrhage,Alpha-1A adrenergic receptor,ADRA1A,"['MESH:D004874', 'UniProt:P35348', 'UBERON:0001135', 'UBERON:0000995', 'GO:0070471', 'MESH:D006473']",6,5,1,['Drug - Protein - GrossAnatomicalStructure - BiologicalProcess - Disease'],['Drug - increases activity of - Protein - located in - GrossAnatomicalStructure - increases activity of - BiologicalProcess - negatively correlated with - Disease'],What gene is most mechanistically related to the indication of Drug ergometrine to Disease Postpartum hemorrhage?
1082,DB01430_MESH_D029424_1,DB:DB01430,DB:DB01430,MESH:D029424,UniProt:P05023,almitrine,Chronic obstructive lung disease,Sodium/potassium-transporting ATPase subunit alpha-1,ATP1A1,"['DB:DB01430', 'UniProt:P05023', 'UBERON:0001629', 'GO:0003039', 'GO:0003035', 'GO:0007585', 'MESH:D029424']",7,7,1,['Drug - Protein - GrossAnatomicalStructure - BiologicalProcess - Disease'],['Drug - increases activity of - Protein - located in - GrossAnatomicalStructure - participates in - BiologicalProcess - treats - Disease'],What gene is most mechanistically related to the indication of Drug almitrine to Disease Chronic obstructive lung disease?
1083,DB01433_MESH_D009293_1,DB:DB01433,MESH:D008692,MESH:D009293,UniProt:P35372,acetylmethadol,Opioid dependence,Mu-type opioid receptor,OPRM1,"['MESH:D008692', 'UniProt:P35372', 'InterPro:IPR013673', 'MESH:D000242', 'GO:0007269', 'GO:0060081', 'HP:0033515', 'MESH:D009293']",8,7,1,['Drug - Protein - GeneFamily - ChemicalSubstance - BiologicalProcess - PhenotypicFeature - Disease'],['Drug - increases activity of - Protein - positively regulates - GeneFamily - decreases abundance of - ChemicalSubstance - prevents - BiologicalProcess - decreases response to - PhenotypicFeature - ameliorates - Disease'],What gene is most mechanistically related to the indication of Drug acetylmethadol to Disease Opioid dependence?
1084,DB01626_MESH_D006973_1,DB:DB01626,MESH:D010293,MESH:D006973,UniProt:P27338,pargyline,Hypertension,Amine oxidase [flavin-containing] B,MAOB,"['MESH:D010293', 'UniProt:P27338', 'GO:0042402', 'MESH:D009638', 'MESH:D012701', 'GO:0099153', 'GO:0099155', 'MESH:D006973']",8,8,1,['Drug - Protein - BiologicalProcess - Disease'],['Drug - negatively regulates - Protein - positively regulates - BiologicalProcess - negatively correlated with - Disease'],What gene is most mechanistically related to the indication of Drug pargyline to Disease Hypertension?
1086,DB08936_MESH_D003233_1,DB:DB08936,MESH:C084597,MESH:D003233,UniProt:P35367,chlorcyclizine,Allergic conjunctivitis,Histamine H1 receptor,HRH1,"['MESH:C084597', 'UniProt:P35367', 'GO:0004969', 'GO:0071420', 'GO:0006954', 'MESH:D003233']",6,5,1,['Drug - Protein - MolecularActivity - BiologicalProcess - Disease'],['Drug - decreases activity of - Protein - positively regulates - MolecularActivity - participates in - BiologicalProcess - causes - Disease'],What gene is most mechanistically related to the indication of Drug chlorcyclizine to Disease Allergic conjunctivitis?
1087,DB08936_MESH_D065631_1,DB:DB08936,MESH:C084597,MESH:D065631,UniProt:P35367,chlorcyclizine,Allergic rhinitis,Histamine H1 receptor,HRH1,"['MESH:C084597', 'UniProt:P35367', 'GO:0004969', 'GO:0071420', 'GO:0006954', 'MESH:D065631']",6,5,1,['Drug - Protein - MolecularActivity - BiologicalProcess - Disease'],['Drug - decreases activity of - Protein - positively regulates - MolecularActivity - participates in - BiologicalProcess - causes - Disease'],What gene is most mechanistically related to the indication of Drug chlorcyclizine to Disease Allergic rhinitis?
1088,DB08936_MESH_D006255_1,DB:DB08936,MESH:C084597,MESH:D006255,UniProt:P35367,chlorcyclizine,"Rhinitis, Allergic, Seasonal",Histamine H1 receptor,HRH1,"['MESH:C084597', 'UniProt:P35367', 'GO:0004969', 'GO:0071420', 'GO:0006954', 'MESH:D006255']",6,5,1,['Drug - Protein - MolecularActivity - BiologicalProcess - Disease'],['Drug - decreases activity of - Protein - positively regulates - MolecularActivity - participates in - BiologicalProcess - causes - Disease'],"What gene is most mechanistically related to the indication of Drug chlorcyclizine to Disease Rhinitis, Allergic, Seasonal?"
1089,DB08936_MESH_D012912_1,DB:DB08936,MESH:C084597,MESH:D012912,UniProt:P35367,chlorcyclizine,Sneezing,Histamine H1 receptor,HRH1,"['MESH:C084597', 'UniProt:P35367', 'GO:0004969', 'GO:0071420', 'GO:0006954', 'MESH:D012912']",6,5,1,['Drug - Protein - MolecularActivity - BiologicalProcess - Disease'],['Drug - decreases activity of - Protein - positively regulates - MolecularActivity - participates in - BiologicalProcess - causes - Disease'],What gene is most mechanistically related to the indication of Drug chlorcyclizine to Disease Sneezing?
1090,DB08936_MESH_D003371_1,DB:DB08936,MESH:C084597,MESH:D003371,UniProt:P35367,chlorcyclizine,Cough,Histamine H1 receptor,HRH1,"['MESH:C084597', 'UniProt:P35367', 'GO:0004969', 'GO:0071420', 'GO:0006954', 'MESH:D003371']",6,5,1,['Drug - Protein - MolecularActivity - BiologicalProcess - Disease'],['Drug - decreases activity of - Protein - positively regulates - MolecularActivity - participates in - BiologicalProcess - causes - Disease'],What gene is most mechanistically related to the indication of Drug chlorcyclizine to Disease Cough?
1091,DB08936_MESH_D012223_1,DB:DB08936,MESH:C084597,MESH:D012223,UniProt:P35367,chlorcyclizine,"Rhinitis, Vasomotor",Histamine H1 receptor,HRH1,"['MESH:C084597', 'UniProt:P35367', 'GO:0004969', 'GO:0071420', 'GO:0006954', 'MESH:D012223']",6,5,1,['Drug - Protein - MolecularActivity - BiologicalProcess - Disease'],['Drug - decreases activity of - Protein - positively regulates - MolecularActivity - participates in - BiologicalProcess - causes - Disease'],"What gene is most mechanistically related to the indication of Drug chlorcyclizine to Disease Rhinitis, Vasomotor?"
1092,DB08936_MESH_D003139_1,DB:DB08936,MESH:C084597,MESH:D003139,UniProt:P35367,chlorcyclizine,Common Cold,Histamine H1 receptor,HRH1,"['MESH:C084597', 'UniProt:P35367', 'GO:0004969', 'GO:0071420', 'GO:0006954', 'MESH:D003139']",6,5,1,['Drug - Protein - MolecularActivity - BiologicalProcess - Disease'],['Drug - decreases activity of - Protein - positively regulates - MolecularActivity - participates in - BiologicalProcess - causes - Disease'],What gene is most mechanistically related to the indication of Drug chlorcyclizine to Disease Common Cold?
1113,DB00507_MESH_D005873_1,DB:DB00507,MESH:C041747,MESH:D005873,UniProt:A8B852,Nitazoxanide,Giardiasis,Pyruvate-flavodoxin oxidoreductase (Giardia intestinalis),N/A,"['MESH:C041747', 'UniProt:A8B852', 'GO:0006754', 'taxonomy:5741', 'MESH:D005873']",5,4,1,['Drug - Protein - BiologicalProcess - OrganismTaxon - Disease'],['Drug - decreases activity of - Protein - positively regulates - BiologicalProcess - in taxon - OrganismTaxon - causes - Disease'],What gene is most mechanistically related to the indication of Drug Nitazoxanide to Disease Giardiasis?
1114,DB00507_MESH_D003457_1,DB:DB00507,MESH:C041747,MESH:D003457,UniProt:Q968X7,Nitazoxanide,Infection by Cryptosporidium,Pyruvate dehydrogenase [NADP(+)] (Cryptosporidium parvum),N/A,"['MESH:C041747', 'UniProt:Q968X7', 'GO:0006754', 'taxonomy:5806', 'MESH:D003457']",5,4,1,['Drug - Protein - BiologicalProcess - OrganismTaxon - Disease'],['Drug - decreases activity of - Protein - positively regulates - BiologicalProcess - in taxon - OrganismTaxon - causes - Disease'],What gene is most mechanistically related to the indication of Drug Nitazoxanide to Disease Infection by Cryptosporidium?
1121,DB00950_MESH_D003233_1,DB:DB00950,MESH:C093230,MESH:D003233,UniProt:P35367,fexofenadine,Allergic conjunctivitis,Histamine H1 receptor,HRH1,"['MESH:C093230', 'UniProt:P35367', 'MESH:D006632', 'UBERON:0035501', 'GO:0070075', 'MESH:D003233']",6,5,1,['Drug - Protein - ChemicalSubstance - GrossAnatomicalStructure - BiologicalProcess - Disease'],['Drug - decreases activity of - Protein - positively correlated with - ChemicalSubstance - positively regulates - GrossAnatomicalStructure - positively regulates - BiologicalProcess - manifestation of - Disease'],What gene is most mechanistically related to the indication of Drug fexofenadine to Disease Allergic conjunctivitis?
1122,DB00950_MESH_D014581_1,DB:DB00950,MESH:C093230,MESH:D014581,UniProt:P35367,fexofenadine,Urticaria,Histamine H1 receptor,HRH1,"['MESH:C093230', 'UniProt:P35367', 'GO:0004969', 'GO:0071420', 'GO:0006954', 'MESH:D014581']",6,5,1,['Drug - Protein - MolecularActivity - BiologicalProcess - Disease'],['Drug - decreases activity of - Protein - positively regulates - MolecularActivity - participates in - BiologicalProcess - causes - Disease'],What gene is most mechanistically related to the indication of Drug fexofenadine to Disease Urticaria?
1123,DB00950_MESH_D006255_1,DB:DB00950,MESH:C093230,MESH:D006255,UniProt:P35367,fexofenadine,"Rhinitis, Allergic, Seasonal",Histamine H1 receptor,HRH1,"['MESH:C093230', 'UniProt:P35367', 'GO:0004969', 'GO:0071420', 'GO:0006954', 'MESH:D006255']",6,5,1,['Drug - Protein - MolecularActivity - BiologicalProcess - Disease'],['Drug - decreases activity of - Protein - positively regulates - MolecularActivity - participates in - BiologicalProcess - causes - Disease'],"What gene is most mechanistically related to the indication of Drug fexofenadine to Disease Rhinitis, Allergic, Seasonal?"
1124,DB00950_MESH_D012912_1,DB:DB00950,MESH:C093230,MESH:D012912,UniProt:P35367,fexofenadine,Sneezing,Histamine H1 receptor,HRH1,"['MESH:C093230', 'UniProt:P35367', 'GO:0051381', 'GO:0023041', 'UBERON:0000004', 'UBERON:0001645', 'MESH:D012912']",7,6,1,['Drug - Protein - MolecularActivity - BiologicalProcess - GrossAnatomicalStructure - Disease'],['Drug - decreases activity of - Protein - participates in - MolecularActivity - positively regulates - BiologicalProcess - located in - GrossAnatomicalStructure - contributes to - Disease'],What gene is most mechanistically related to the indication of Drug fexofenadine to Disease Sneezing?
1125,DB00950_MESH_D065631_1,DB:DB00950,MESH:C093230,MESH:D065631,UniProt:P35367,fexofenadine,Allergic rhinitis,Histamine H1 receptor,HRH1,"['MESH:C093230', 'UniProt:P35367', 'GO:0004969', 'GO:0071420', 'GO:0006954', 'MESH:D065631']",6,5,1,['Drug - Protein - MolecularActivity - BiologicalProcess - Disease'],['Drug - decreases activity of - Protein - positively regulates - MolecularActivity - participates in - BiologicalProcess - causes - Disease'],What gene is most mechanistically related to the indication of Drug fexofenadine to Disease Allergic rhinitis?
1126,DB01121_MESH_D004827_1,DB:DB01121,MESH:C005396,MESH:D004827,UniProt:P35498,Phenacemide,Epilepsy,sodium voltage-gated channel alpha subunit 1,SCN1A,"['MESH:C005396', 'UniProt:P35498', 'GO:0019228', 'HP:0001250', 'MESH:D004827']",5,4,1,['Drug - Protein - BiologicalProcess - PhenotypicFeature - Disease'],['Drug - decreases activity of - Protein - positively regulates - BiologicalProcess - positively correlated with - PhenotypicFeature - manifestation of - Disease'],What gene is most mechanistically related to the indication of Drug Phenacemide to Disease Epilepsy?
1139,DB06824_MESH_D002292_1,DB:DB06824,MESH:D014266,MESH:D002292,UniProt:O14746,Trientine,Renal cell carcinoma,Telomerase reverse transcriptase,TERT,"['MESH:D014266', 'MESH:D054856', 'UniProt:O14746', 'GO:0008283', 'CL:0001063', 'MESH:D002292']",6,5,1,['Drug - ChemicalSubstance - Protein - BiologicalProcess - Cell - Disease'],['Drug - molecularly interacts with - ChemicalSubstance - decreases activity of - Protein - positively regulates - BiologicalProcess - occurs in - Cell - causes - Disease'],What gene is most mechanistically related to the indication of Drug Trientine to Disease Renal cell carcinoma?
1142,DB01015_MESH_D009617_1,DB:DB01015,MESH:D013420,MESH:D009617,UniProt:U5EHR3,Sulfamethoxazole,Nocardiosis,Dihydropteroate synthase,N/A,"['MESH:D013420', 'UniProt:U5EHR3', 'GO:0046654', 'MESH:D013763', 'GO:0071897', 'taxonomy:1824', 'MESH:D009617']",7,6,1,['Drug - Protein - BiologicalProcess - OrganismTaxon - Disease'],['Drug - decreases activity of - Protein - positively regulates - BiologicalProcess - in taxon - OrganismTaxon - causes - Disease'],What gene is most mechanistically related to the indication of Drug Sulfamethoxazole to Disease Nocardiosis?
1143,DB01015_MESH_D004405_1,DB:DB01015,MESH:D013420,MESH:D004405,UniProt:Q8GND6,Sulfamethoxazole,"Dysentery, Bacillary",Dihydropteroate synthase,N/A,"['MESH:D013420', 'UniProt:Q8GND6', 'GO:0046654', 'MESH:D013763', 'GO:0071897', 'taxonomy:543', 'MESH:D004405']",7,6,1,['Drug - Protein - BiologicalProcess - OrganismTaxon - Disease'],['Drug - decreases activity of - Protein - positively regulates - BiologicalProcess - in taxon - OrganismTaxon - causes - Disease'],"What gene is most mechanistically related to the indication of Drug Sulfamethoxazole to Disease Dysentery, Bacillary?"
1144,DB01015_MESH_D014123_1,DB:DB01015,MESH:D013420,MESH:D014123,UniProt:O44030,Sulfamethoxazole,Toxoplasmosis,Dihydropteroate synthase,N/A,"['MESH:D013420', 'UniProt:O44030', 'GO:0046654', 'MESH:D013763', 'GO:0071897', 'taxonomy:5811', 'MESH:D014123']",7,6,1,['Drug - Protein - BiologicalProcess - OrganismTaxon - Disease'],['Drug - decreases activity of - Protein - positively regulates - BiologicalProcess - in taxon - OrganismTaxon - causes - Disease'],What gene is most mechanistically related to the indication of Drug Sulfamethoxazole to Disease Toxoplasmosis?
1145,DB01015_MESH_D003235_1,DB:DB01015,MESH:D013420,MESH:D003235,UniProt:O84619,Sulfamethoxazole,"Conjunctivitis, Inclusion",Folate synthesis bifunctional protein,N/A,"['MESH:D013420', 'UniProt:O84619', 'GO:0046654', 'MESH:D013763', 'GO:0071897', 'taxonomy:813', 'MESH:D003235']",7,6,1,['Drug - Protein - BiologicalProcess - OrganismTaxon - Disease'],['Drug - decreases activity of - Protein - positively regulates - BiologicalProcess - in taxon - OrganismTaxon - causes - Disease'],"What gene is most mechanistically related to the indication of Drug Sulfamethoxazole to Disease Conjunctivitis, Inclusion?"
1146,DB00299_MESH_D006560_1,DB:DB00299,MESH:C053539,MESH:D006560,UniProt:P04293,penciclovir,Herpes labialis,DNA polymerase catalytic subunit,N/A,"['MESH:C053539', 'MESH:C092310', 'UniProt:P04293', 'GO:0039693', 'taxonomy:10298', 'MESH:D006560']",6,5,1,['Drug - ChemicalSubstance - Protein - BiologicalProcess - OrganismTaxon - Disease'],['Drug - has metabolite - ChemicalSubstance - decreases activity of - Protein - positively regulates - BiologicalProcess - in taxon - OrganismTaxon - causes - Disease'],What gene is most mechanistically related to the indication of Drug penciclovir to Disease Herpes labialis?
1151,DB00005_MESH_D013167_1,DB:DB00005,MESH:D000068800,MESH:D013167,UniProt:P01375,Etanercept,Ankylosing spondylitis,Tumor necrosis factor,TNF,"['MESH:D000068800', 'UniProt:P01375', 'reactome:R-HSA-75893', 'GO:0006954', 'MESH:D013167']",5,4,1,['Drug - Protein - Pathway - BiologicalProcess - Disease'],['Drug - decreases activity of - Protein - participates in - Pathway - positively regulates - BiologicalProcess - causes - Disease'],What gene is most mechanistically related to the indication of Drug Etanercept to Disease Ankylosing spondylitis?
1156,DB01382_MESH_D003924_1,DB:DB01382,MESH:C073263,MESH:D003924,UniProt:P48048,Glymidine,"Diabetes Mellitus, Type 2",ATP-sensitive inward rectifier potassium channel 1,KCNJ1,"['MESH:C073263', 'UniProt:P48048', 'GO:0051899', 'GO:0005245', 'GO:0070509', 'GO:0030073', 'MESH:D001786', 'MESH:D003924']",8,7,1,['Drug - Protein - BiologicalProcess - ChemicalSubstance - Disease'],['Drug - decreases activity of - Protein - negatively correlated with - BiologicalProcess - negatively regulates - ChemicalSubstance - positively correlated with - Disease'],"What gene is most mechanistically related to the indication of Drug Glymidine to Disease Diabetes Mellitus, Type 2?"
1164,DB06317_MESH_D009101_1,DB:DB06317,MESH:C546027,MESH:D009101,UniProt:Q9NQ25,Elotuzumab,Multiple myeloma,SLAM family member 7,SLAMF7,"['MESH:C546027', 'UniProt:Q9NQ25', 'CL:0000623', 'GO:0001788', 'GO:0008219', 'MESH:D009101']",6,5,1,['Drug - Protein - Cell - BiologicalProcess - Disease'],['Drug - increases activity of - Protein - expressed in - Cell - capable of - BiologicalProcess - negatively correlated with - Disease'],What gene is most mechanistically related to the indication of Drug Elotuzumab to Disease Multiple myeloma?
1172,DB01501_MESH_D003967_1,DB:DB01501,MESH:C100010,MESH:D003967,UniProt:P35372,difenoxin,Diarrhea,Mu-type opioid receptor,OPRM1,"['MESH:C100010', 'MESH:C028792', 'UniProt:P35372', 'GO:0030432', 'HP:0100770', 'MESH:D003967']",6,5,1,['Drug - ChemicalSubstance - Protein - BiologicalProcess - PhenotypicFeature - Disease'],['Drug - is metabolite of - ChemicalSubstance - increases activity of - Protein - negatively regulates - BiologicalProcess - positively correlated with - PhenotypicFeature - contributes to - Disease'],What gene is most mechanistically related to the indication of Drug difenoxin to Disease Diarrhea?
1173,DB00644_MESH_D000568_1,DB:DB00644,MESH:D007987,MESH:D000568,UniProt:P30968,Gonadotropin-Releasing Hormone,Amenorrhea,Gonadotropin-releasing hormone receptor,GNRHR,"['MESH:D007987', 'UniProt:P30968', 'GO:0032274', 'MESH:D005640', 'MESH:D007986', 'MESH:D000568']",6,6,1,['Drug - Protein - BiologicalProcess - ChemicalSubstance - Disease'],['Drug - increases activity of - Protein - positively regulates - BiologicalProcess - positively correlated with - ChemicalSubstance - negatively correlated with - Disease'],What gene is most mechanistically related to the indication of Drug Gonadotropin-Releasing Hormone to Disease Amenorrhea?
1180,DB00205_MESH_D008288_1,DB:DB00205,MESH:D011739,MESH:D008288,UniProt:P13922,pyrimethamine,Malaria,Bifunctional dihydrofolate reductase-thymidylate synthase,N/A,"['MESH:D011739', 'UniProt:P13922', 'GO:0046654', 'GO:0006221', 'GO:0019363', 'GO:0000280', 'taxonomy:5839', 'MESH:D008288']",8,8,1,['Drug - Protein - BiologicalProcess - OrganismTaxon - Disease'],['Drug - negatively regulates - Protein - positively regulates - BiologicalProcess - in taxon - OrganismTaxon - causes - Disease'],What gene is most mechanistically related to the indication of Drug pyrimethamine to Disease Malaria?
1187,DB00736_MESH_D005764_1,DB:DB00736,MESH:D064098,MESH:D005764,UniProt:P20648,esomeprazole,Gastroesophageal Reflux,Potassium-transporting ATPase alpha chain 1,ATP4A,"['MESH:D064098', 'UniProt:P20648', 'GO:0008900', 'UBERON:0000325', 'GO:0001696', 'MESH:D006356', 'MESH:D005764']",7,6,1,['Drug - Protein - MolecularActivity - GrossAnatomicalStructure - BiologicalProcess - PhenotypicFeature - Disease'],['Drug - decreases activity of - Protein - positively correlated with - MolecularActivity - located in - GrossAnatomicalStructure - positively correlated with - BiologicalProcess - positively correlated with - PhenotypicFeature - manifestation of - Disease'],What gene is most mechanistically related to the indication of Drug esomeprazole to Disease Gastroesophageal Reflux?
1188,DB00736_MESH_D004942_1,DB:DB00736,MESH:D064098,MESH:D004942,UniProt:P20648,esomeprazole,"Esophagitis, Peptic",Potassium-transporting ATPase alpha chain 1,ATP4A,"['MESH:D064098', 'UniProt:P20648', 'GO:0008900', 'GO:0001696', 'HP:0004791', 'HP:0002020', 'MESH:D004942']",7,7,1,['Drug - Protein - MolecularActivity - BiologicalProcess - PhenotypicFeature - Disease'],['Drug - decreases activity of - Protein - positively correlated with - MolecularActivity - positively correlated with - BiologicalProcess - positively correlated with - PhenotypicFeature - manifestation of - Disease'],"What gene is most mechanistically related to the indication of Drug esomeprazole to Disease Esophagitis, Peptic?"
1189,DB00736_MESH_D015043_1,DB:DB00736,MESH:D064098,MESH:D015043,UniProt:P20648,esomeprazole,Zollinger-Ellison Syndrome,Potassium-transporting ATPase alpha chain 1,ATP4A,"['MESH:D064098', 'UniProt:P20648', 'GO:0008900', 'GO:0001696', 'HP:0002588', 'HP:0004398', 'MESH:D015043']",7,7,1,['Drug - Protein - MolecularActivity - BiologicalProcess - PhenotypicFeature - Disease'],['Drug - decreases activity of - Protein - positively correlated with - MolecularActivity - positively correlated with - BiologicalProcess - positively correlated with - PhenotypicFeature - manifestation of - Disease'],What gene is most mechanistically related to the indication of Drug esomeprazole to Disease Zollinger-Ellison Syndrome?
1190,DB00736_MESH_D010437_1,DB:DB00736,MESH:D064098,MESH:D010437,UniProt:P20648,esomeprazole,Peptic Ulcer,Potassium-transporting ATPase alpha chain 1,ATP4A,"['MESH:D064098', 'UniProt:P20648', 'GO:0008900', 'GO:0001696', 'MESH:D010437']",5,4,1,['Drug - Protein - MolecularActivity - BiologicalProcess - Disease'],['Drug - decreases activity of - Protein - positively correlated with - MolecularActivity - positively correlated with - BiologicalProcess - positively correlated with - Disease'],What gene is most mechanistically related to the indication of Drug esomeprazole to Disease Peptic Ulcer?
1191,DB01048_MESH_D015658_2,DB:DB01048,MESH:C106538,MESH:D015658,UniProt:Q72547,abacavir,Human immunodeficiency virus infection,Reverse transcriptase/RNaseH,N/A,"['MESH:C106538', 'CHEBI:64174', 'UniProt:Q72547', 'GO:0003964', 'GO:0019079', 'taxonomy:11676', 'MESH:D015658']",7,6,1,['Drug - ChemicalSubstance - Protein - MolecularActivity - BiologicalProcess - OrganismTaxon - Disease'],['Drug - produces - ChemicalSubstance - decreases activity of - Protein - positively regulates - MolecularActivity - positively correlated with - BiologicalProcess - in taxon - OrganismTaxon - causes - Disease'],What gene is most mechanistically related to the indication of Drug abacavir to Disease Human immunodeficiency virus infection?
1193,DB06212_MESH_D007010_1,DB:DB06212,MESH:C116664,MESH:D007010,UniProt:P30518,tolvaptan,Hyponatremia,Vasopressin V2 receptor,AVPR2,"['MESH:C116664', 'UniProt:P30518', 'reactome:R-HSA-432040', 'GO:0070295', 'MESH:D007010']",5,4,1,['Drug - Protein - Pathway - BiologicalProcess - Disease'],['Drug - negatively regulates - Protein - participates in - Pathway - positively regulates - BiologicalProcess - positively correlated with - Disease'],What gene is most mechanistically related to the indication of Drug tolvaptan to Disease Hyponatremia?
1194,DB06212_MESH_D007177_1,DB:DB06212,MESH:C116664,MESH:D007177,UniProt:P30518,tolvaptan,Inappropriate ADH Syndrome,Vasopressin V2 receptor,AVPR2,"['MESH:C116664', 'UniProt:P30518', 'reactome:R-HSA-432040', 'GO:0070295', 'MESH:D007177']",5,4,1,['Drug - Protein - Pathway - BiologicalProcess - Disease'],['Drug - negatively regulates - Protein - participates in - Pathway - positively regulates - BiologicalProcess - positively correlated with - Disease'],What gene is most mechanistically related to the indication of Drug tolvaptan to Disease Inappropriate ADH Syndrome?
1197,DB00810_MESH_D010300_1,DB:DB00810,MESH:D001712,MESH:D010300,UniProt:P11229,biperiden,Parkinson's disease,Muscarinic acetylcholine receptor M1,CHRM1,"['MESH:D001712', 'UniProt:P11229', 'GO:0007271', 'HP:0100022', 'MESH:D010300']",5,4,1,['Drug - Protein - BiologicalProcess - PhenotypicFeature - Disease'],['Drug - negatively regulates - Protein - positively regulates - BiologicalProcess - positively correlated with - PhenotypicFeature - manifestation of - Disease'],What gene is most mechanistically related to the indication of Drug biperiden to Disease Parkinson's disease?
1198,DB00810_MESH_D010301_1,DB:DB00810,MESH:D001712,MESH:D010301,UniProt:P11229,biperiden,Postencephalitic parkinsonism,Muscarinic acetylcholine receptor M1,CHRM1,"['MESH:D001712', 'UniProt:P11229', 'GO:0007271', 'HP:0100022', 'HP:0001300', 'MESH:D010301']",6,5,1,['Drug - Protein - BiologicalProcess - PhenotypicFeature - Disease'],['Drug - negatively regulates - Protein - positively regulates - BiologicalProcess - positively correlated with - PhenotypicFeature - manifestation of - Disease'],What gene is most mechanistically related to the indication of Drug biperiden to Disease Postencephalitic parkinsonism?
1199,DB00810_MESH_D020734_1,DB:DB00810,MESH:D001712,MESH:D020734,UniProt:P11229,biperiden,Parkinsonism,Muscarinic acetylcholine receptor M1,CHRM1,"['MESH:D001712', 'UniProt:P11229', 'GO:0007271', 'HP:0100022', 'MESH:D020734']",5,4,1,['Drug - Protein - BiologicalProcess - PhenotypicFeature - Disease'],['Drug - negatively regulates - Protein - positively regulates - BiologicalProcess - positively correlated with - PhenotypicFeature - manifestation of - Disease'],What gene is most mechanistically related to the indication of Drug biperiden to Disease Parkinsonism?
1200,DB00810_MESH_D001480_1,DB:DB00810,MESH:D001712,MESH:D001480,UniProt:P11229,biperiden,Extrapyramidal disease,Muscarinic acetylcholine receptor M1,CHRM1,"['MESH:D001712', 'UniProt:P11229', 'GO:0007271', 'HP:0002071', 'MESH:D001480']",5,4,1,['Drug - Protein - BiologicalProcess - PhenotypicFeature - Disease'],['Drug - negatively regulates - Protein - positively regulates - BiologicalProcess - positively correlated with - PhenotypicFeature - manifestation of - Disease'],What gene is most mechanistically related to the indication of Drug biperiden to Disease Extrapyramidal disease?
1209,DB00287_MESH_D009798_1,DB:DB00287,MESH:D000069557,MESH:D009798,UniProt:P43088,Travoprost,Ocular hypertension,Prostaglandin F2-alpha receptor,PTGFR,"['MESH:D000069557', 'UniProt:P43088', 'GO:0008237', 'GO:0031012', 'UBERON:0001796', 'MESH:D009798']",6,5,1,['Drug - Protein - BiologicalProcess - CellularComponent - GrossAnatomicalStructure - Disease'],['Drug - increases activity of - Protein - positively regulates - BiologicalProcess - decreases abundance of - CellularComponent - positively correlated with - GrossAnatomicalStructure - positively correlated with - Disease'],What gene is most mechanistically related to the indication of Drug Travoprost to Disease Ocular hypertension?
1210,DB00287_MESH_D005902_1,DB:DB00287,MESH:D000069557,MESH:D005902,UniProt:P43088,Travoprost,Open-angle glaucoma,Prostaglandin F2-alpha receptor,PTGFR,"['MESH:D000069557', 'UniProt:P43088', 'GO:0008237', 'GO:0031012', 'UBERON:0001796', 'HP:0007906', 'MESH:D005902']",7,6,1,['Drug - Protein - BiologicalProcess - CellularComponent - GrossAnatomicalStructure - PhenotypicFeature - Disease'],['Drug - increases activity of - Protein - positively regulates - BiologicalProcess - decreases abundance of - CellularComponent - positively correlated with - GrossAnatomicalStructure - positively correlated with - PhenotypicFeature - affects risk for - Disease'],What gene is most mechanistically related to the indication of Drug Travoprost to Disease Open-angle glaucoma?
1217,DB06243_MESH_D014353_1,DB:DB06243,MESH:D000518,MESH:D014353,UniProt:P11926,Eflornithine,African trypanosomiasis,Ornithine decarboxylase,ODC1,"['MESH:D000518', 'UniProt:P11926', 'GO:0033387', 'CHEBI:35490', 'GO:0045454', 'taxonomy:5691', 'MESH:D014353']",7,6,1,['Drug - Protein - BiologicalProcess - OrganismTaxon - Disease'],['Drug - decreases activity of - Protein - positively regulates - BiologicalProcess - in taxon - OrganismTaxon - causes - Disease'],What gene is most mechanistically related to the indication of Drug Eflornithine to Disease African trypanosomiasis?
1218,DB06809_MESH_D009101_1,DB:DB06809,MESH:C088327,MESH:D009101,UniProt:P61073,Plerixafor,Multiple myeloma,C-X-C chemokine receptor type 4,CXCR4,"['MESH:C088327', 'UniProt:P61073', 'GO:0035701', 'CL:0000037', 'MESH:D009101']",5,4,1,['Drug - Protein - BiologicalProcess - Cell - Disease'],['Drug - decreases activity of - Protein - negatively correlated with - BiologicalProcess - increases abundance of - Cell - treats - Disease'],What gene is most mechanistically related to the indication of Drug Plerixafor to Disease Multiple myeloma?
1227,DB00477_MESH_D011618_1,DB:DB00477,MESH:D002746,MESH:D011618,UniProt:P14416,chlorpromazine,Psychotic Disorders,D(2) dopamine receptor,DRD2,"['MESH:D002746', 'UniProt:P14416', 'CHEBI:18243', 'GO:0032225', 'UBERON:0001017', 'HP:0008760', 'MESH:D011618']",7,6,1,['Drug - Protein - ChemicalSubstance - BiologicalProcess - GrossAnatomicalStructure - PhenotypicFeature - Disease'],['Drug - decreases activity of - Protein - positively correlated with - ChemicalSubstance - correlated with - BiologicalProcess - located in - GrossAnatomicalStructure - prevents - PhenotypicFeature - correlated with - Disease'],What gene is most mechanistically related to the indication of Drug chlorpromazine to Disease Psychotic Disorders?
1228,DB00477_MESH_D017118_1,DB:DB00477,MESH:D002746,MESH:D017118,UniProt:P14416,chlorpromazine,"Porphyria, Acute Intermittent",D(2) dopamine receptor,DRD2,"['MESH:D002746', 'UniProt:P14416', 'CHEBI:18243', 'GO:0032225', 'UBERON:0001017', 'HP:0033400', 'MESH:D017118']",7,6,1,['Drug - Protein - ChemicalSubstance - BiologicalProcess - GrossAnatomicalStructure - PhenotypicFeature - Disease'],['Drug - decreases activity of - Protein - positively correlated with - ChemicalSubstance - correlated with - BiologicalProcess - located in - GrossAnatomicalStructure - prevents - PhenotypicFeature - correlated with - Disease'],"What gene is most mechanistically related to the indication of Drug chlorpromazine to Disease Porphyria, Acute Intermittent?"
1229,DB00477_MESH_D012559_1,DB:DB00477,MESH:D002746,MESH:D012559,UniProt:P14416,chlorpromazine,Schizophrenia,D(2) dopamine receptor,DRD2,"['MESH:D002746', 'UniProt:P14416', 'CHEBI:18243', 'GO:0032225', 'UBERON:0001017', 'HP:0008760', 'MESH:D012559']",7,6,1,['Drug - Protein - ChemicalSubstance - BiologicalProcess - GrossAnatomicalStructure - PhenotypicFeature - Disease'],['Drug - decreases activity of - Protein - positively correlated with - ChemicalSubstance - correlated with - BiologicalProcess - located in - GrossAnatomicalStructure - prevents - PhenotypicFeature - correlated with - Disease'],What gene is most mechanistically related to the indication of Drug chlorpromazine to Disease Schizophrenia?
1230,DB00477_MESH_D019958_1,DB:DB00477,MESH:D002746,MESH:D019958,UniProt:P14416,chlorpromazine,Attention Deficit and Disruptive Behavior Disorders,D(2) dopamine receptor,DRD2,"['MESH:D002746', 'UniProt:P14416', 'CHEBI:18243', 'GO:0032225', 'UBERON:0001017', 'HP:0008760', 'MESH:D019958']",7,6,1,['Drug - Protein - ChemicalSubstance - BiologicalProcess - GrossAnatomicalStructure - PhenotypicFeature - Disease'],['Drug - decreases activity of - Protein - positively correlated with - ChemicalSubstance - correlated with - BiologicalProcess - located in - GrossAnatomicalStructure - prevents - PhenotypicFeature - correlated with - Disease'],What gene is most mechanistically related to the indication of Drug chlorpromazine to Disease Attention Deficit and Disruptive Behavior Disorders?
1231,DB00773_MESH_D013736_1,DB:DB00773,MESH:D005047,MESH:D013736,UniProt:P11388,etoposide,Malignant tumor of testis,DNA topoisomerase 2-alpha,TOP2A,"['MESH:D005047', 'UniProt:P11388', 'GO:0003916', 'GO:0000084', 'GO:0000085', 'GO:0007049', 'CL:0001063', 'MESH:D013736']",8,8,1,['Drug - Protein - MolecularActivity - BiologicalProcess - Cell - Disease'],['Drug - decreases activity of - Protein - participates in - MolecularActivity - participates in - BiologicalProcess - located in - Cell - correlated with - Disease'],What gene is most mechanistically related to the indication of Drug etoposide to Disease Malignant tumor of testis?
1232,DB00773_MESH_D055752_1,DB:DB00773,MESH:D005047,MESH:D055752,UniProt:P11388,etoposide,Small Cell Lung Carcinoma,DNA topoisomerase 2-alpha,TOP2A,"['MESH:D005047', 'UniProt:P11388', 'GO:0003916', 'GO:0000084', 'GO:0000085', 'GO:0007049', 'CL:0001063', 'MESH:D055752']",8,8,1,['Drug - Protein - MolecularActivity - BiologicalProcess - Cell - Disease'],['Drug - decreases activity of - Protein - participates in - MolecularActivity - participates in - BiologicalProcess - located in - Cell - correlated with - Disease'],What gene is most mechanistically related to the indication of Drug etoposide to Disease Small Cell Lung Carcinoma?
1233,DB00900_MESH_D015658_1,DB:DB00900,MESH:D016049,MESH:D015658,UniProt:Q72547,didanosine,Human immunodeficiency virus infection,Reverse transcriptase/RNaseH,N/A,"['MESH:D016049', 'MESH:C037773', 'UniProt:Q72547', 'GO:0003964', 'GO:0019079', 'taxonomy:11676', 'MESH:D015658']",7,6,1,['Drug - ChemicalSubstance - Protein - MolecularActivity - BiologicalProcess - OrganismTaxon - Disease'],['Drug - increases abundance of - ChemicalSubstance - decreases activity of - Protein - positively regulates - MolecularActivity - positively correlated with - BiologicalProcess - in taxon - OrganismTaxon - causes - Disease'],What gene is most mechanistically related to the indication of Drug didanosine to Disease Human immunodeficiency virus infection?
1234,DB00967_MESH_D006255_1,DB:DB00967,MESH:C121345,MESH:D006255,UniProt:P35367,desloratadine,"Rhinitis, Allergic, Seasonal",Histamine H1 receptor,HRH1,"['MESH:C121345', 'UniProt:P35367', 'GO:0004969', 'GO:0071420', 'GO:0006954', 'MESH:D006255']",6,5,1,['Drug - Protein - MolecularActivity - BiologicalProcess - Disease'],['Drug - decreases activity of - Protein - positively regulates - MolecularActivity - participates in - BiologicalProcess - causes - Disease'],"What gene is most mechanistically related to the indication of Drug desloratadine to Disease Rhinitis, Allergic, Seasonal?"
1235,DB00967_MESH_D003139_1,DB:DB00967,MESH:C121345,MESH:D003139,UniProt:P35367,desloratadine,Common Cold,Histamine H1 receptor,HRH1,"['MESH:C121345', 'UniProt:P35367', 'GO:0004969', 'GO:0071420', 'GO:0006954', 'taxonomy:10239', 'MESH:D003139']",7,6,1,['Drug - Protein - MolecularActivity - BiologicalProcess - OrganismTaxon - Disease'],['Drug - decreases activity of - Protein - positively regulates - MolecularActivity - participates in - BiologicalProcess - caused by - OrganismTaxon - causes - Disease'],What gene is most mechanistically related to the indication of Drug desloratadine to Disease Common Cold?
1236,DB00967_MESH_D012223_1,DB:DB00967,MESH:C121345,MESH:D012223,UniProt:P35367,desloratadine,"Rhinitis, Vasomotor",Histamine H1 receptor,HRH1,"['MESH:C121345', 'UniProt:P35367', 'GO:0004969', 'GO:0071420', 'GO:0006954', 'MESH:D012223']",6,5,1,['Drug - Protein - MolecularActivity - BiologicalProcess - Disease'],['Drug - decreases activity of - Protein - positively regulates - MolecularActivity - participates in - BiologicalProcess - causes - Disease'],"What gene is most mechanistically related to the indication of Drug desloratadine to Disease Rhinitis, Vasomotor?"
1237,DB00967_MESH_D000080223_1,DB:DB00967,MESH:C121345,MESH:D000080223,UniProt:P35367,desloratadine,Chronic idiopathic urticaria,Histamine H1 receptor,HRH1,"['MESH:C121345', 'UniProt:P35367', 'GO:0004969', 'GO:0043117', 'GO:0071420', 'GO:0006954', 'MESH:D000080223']",7,6,1,['Drug - Protein - MolecularActivity - BiologicalProcess - Disease'],['Drug - negatively regulates - Protein - positively regulates - MolecularActivity - participates in - BiologicalProcess - causes - Disease'],What gene is most mechanistically related to the indication of Drug desloratadine to Disease Chronic idiopathic urticaria?
1238,DB00967_MESH_D065631_1,DB:DB00967,MESH:C121345,MESH:D065631,UniProt:P35367,desloratadine,Allergic rhinitis,Histamine H1 receptor,HRH1,"['MESH:C121345', 'UniProt:P35367', 'GO:0004969', 'GO:0071420', 'GO:0006954', 'MESH:D065631']",6,5,1,['Drug - Protein - MolecularActivity - BiologicalProcess - Disease'],['Drug - decreases activity of - Protein - positively regulates - MolecularActivity - participates in - BiologicalProcess - causes - Disease'],What gene is most mechanistically related to the indication of Drug desloratadine to Disease Allergic rhinitis?
1239,DB00967_MESH_D012912_1,DB:DB00967,MESH:C121345,MESH:D012912,UniProt:P35367,desloratadine,Sneezing,Histamine H1 receptor,HRH1,"['MESH:C121345', 'UniProt:P35367', 'GO:0004969', 'GO:0071420', 'GO:0006954', 'MESH:D012912']",6,5,1,['Drug - Protein - MolecularActivity - BiologicalProcess - Disease'],['Drug - decreases activity of - Protein - positively regulates - MolecularActivity - participates in - BiologicalProcess - causes - Disease'],What gene is most mechanistically related to the indication of Drug desloratadine to Disease Sneezing?
1240,DB00967_MESH_D003233_1,DB:DB00967,MESH:C121345,MESH:D003233,UniProt:P35367,desloratadine,Allergic conjunctivitis,Histamine H1 receptor,HRH1,"['MESH:C121345', 'UniProt:P35367', 'GO:0004969', 'GO:0071420', 'GO:0006954', 'MESH:D003233']",6,5,1,['Drug - Protein - MolecularActivity - BiologicalProcess - Disease'],['Drug - decreases activity of - Protein - positively regulates - MolecularActivity - participates in - BiologicalProcess - causes - Disease'],What gene is most mechanistically related to the indication of Drug desloratadine to Disease Allergic conjunctivitis?
1243,DB08899_MESH_D011471_1,DB:DB08899,MESH:C540278,MESH:D011471,UniProt:P10275,enzalutamide,Malignant tumor of prostate,Androgen receptor,AR,"['MESH:C540278', 'UniProt:P10275', 'GO:0030521', 'GO:0006351', 'GO:0008283', 'CL:0001063', 'MESH:D011471']",7,6,1,['Drug - Protein - BiologicalProcess - Cell - Disease'],['Drug - decreases activity of - Protein - participates in - BiologicalProcess - positively correlated with - Cell - positively correlated with - Disease'],What gene is most mechanistically related to the indication of Drug enzalutamide to Disease Malignant tumor of prostate?
1265,DB00610_MESH_D007022_1,DB:DB00610,MESH:D008680,MESH:D007022,UniProt:P35348,metaraminol,Low blood pressure,Alpha-1A adrenergic receptor,ADRA1A,"['MESH:D008680', 'UniProt:P35348', 'GO:0060048', 'GO:0042310', 'MESH:D007022']",5,5,1,['Drug - Protein - BiologicalProcess - Disease'],['Drug - increases activity of - Protein - positively correlated with - BiologicalProcess - negatively correlated with - Disease'],What gene is most mechanistically related to the indication of Drug metaraminol to Disease Low blood pressure?
1276,DB00827_MESH_D014552_1,DB:DB00827,MESH:D002937,MESH:D014552,UniProt:P0AES4,cinoxacin,Urinary Tract Infections,DNA gyrase subunit A,N/A,"['MESH:D002937', 'UniProt:P0AES4', 'GO:0006261', 'GO:0051301', 'taxonomy:562', 'MESH:D014552']",6,5,1,['Drug - Protein - BiologicalProcess - OrganismTaxon - Disease'],['Drug - negatively regulates - Protein - positively regulates - BiologicalProcess - in taxon - OrganismTaxon - causes - Disease'],What gene is most mechanistically related to the indication of Drug cinoxacin to Disease Urinary Tract Infections?
1277,DB00867_MESH_D007752_1,DB:DB00867,MESH:D012312,MESH:D007752,UniProt:P07550,ritodrine,Premature labor,Beta-2 adrenergic receptor,ADRB2,"['MESH:D012312', 'UniProt:P07550', 'GO:0044558', 'MESH:D007752']",4,3,1,['Drug - Protein - BiologicalProcess - Disease'],['Drug - positively regulates - Protein - positively regulates - BiologicalProcess - negatively correlated with - Disease'],What gene is most mechanistically related to the indication of Drug ritodrine to Disease Premature labor?
1281,DB09265_MESH_D003924_1,DB:DB09265,MESH:C479460,MESH:D003924,UniProt:P43220,lixisenatide,"Diabetes Mellitus, Type 2",Glucagon-like peptide 1 receptor,GLP1R,"['MESH:C479460', 'UniProt:P43220', 'reactome:R-HSA-381676', 'reactome:R-HSA-418555', 'GO:0014808', 'GO:0030073', 'MESH:D003924']",7,7,1,['Drug - Protein - Pathway - BiologicalProcess - Disease'],['Drug - increases activity of - Protein - participates in - Pathway - positively correlated with - BiologicalProcess - negatively correlated with - Disease'],"What gene is most mechanistically related to the indication of Drug lixisenatide to Disease Diabetes Mellitus, Type 2?"
1288,DB00654_MESH_D009798_1,DB:DB00654,MESH:C072042,MESH:D009798,UniProt:P43088,Latanoprost,Ocular hypertension,Prostaglandin F2-alpha receptor,PTGFR,"['MESH:C072042', 'UniProt:P43088', 'GO:0008237', 'GO:0031012', 'UBERON:0001796', 'MESH:D009798']",6,5,1,['Drug - Protein - BiologicalProcess - CellularComponent - GrossAnatomicalStructure - Disease'],['Drug - increases activity of - Protein - positively regulates - BiologicalProcess - decreases abundance of - CellularComponent - positively correlated with - GrossAnatomicalStructure - positively correlated with - Disease'],What gene is most mechanistically related to the indication of Drug Latanoprost to Disease Ocular hypertension?
1289,DB00654_MESH_D005902_1,DB:DB00654,MESH:C072042,MESH:D005902,UniProt:P43088,Latanoprost,Open-angle glaucoma,Prostaglandin F2-alpha receptor,PTGFR,"['MESH:C072042', 'UniProt:P43088', 'GO:0008237', 'GO:0031012', 'UBERON:0001796', 'HP:0007906', 'MESH:D005902']",7,6,1,['Drug - Protein - BiologicalProcess - CellularComponent - GrossAnatomicalStructure - PhenotypicFeature - Disease'],['Drug - increases activity of - Protein - positively regulates - BiologicalProcess - decreases abundance of - CellularComponent - positively correlated with - GrossAnatomicalStructure - positively correlated with - PhenotypicFeature - affects risk for - Disease'],What gene is most mechanistically related to the indication of Drug Latanoprost to Disease Open-angle glaucoma?
1304,DB13161_MESH_D009134_1,DB:DB13161,MESH:C000590926,MESH:D009134,UniProt:B4DP61,Nusinersen,Spinal muscular atrophy,Survival motor neuron protein,SMN2,"['MESH:C000590926', 'GO:0000380', 'UniProt:B4DP61', 'MESH:D009134']",4,3,1,['Drug - BiologicalProcess - Protein - Disease'],['Drug - positively regulates - BiologicalProcess - produces - Protein - disrupted by - Disease'],What gene is most mechanistically related to the indication of Drug Nusinersen to Disease Spinal muscular atrophy?
1307,DB00705_MESH_D015658_1,DB:DB00705,MESH:D020008,MESH:D015658,UniProt:Q72547,Delavirdine,Human immunodeficiency virus infection,Reverse transcriptase/RNaseH,N/A,"['MESH:D020008', 'UniProt:Q72547', 'GO:0001171', 'GO:0019079', 'taxonomy:11676', 'MESH:D015658']",6,5,1,['Drug - Protein - BiologicalProcess - OrganismTaxon - Disease'],['Drug - decreases activity of - Protein - positively regulates - BiologicalProcess - in taxon - OrganismTaxon - causes - Disease'],What gene is most mechanistically related to the indication of Drug Delavirdine to Disease Human immunodeficiency virus infection?
1308,DB01022_MESH_D006996_1,DB:DB01022,MESH:D014812,MESH:D006996,UniProt:P02818,vitamin k,Hypocalcemia,Osteocalcin,BGLAP,"['MESH:D014812', 'UniProt:P02818', 'GO:0030282', 'MESH:D006996']",4,3,1,['Drug - Protein - BiologicalProcess - Disease'],['Drug - increases activity of - Protein - positively regulates - BiologicalProcess - negatively correlated with - Disease'],What gene is most mechanistically related to the indication of Drug vitamin k to Disease Hypocalcemia?
1309,DB01022_MESH_D015663_1,DB:DB01022,MESH:D014812,MESH:D015663,UniProt:P02818,vitamin k,Postmenopausal osteoporosis,Osteocalcin,BGLAP,"['MESH:D014812', 'UniProt:P02818', 'GO:0030282', 'MESH:D015663']",4,3,1,['Drug - Protein - BiologicalProcess - Disease'],['Drug - increases activity of - Protein - positively regulates - BiologicalProcess - negatively correlated with - Disease'],What gene is most mechanistically related to the indication of Drug vitamin k to Disease Postmenopausal osteoporosis?
1310,DB01022_MESH_D010024_1,DB:DB01022,MESH:D014812,MESH:D010024,UniProt:P02818,vitamin k,Osteoporosis,Osteocalcin,BGLAP,"['MESH:D014812', 'UniProt:P02818', 'GO:0030282', 'MESH:D010024']",4,3,1,['Drug - Protein - BiologicalProcess - Disease'],['Drug - increases activity of - Protein - positively regulates - BiologicalProcess - negatively correlated with - Disease'],What gene is most mechanistically related to the indication of Drug vitamin k to Disease Osteoporosis?
1338,DB00619_MESH_C580364_1,DB:DB00619,MESH:D000068877,MESH:C580364,UniProt:P16234,imatinib,Pdgfra-Associated Chronic Eosinophilic Leukemia,Platelet-derived growth factor receptor alpha,PDGFRA,"['MESH:D000068877', 'UniProt:P16234', 'GO:0048008', 'GO:0008283', 'HP:0001880', 'MESH:C580364']",6,5,1,['Drug - Protein - BiologicalProcess - PhenotypicFeature - Disease'],['Drug - decreases activity of - Protein - positively regulates - BiologicalProcess - positively correlated with - PhenotypicFeature - manifestation of - Disease'],What gene is most mechanistically related to the indication of Drug imatinib to Disease Pdgfra-Associated Chronic Eosinophilic Leukemia?
1339,DB00619_MESH_D017681_1,DB:DB00619,MESH:D000068877,MESH:D017681,UniProt:P16234,imatinib,Hypereosinophilic Syndrome,Platelet-derived growth factor receptor alpha,PDGFRA,"['MESH:D000068877', 'UniProt:P16234', 'GO:0008283', 'HP:0001880', 'MESH:D017681']",5,4,1,['Drug - Protein - BiologicalProcess - PhenotypicFeature - Disease'],['Drug - decreases activity of - Protein - positively regulates - BiologicalProcess - positively correlated with - PhenotypicFeature - manifestation of - Disease'],What gene is most mechanistically related to the indication of Drug imatinib to Disease Hypereosinophilic Syndrome?
1341,DB00619_MESH_D018223_1,DB:DB00619,MESH:D000068877,MESH:D018223,UniProt:P16234,imatinib,Dermatofibrosarcoma,Platelet-derived growth factor receptor alpha,PDGFRA,"['MESH:D000068877', 'UniProt:P16234', 'GO:0030154', 'GO:0008283', 'MESH:D002470', 'MESH:D018223']",6,7,1,['Drug - Protein - BiologicalProcess - Disease'],['Drug - decreases activity of - Protein - positively regulates - BiologicalProcess - positively correlated with - Disease'],What gene is most mechanistically related to the indication of Drug imatinib to Disease Dermatofibrosarcoma?
1349,DB01224_MESH_D001714_1,DB:DB01224,MESH:D000069348,MESH:D001714,UniProt:P23975,quetiapine,"Bipolar affective disorder, current episode depression",Sodium-dependent noradrenaline transporter,SLC6A2,"['MESH:D000069348', 'UniProt:P23975', 'GO:0051620', 'HP:0000716', 'HP:0100754', 'MESH:D001714']",6,6,1,['Drug - Protein - BiologicalProcess - PhenotypicFeature - Disease'],['Drug - decreases activity of - Protein - positively regulates - BiologicalProcess - positively correlated with - PhenotypicFeature - manifestation of - Disease'],"What gene is most mechanistically related to the indication of Drug quetiapine to Disease Bipolar affective disorder, current episode depression?"
1351,DB00104_MESH_D000172_1,DB:DB00104,MESH:D015282,MESH:D000172,UniProt:P01241,Octreotide,Acromegaly,Somatotropin,GH1,"['MESH:D015282', 'GO:0038169', 'UniProt:P01241', 'MESH:D000172']",4,3,1,['Drug - BiologicalProcess - Protein - Disease'],['Drug - positively regulates - BiologicalProcess - negatively regulates - Protein - positively correlated with - Disease'],What gene is most mechanistically related to the indication of Drug Octreotide to Disease Acromegaly?
1354,DB00678_MESH_D003928_1,DB:DB00678,MESH:D019808,MESH:D003928,UniProt:P30556,Losartan,Diabetic renal disease,Type-1 angiotensin II receptor,AGTR1,"['MESH:D019808', 'UniProt:P30556', 'MESH:D000804', 'MESH:D014661', 'HP:0000822', 'MESH:D003928']",6,5,1,['Drug - Protein - ChemicalSubstance - Disease'],['Drug - negatively regulates - Protein - positively correlated with - ChemicalSubstance - positively regulates - Disease'],What gene is most mechanistically related to the indication of Drug Losartan to Disease Diabetic renal disease?
1355,DB00678_MESH_D006973_1,DB:DB00678,MESH:D019808,MESH:D006973,UniProt:P30556,Losartan,Hypertension,Type-1 angiotensin II receptor,AGTR1,"['MESH:D019808', 'UniProt:P30556', 'MESH:D000804', 'MESH:D014661', 'GO:0008217', 'MESH:D006973']",6,5,1,['Drug - Protein - ChemicalSubstance - Disease'],['Drug - negatively regulates - Protein - positively correlated with - ChemicalSubstance - positively regulates - Disease'],What gene is most mechanistically related to the indication of Drug Losartan to Disease Hypertension?
1356,DB01019_MESH_D016055_1,DB:DB01019,MESH:D018723,MESH:D016055,UniProt:P08172,Bethanechol,Retention of urine,Muscarinic acetylcholine receptor M2,CHRM2,"['MESH:D018723', 'UniProt:P08172', 'GO:0014832', 'MESH:D016055']",4,3,1,['Drug - Protein - BiologicalProcess - Disease'],['Drug - increases activity of - Protein - positively regulates - BiologicalProcess - negatively correlated with - Disease'],What gene is most mechanistically related to the indication of Drug Bethanechol to Disease Retention of urine?
1365,DB01120_MESH_D003924_1,DB:DB01120,MESH:D005907,MESH:D003924,UniProt:Q09428,Gliclazide,"Diabetes Mellitus, Type 2",ATP-binding cassette sub-family C member 8,ABCC8,"['MESH:D005907', 'UniProt:Q09428', 'GO:0015272', 'GO:0051899', 'GO:0070509', 'GO:0030073', 'HP:0003074', 'MESH:D003924']",8,7,1,['Drug - Protein - BiologicalProcess - PhenotypicFeature - Disease'],['Drug - decreases activity of - Protein - positively correlated with - BiologicalProcess - negatively correlated with - PhenotypicFeature - manifestation of - Disease'],"What gene is most mechanistically related to the indication of Drug Gliclazide to Disease Diabetes Mellitus, Type 2?"
1366,DB01270_MESH_D003930_1,DB:DB01270,MESH:D000069579,MESH:D003930,UniProt:P15692,Ranibizumab,Diabetic retinopathy,Vascular endothelial growth factor A,VEGFA,"['MESH:D000069579', 'UniProt:P15692', 'GO:0001525', 'MESH:D003930']",4,3,1,['Drug - Protein - BiologicalProcess - Disease'],['Drug - decreases activity of - Protein - positively regulates - BiologicalProcess - positively correlated with - Disease'],What gene is most mechanistically related to the indication of Drug Ranibizumab to Disease Diabetic retinopathy?
1369,DB12712_MESH_D013610_1,DB:DB12712,MESH:C042288,MESH:D013610,UniProt:Q14524,Pilsicainide,Tachyarrhythmia,Sodium channel protein type 5 subunit alpha,SCN5A,"['MESH:C042288', 'UniProt:Q14524', 'GO:0051899', 'GO:0060048', 'GO:0060047', 'GO:0010460', 'MESH:D013610']",7,6,1,['Drug - Protein - BiologicalProcess - Disease'],['Drug - decreases activity of - Protein - positively regulates - BiologicalProcess - positively correlated with - Disease'],What gene is most mechanistically related to the indication of Drug Pilsicainide to Disease Tachyarrhythmia?
1370,DB00809_MESH_D015878_1,DB:DB00809,MESH:D014331,MESH:D015878,UniProt:P20309,Tropicamide,Mydriasis,Muscarinic acetylcholine receptor M3,CHRM3,"['MESH:D014331', 'UniProt:P20309', 'GO:0090075', 'MESH:D015878']",4,3,1,['Drug - Protein - BiologicalProcess - Disease'],['Drug - decreases activity of - Protein - positively regulates - BiologicalProcess - positively correlated with - Disease'],What gene is most mechanistically related to the indication of Drug Tropicamide to Disease Mydriasis?
1373,DB00140_MESH_D001361_1,DB:DB00140,MESH:D012256,MESH:D001361,UniProt:Q969G6,Riboflavin,Vitamin deficiency,Riboflavin kinase,RFK,"['MESH:D012256', 'UniProt:Q969G6', 'GO:0009398', 'MESH:D005486', 'HP:0100504', 'MESH:D001361']",6,5,1,['Drug - Protein - BiologicalProcess - ChemicalSubstance - PhenotypicFeature - Disease'],['Drug - molecularly interacts with - Protein - positively regulates - BiologicalProcess - increases abundance of - ChemicalSubstance - negatively correlated with - PhenotypicFeature - positively correlated with - Disease'],What gene is most mechanistically related to the indication of Drug Riboflavin to Disease Vitamin deficiency?
1378,DB00355_MESH_D014552_1,DB:DB00355,MESH:D001398,MESH:D014552,UniProt:P0AD65,Aztreonam,Urinary Tract Infections,"Peptidoglycan D,D-transpeptidase MrdA",N/A,"['MESH:D001398', 'UniProt:P0AD65', 'GO:0009252', 'GO:0009273', 'taxonomy:562', 'MESH:D014552']",6,5,1,['Drug - Protein - BiologicalProcess - OrganismTaxon - Disease'],['Drug - decreases activity of - Protein - positively regulates - BiologicalProcess - occurs in - OrganismTaxon - causes - Disease'],What gene is most mechanistically related to the indication of Drug Aztreonam to Disease Urinary Tract Infections?
1379,DB00355_MESH_D004927_1,DB:DB00355,MESH:D001398,MESH:D004927,UniProt:P0AD65,Aztreonam,Escherichia coli Infections,"Peptidoglycan D,D-transpeptidase MrdA",N/A,"['MESH:D001398', 'UniProt:P0AD65', 'GO:0009252', 'GO:0009273', 'taxonomy:562', 'MESH:D004927']",6,5,1,['Drug - Protein - BiologicalProcess - OrganismTaxon - Disease'],['Drug - decreases activity of - Protein - positively regulates - BiologicalProcess - occurs in - OrganismTaxon - causes - Disease'],What gene is most mechanistically related to the indication of Drug Aztreonam to Disease Escherichia coli Infections?
1383,DB00355_MESH_D012226_1,DB:DB00355,MESH:D001398,MESH:D012226,UniProt:R4YB92,Aztreonam,Rhinoscleroma,"Peptidoglycan D,D-transpeptidase FtsI",N/A,"['MESH:D001398', 'UniProt:R4YB92', 'GO:0009252', 'GO:0009273', 'taxonomy:39831', 'MESH:D012226']",6,5,1,['Drug - Protein - BiologicalProcess - OrganismTaxon - Disease'],['Drug - decreases activity of - Protein - positively regulates - BiologicalProcess - occurs in - OrganismTaxon - causes - Disease'],What gene is most mechanistically related to the indication of Drug Aztreonam to Disease Rhinoscleroma?
1385,DB00625_MESH_D015658_1,DB:DB00625,MESH:C098320,MESH:D015658,UniProt:Q72547,efavirenz,Human immunodeficiency virus infection,Reverse transcriptase/RNaseH,N/A,"['MESH:C098320', 'UniProt:Q72547', 'GO:0039688', 'taxonomy:11676', 'MESH:D015658']",5,4,1,['Drug - Protein - BiologicalProcess - OrganismTaxon - Disease'],['Drug - decreases activity of - Protein - positively regulates - BiologicalProcess - in taxon - OrganismTaxon - causes - Disease'],What gene is most mechanistically related to the indication of Drug efavirenz to Disease Human immunodeficiency virus infection?
1389,DB06209_MESH_D054058_1,DB:DB06209,MESH:D000068799,MESH:D054058,UniProt:Q9H244,Prasugrel Hydrochloride,Acute coronary syndrome,P2Y purinoceptor 12,P2RY12,"['MESH:D000068799', 'UniProt:Q9H244', 'GO:0070527', 'GO:0007596', 'HP:0100749', 'MESH:D054058']",6,6,1,['Drug - Protein - BiologicalProcess - PhenotypicFeature - Disease'],['Drug - decreases activity of - Protein - positively regulates - BiologicalProcess - positively correlated with - PhenotypicFeature - positively correlated with - Disease'],What gene is most mechanistically related to the indication of Drug Prasugrel Hydrochloride to Disease Acute coronary syndrome?
1393,DB00439_MESH_D006937_1,DB:DB00439,MESH:C086276,MESH:D006937,UniProt:P04035,Cerivastatin,Hypercholesterolemia,3-hydroxy-3-methylglutaryl-coenzyme A reductase,HMGCR,"['MESH:C086276', 'UniProt:P04035', 'GO:0006695', 'MESH:D002784', 'MESH:D006937']",5,4,1,['Drug - Protein - BiologicalProcess - ChemicalSubstance - Disease'],['Drug - decreases activity of - Protein - positively regulates - BiologicalProcess - increases abundance of - ChemicalSubstance - positively correlated with - Disease'],What gene is most mechanistically related to the indication of Drug Cerivastatin to Disease Hypercholesterolemia?
1394,DB00439_MESH_D006950_1,DB:DB00439,MESH:C086276,MESH:D006950,UniProt:P04035,Cerivastatin,"Hyperlipidemia, Familial Combined",3-hydroxy-3-methylglutaryl-coenzyme A reductase,HMGCR,"['MESH:C086276', 'UniProt:P04035', 'GO:0006695', 'MESH:D002784', 'MESH:D006950']",5,4,1,['Drug - Protein - BiologicalProcess - ChemicalSubstance - Disease'],['Drug - decreases activity of - Protein - positively regulates - BiologicalProcess - increases abundance of - ChemicalSubstance - positively correlated with - Disease'],"What gene is most mechanistically related to the indication of Drug Cerivastatin to Disease Hyperlipidemia, Familial Combined?"
1406,DB01037_MESH_D003866_1,DB:DB01037,MESH:D012642,MESH:D003866,UniProt:P21397,Selegiline,Depressive disorder,Amine oxidase [flavin-containing] A,MAOA,"['MESH:D012642', 'UniProt:P21397', 'GO:0042402', 'MESH:D009638', 'MESH:D012701', 'GO:0099153', 'GO:0099155', 'MESH:D003866']",8,8,1,['Drug - Protein - BiologicalProcess - Disease'],['Drug - negatively regulates - Protein - positively regulates - BiologicalProcess - disrupted by - Disease'],What gene is most mechanistically related to the indication of Drug Selegiline to Disease Depressive disorder?
1418,DB00771_MESH_D043183_1,DB:DB00771,MESH:C054940,MESH:D043183,UniProt:P11229,clidinium,Irritable bowel syndrome,Muscarinic acetylcholine receptor M1,CHRM1,"['MESH:C054940', 'UniProt:P11229', 'GO:0006939', 'HP:0032155', 'MESH:D013035', 'HP:0002579', 'MESH:D043183']",7,6,1,['Drug - Protein - BiologicalProcess - PhenotypicFeature - Disease'],['Drug - negatively regulates - Protein - positively regulates - BiologicalProcess - increases abundance of - PhenotypicFeature - manifestation of - Disease'],What gene is most mechanistically related to the indication of Drug clidinium to Disease Irritable bowel syndrome?
1419,DB00942_MESH_D010300_1,DB:DB00942,MESH:C012262,MESH:D010300,UniProt:P11229,cycrimine,Parkinson's disease,Muscarinic acetylcholine receptor M1,CHRM1,"['MESH:C012262', 'UniProt:P11229', 'GO:0007271', 'GO:0014055', 'MESH:D010300']",5,4,1,['Drug - Protein - BiologicalProcess - Disease'],['Drug - negatively regulates - Protein - positively regulates - BiologicalProcess - positively correlated with - Disease'],What gene is most mechanistically related to the indication of Drug cycrimine to Disease Parkinson's disease?
1422,DB00046_MESH_D003922_1,DB:DB00046,MESH:D061268,MESH:D003922,UniProt:P06213,insulin lispro,Diabetes mellitus type 1,Insulin receptor,INSR,"['MESH:D061268', 'UniProt:P06213', 'GO:0004714', 'MESH:D055504', 'GO:0046323', 'MESH:D003922']",6,5,1,['Drug - Protein - MolecularActivity - GeneFamily - BiologicalProcess - Disease'],['Drug - increases activity of - Protein - positively regulates - MolecularActivity - positively regulates - GeneFamily - positively regulates - BiologicalProcess - negatively correlated with - Disease'],What gene is most mechanistically related to the indication of Drug insulin lispro to Disease Diabetes mellitus type 1?
1423,DB00046_MESH_D003924_1,DB:DB00046,MESH:D061268,MESH:D003924,UniProt:P06213,insulin lispro,"Diabetes Mellitus, Type 2",Insulin receptor,INSR,"['MESH:D061268', 'UniProt:P06213', 'GO:0004714', 'MESH:D055504', 'GO:0046323', 'MESH:D003924']",6,5,1,['Drug - Protein - MolecularActivity - GeneFamily - BiologicalProcess - Disease'],['Drug - increases activity of - Protein - positively regulates - MolecularActivity - positively regulates - GeneFamily - positively regulates - BiologicalProcess - negatively correlated with - Disease'],"What gene is most mechanistically related to the indication of Drug insulin lispro to Disease Diabetes Mellitus, Type 2?"
1430,DB00207_MESH_D061387_1,DB:DB00207,MESH:D017963,MESH:D061387,UniProt:Q9Z9A3,azithromycin,Chlamydial pneumonia,50S ribosomal protein L1 (Chlamydia pneumoniae),N/A,"['MESH:D017963', 'MESH:D012338', 'UniProt:Q9Z9A3', 'GO:0045727', 'GO:0051301', 'taxonomy:83558', 'MESH:D061387']",7,6,1,['Drug - ChemicalSubstance - Protein - BiologicalProcess - OrganismTaxon - Disease'],['Drug - negatively regulates - ChemicalSubstance - positively correlated with - Protein - participates in - BiologicalProcess - occurs in - OrganismTaxon - causes - Disease'],What gene is most mechanistically related to the indication of Drug azithromycin to Disease Chlamydial pneumonia?
1431,DB00207_MESH_D013290_1,DB:DB00207,MESH:D017963,MESH:D013290,UniProt:P0A7J6,azithromycin,Streptococcal Infections,50S ribosomal protein L10,N/A,"['MESH:D017963', 'MESH:D012338', 'UniProt:P0A7J6', 'GO:0045727', 'GO:0051301', 'taxonomy:1314', 'MESH:D013290']",7,6,1,['Drug - ChemicalSubstance - Protein - BiologicalProcess - OrganismTaxon - Disease'],['Drug - negatively regulates - ChemicalSubstance - positively correlated with - Protein - participates in - BiologicalProcess - occurs in - OrganismTaxon - causes - Disease'],What gene is most mechanistically related to the indication of Drug azithromycin to Disease Streptococcal Infections?
1432,DB00207_MESH_D002602_1,DB:DB00207,MESH:D017963,MESH:D002602,UniProt:P0A7J6,azithromycin,Chancroid,50S ribosomal protein L10,N/A,"['MESH:D017963', 'MESH:D012338', 'UniProt:P0A7J6', 'GO:0045727', 'GO:0051301', 'taxonomy:730', 'MESH:D002602']",7,6,1,['Drug - ChemicalSubstance - Protein - BiologicalProcess - OrganismTaxon - Disease'],['Drug - negatively regulates - ChemicalSubstance - positively correlated with - Protein - participates in - BiologicalProcess - occurs in - OrganismTaxon - causes - Disease'],What gene is most mechanistically related to the indication of Drug azithromycin to Disease Chancroid?
1433,DB00207_MESH_D003234_1,DB:DB00207,MESH:D017963,MESH:D003234,UniProt:P0A7J6,azithromycin,Pneumonia due to Mycoplasma pneumoniae,50S ribosomal protein L10,N/A,"['MESH:D017963', 'MESH:D012338', 'UniProt:P0A7J6', 'GO:0045727', 'GO:0051301', 'taxonomy:1279', 'MESH:D003234']",7,6,1,['Drug - ChemicalSubstance - Protein - BiologicalProcess - OrganismTaxon - Disease'],['Drug - negatively regulates - ChemicalSubstance - positively correlated with - Protein - participates in - BiologicalProcess - occurs in - OrganismTaxon - causes - Disease'],What gene is most mechanistically related to the indication of Drug azithromycin to Disease Pneumonia due to Mycoplasma pneumoniae?
1434,DB00207_MESH_D018410_1,DB:DB00207,MESH:D017963,MESH:D018410,UniProt:P0A7J6,azithromycin,"Pneumonia, Bacterial",50S ribosomal protein L10,N/A,"['MESH:D017963', 'MESH:D012338', 'UniProt:P0A7J6', 'GO:0045727', 'GO:0051301', 'taxonomy:2', 'MESH:D018410']",7,6,1,['Drug - ChemicalSubstance - Protein - BiologicalProcess - OrganismTaxon - Disease'],['Drug - negatively regulates - ChemicalSubstance - positively correlated with - Protein - participates in - BiologicalProcess - occurs in - OrganismTaxon - causes - Disease'],"What gene is most mechanistically related to the indication of Drug azithromycin to Disease Pneumonia, Bacterial?"
1435,DB00207_MESH_D011018_1,DB:DB00207,MESH:D017963,MESH:D011018,UniProt:P0A7J6,azithromycin,Pneumonia due to Streptococcus,50S ribosomal protein L10,N/A,"['MESH:D017963', 'MESH:D012338', 'UniProt:P0A7J6', 'GO:0045727', 'GO:0051301', 'taxonomy:1313', 'MESH:D011018']",7,6,1,['Drug - ChemicalSubstance - Protein - BiologicalProcess - OrganismTaxon - Disease'],['Drug - negatively regulates - ChemicalSubstance - positively correlated with - Protein - participates in - BiologicalProcess - occurs in - OrganismTaxon - causes - Disease'],What gene is most mechanistically related to the indication of Drug azithromycin to Disease Pneumonia due to Streptococcus?
1436,DB00207_MESH_D011019_1,DB:DB00207,MESH:D017963,MESH:D011019,UniProt:P0A7J6,azithromycin,Pneumonia due to Mycoplasma pneumoniae,50S ribosomal protein L10,N/A,"['MESH:D017963', 'MESH:D012338', 'UniProt:P0A7J6', 'GO:0045727', 'GO:0051301', 'taxonomy:2104', 'MESH:D011019']",7,6,1,['Drug - ChemicalSubstance - Protein - BiologicalProcess - OrganismTaxon - Disease'],['Drug - negatively regulates - ChemicalSubstance - positively correlated with - Protein - participates in - BiologicalProcess - occurs in - OrganismTaxon - causes - Disease'],What gene is most mechanistically related to the indication of Drug azithromycin to Disease Pneumonia due to Mycoplasma pneumoniae?
1437,DB00207_MESH_D013203_1,DB:DB00207,MESH:D017963,MESH:D013203,UniProt:P0A7J6,azithromycin,Staphylococcal Infections,50S ribosomal protein L10,N/A,"['MESH:D017963', 'MESH:D012338', 'UniProt:P0A7J6', 'GO:0045727', 'GO:0051301', 'taxonomy:1280', 'MESH:D013203']",7,6,1,['Drug - ChemicalSubstance - Protein - BiologicalProcess - OrganismTaxon - Disease'],['Drug - negatively regulates - ChemicalSubstance - positively correlated with - Protein - participates in - BiologicalProcess - occurs in - OrganismTaxon - causes - Disease'],What gene is most mechanistically related to the indication of Drug azithromycin to Disease Staphylococcal Infections?
1440,DB01272_MESH_D006009_1,DB:DB01272,MESH:C509951,MESH:D006009,UniProt:P20645,alglucosidase alfa,"Lysosomal alpha-1,4-glucosidase deficiency - infantile onset",Cation-dependent mannose-6-phosphate receptor,M6PR,"['MESH:C509951', 'UniProt:P20645', 'GO:0007041', 'GO:0005764', 'GO:0004558', 'MESH:D006003', 'MESH:D006009']",7,6,1,['Drug - Protein - BiologicalProcess - CellularComponent - MolecularActivity - ChemicalSubstance - Disease'],['Drug - molecularly interacts with - Protein - participates in - BiologicalProcess - occurs in - CellularComponent - participates in - MolecularActivity - decreases abundance of - ChemicalSubstance - positively correlated with - Disease'],"What gene is most mechanistically related to the indication of Drug alglucosidase alfa to Disease Lysosomal alpha-1,4-glucosidase deficiency - infantile onset?"
1446,DB11964_MESH_D010437_1,DB:DB11964,MESH:C119615,MESH:D010437,UniProt:P20648,ilaprazole,Peptic Ulcer,Potassium-transporting ATPase alpha chain 1,ATP4A,"['MESH:C119615', 'UniProt:P20648', 'GO:0008900', 'UBERON:0000325', 'GO:0001696', 'MESH:D006356', 'MESH:D010437']",7,6,1,['Drug - Protein - MolecularActivity - GrossAnatomicalStructure - BiologicalProcess - PhenotypicFeature - Disease'],['Drug - decreases activity of - Protein - positively correlated with - MolecularActivity - located in - GrossAnatomicalStructure - positively correlated with - BiologicalProcess - positively correlated with - PhenotypicFeature - manifestation of - Disease'],What gene is most mechanistically related to the indication of Drug ilaprazole to Disease Peptic Ulcer?
1447,DB11964_MESH_D005764_1,DB:DB11964,MESH:C119615,MESH:D005764,UniProt:P20648,ilaprazole,Gastroesophageal Reflux,Potassium-transporting ATPase alpha chain 1,ATP4A,"['MESH:C119615', 'UniProt:P20648', 'GO:0008900', 'UBERON:0000325', 'GO:0001696', 'MESH:D006356', 'MESH:D005764']",7,6,1,['Drug - Protein - MolecularActivity - GrossAnatomicalStructure - BiologicalProcess - PhenotypicFeature - Disease'],['Drug - decreases activity of - Protein - positively correlated with - MolecularActivity - located in - GrossAnatomicalStructure - positively correlated with - BiologicalProcess - positively correlated with - PhenotypicFeature - manifestation of - Disease'],What gene is most mechanistically related to the indication of Drug ilaprazole to Disease Gastroesophageal Reflux?
1449,DB12625_MESH_D003924_1,DB:DB12625,MESH:C557982,MESH:D003924,UniProt:P27487,evogliptin,"Diabetes Mellitus, Type 2",Dipeptidyl peptidase 4,DPP4,"['MESH:C557982', 'UniProt:P27487', 'CHEBI:80270', 'GO:0030073', 'GO:0070091', 'HP:0003074', 'MESH:D003924']",7,7,1,['Drug - Protein - ChemicalSubstance - BiologicalProcess - PhenotypicFeature - Disease'],['Drug - negatively regulates - Protein - negatively regulates - ChemicalSubstance - negatively regulates - BiologicalProcess - positively correlated with - PhenotypicFeature - positively correlated with - Disease'],"What gene is most mechanistically related to the indication of Drug evogliptin to Disease Diabetes Mellitus, Type 2?"
1450,DB00767_MESH_D020250_1,DB:DB00767,MESH:C100234,MESH:D020250,UniProt:P14416,benzquinamide,Postoperative Nausea and Vomiting,D(2) dopamine receptor,DRD2,"['MESH:C100234', 'UniProt:P14416', 'HP:0002017', 'MESH:D020250']",4,3,1,['Drug - Protein - PhenotypicFeature - Disease'],['Drug - decreases activity of - Protein - positively correlated with - PhenotypicFeature - positively correlated with - Disease'],What gene is most mechanistically related to the indication of Drug benzquinamide to Disease Postoperative Nausea and Vomiting?
1456,DB09080_MESH_D029424_1,DB:DB09080,MESH:C549647,MESH:D029424,UniProt:P07550,olodaterol,Chronic obstructive lung disease,Beta-2 adrenergic receptor,ADRB2,"['MESH:C549647', 'UniProt:P07550', 'GO:0007190', 'MESH:D000242', 'GO:0006939', 'UBERON:0002185', 'MESH:D029424']",7,6,1,['Drug - Protein - BiologicalProcess - GrossAnatomicalStructure - Disease'],['Drug - increases activity of - Protein - positively regulates - BiologicalProcess - occurs in - GrossAnatomicalStructure - location of - Disease'],What gene is most mechanistically related to the indication of Drug olodaterol to Disease Chronic obstructive lung disease?
1460,DB00342_MESH_D000080223_1,DB:DB00342,MESH:D016593,MESH:D000080223,UniProt:P35367,Terfenadine,Chronic idiopathic urticaria,Histamine H1 receptor,HRH1,"['MESH:D016593', 'MESH:C093230', 'UniProt:P35367', 'MESH:D006632', 'MESH:D000080223']",5,4,1,['Drug - ChemicalSubstance - Disease'],['Drug - has metabolite - ChemicalSubstance - positively correlated with - Disease'],What gene is most mechanistically related to the indication of Drug Terfenadine to Disease Chronic idiopathic urticaria?
1461,DB00342_MESH_D012223_1,DB:DB00342,MESH:D016593,MESH:D012223,UniProt:P35367,Terfenadine,"Rhinitis, Vasomotor",Histamine H1 receptor,HRH1,"['MESH:D016593', 'MESH:C093230', 'UniProt:P35367', 'MESH:D006632', 'GO:0006954', 'MESH:D012223']",6,5,1,['Drug - ChemicalSubstance - BiologicalProcess - Disease'],['Drug - has metabolite - ChemicalSubstance - positively regulates - BiologicalProcess - contributes to - Disease'],"What gene is most mechanistically related to the indication of Drug Terfenadine to Disease Rhinitis, Vasomotor?"
1462,DB00342_MESH_D065631_1,DB:DB00342,MESH:D016593,MESH:D065631,UniProt:P35367,Terfenadine,Allergic rhinitis,Histamine H1 receptor,HRH1,"['MESH:D016593', 'MESH:C093230', 'UniProt:P35367', 'MESH:D006632', 'GO:0006954', 'MESH:D065631']",6,5,1,['Drug - ChemicalSubstance - BiologicalProcess - Disease'],['Drug - has metabolite - ChemicalSubstance - positively regulates - BiologicalProcess - contributes to - Disease'],What gene is most mechanistically related to the indication of Drug Terfenadine to Disease Allergic rhinitis?
1463,DB00342_MESH_D012912_1,DB:DB00342,MESH:D016593,MESH:D012912,UniProt:P35367,Terfenadine,Sneezing,Histamine H1 receptor,HRH1,"['MESH:D016593', 'MESH:C093230', 'UniProt:P35367', 'MESH:D006632', 'MESH:D012912']",5,4,1,['Drug - ChemicalSubstance - Disease'],['Drug - has metabolite - ChemicalSubstance - positively correlated with - Disease'],What gene is most mechanistically related to the indication of Drug Terfenadine to Disease Sneezing?
1464,DB00342_MESH_D006255_1,DB:DB00342,MESH:D016593,MESH:D006255,UniProt:P35367,Terfenadine,"Rhinitis, Allergic, Seasonal",Histamine H1 receptor,HRH1,"['MESH:D016593', 'MESH:C093230', 'UniProt:P35367', 'MESH:D006632', 'GO:0006954', 'MESH:D006255']",6,5,1,['Drug - ChemicalSubstance - BiologicalProcess - Disease'],['Drug - has metabolite - ChemicalSubstance - positively regulates - BiologicalProcess - contributes to - Disease'],"What gene is most mechanistically related to the indication of Drug Terfenadine to Disease Rhinitis, Allergic, Seasonal?"
1465,DB00342_MESH_D003139_1,DB:DB00342,MESH:D016593,MESH:D003139,UniProt:P35367,Terfenadine,Common Cold,Histamine H1 receptor,HRH1,"['MESH:D016593', 'MESH:C093230', 'UniProt:P35367', 'MESH:D006632', 'GO:0006954', 'MESH:D003139']",6,5,1,['Drug - ChemicalSubstance - BiologicalProcess - Disease'],['Drug - has metabolite - ChemicalSubstance - positively regulates - BiologicalProcess - contributes to - Disease'],What gene is most mechanistically related to the indication of Drug Terfenadine to Disease Common Cold?
1466,DB00342_MESH_D003233_1,DB:DB00342,MESH:D016593,MESH:D003233,UniProt:P35367,Terfenadine,Allergic conjunctivitis,Histamine H1 receptor,HRH1,"['MESH:D016593', 'MESH:C093230', 'UniProt:P35367', 'MESH:D006632', 'GO:0006954', 'MESH:D003233']",6,5,1,['Drug - ChemicalSubstance - BiologicalProcess - Disease'],['Drug - has metabolite - ChemicalSubstance - positively regulates - BiologicalProcess - contributes to - Disease'],What gene is most mechanistically related to the indication of Drug Terfenadine to Disease Allergic conjunctivitis?
1484,DB11595_MESH_D002295_1,DB:DB11595,MESH:C000594389,MESH:D002295,UniProt:Q9NZQ7,Atezolizumab,Transitional cell carcinoma,Programmed cell death 1 ligand 1,CD274,"['MESH:C000594389', 'UniProt:Q9NZQ7', 'GO:0042098', 'GO:0042110', 'GO:0002424', 'MESH:D002295']",6,6,1,['Drug - Protein - BiologicalProcess - Disease'],['Drug - decreases activity of - Protein - negatively regulates - BiologicalProcess - negatively correlated with - Disease'],What gene is most mechanistically related to the indication of Drug Atezolizumab to Disease Transitional cell carcinoma?
1497,DB06480_MESH_D003248_1,DB:DB06480,MESH:C406662,MESH:D003248,UniProt:Q13639,prucalopride,Constipation,5-hydroxytryptamine receptor 4,HTR4,"['MESH:C406662', 'UniProt:Q13639', 'GO:0061526', 'GO:0120054', 'MESH:D003248']",5,4,1,['Drug - Protein - BiologicalProcess - Disease'],['Drug - positively regulates - Protein - positively regulates - BiologicalProcess - negatively correlated with - Disease'],What gene is most mechanistically related to the indication of Drug prucalopride to Disease Constipation?
1500,DB05016_MESH_D020388_1,DB:DB05016,MESH:C515878,MESH:D020388,UniProt:P11532,ataluren,Duchenne muscular dystrophy,Dystrophin,DMD,"['MESH:C515878', 'UniProt:P11532', 'MESH:D018389', 'MESH:D059365', 'HP:0003323', 'MESH:D020388']",6,5,1,['Drug - Protein - ChemicalSubstance - BiologicalProcess - PhenotypicFeature - Disease'],['Drug - positively correlated with - Protein - disrupted by - ChemicalSubstance - predisposes - BiologicalProcess - positively correlated with - PhenotypicFeature - manifestation of - Disease'],What gene is most mechanistically related to the indication of Drug ataluren to Disease Duchenne muscular dystrophy?
1511,DB00169_MESH_D007011_1,DB:DB00169,MESH:D002762,MESH:D007011,UniProt:P11473,Colecalciferol,Hypoparathyroidism,Vitamin D3 receptor,VDR,"['MESH:D002762', 'UniProt:P11473', 'GO:0033280', 'GO:0070509', 'HP:0002901', 'MESH:D007011']",6,5,1,['Drug - Protein - BiologicalProcess - PhenotypicFeature - Disease'],['Drug - increases activity of - Protein - positively regulates - BiologicalProcess - negatively correlated with - PhenotypicFeature - positively correlated with - Disease'],What gene is most mechanistically related to the indication of Drug Colecalciferol to Disease Hypoparathyroidism?
1513,DB00169_MESH_D012279_1,DB:DB00169,MESH:D002762,MESH:D012279,UniProt:P11473,Colecalciferol,Rickets,Vitamin D3 receptor,VDR,"['MESH:D002762', 'UniProt:P11473', 'GO:0033280', 'GO:0030282', 'MESH:D012279']",5,4,1,['Drug - Protein - BiologicalProcess - Disease'],['Drug - increases activity of - Protein - positively regulates - BiologicalProcess - negatively correlated with - Disease'],What gene is most mechanistically related to the indication of Drug Colecalciferol to Disease Rickets?
1514,DB00169_MESH_D006996_1,DB:DB00169,MESH:D002762,MESH:D006996,UniProt:P11473,Colecalciferol,Hypocalcemia,Vitamin D3 receptor,VDR,"['MESH:D002762', 'UniProt:P11473', 'GO:0033280', 'GO:0070509', 'MESH:D006996']",5,4,1,['Drug - Protein - BiologicalProcess - Disease'],['Drug - increases activity of - Protein - positively regulates - BiologicalProcess - negatively correlated with - Disease'],What gene is most mechanistically related to the indication of Drug Colecalciferol to Disease Hypocalcemia?
1516,DB00770_MESH_D018633_1,DB:DB00770,MESH:D000527,MESH:D018633,UniProt:P43116,Alprostadil,Congenital atresia of the pulmonary valve,Prostaglandin E2 receptor EP2 subtype,PTGER2,"['MESH:D000527', 'UniProt:P43116', 'GO:0007189', 'GO:0044557', 'GO:0042311', 'GO:0008015', 'MESH:D018633']",7,6,1,['Drug - Protein - BiologicalProcess - Disease'],['Drug - increases activity of - Protein - positively regulates - BiologicalProcess - negatively correlated with - Disease'],What gene is most mechanistically related to the indication of Drug Alprostadil to Disease Congenital atresia of the pulmonary valve?
1517,DB00770_MESH_D000071079_1,DB:DB00770,MESH:D000527,MESH:D000071079,UniProt:P43116,Alprostadil,Pulmonary artery stenosis,Prostaglandin E2 receptor EP2 subtype,PTGER2,"['MESH:D000527', 'UniProt:P43116', 'GO:0007189', 'GO:0044557', 'GO:0042311', 'GO:0008015', 'MESH:D000071079']",7,6,1,['Drug - Protein - BiologicalProcess - Disease'],['Drug - increases activity of - Protein - positively regulates - BiologicalProcess - negatively correlated with - Disease'],What gene is most mechanistically related to the indication of Drug Alprostadil to Disease Pulmonary artery stenosis?
1518,DB00770_MESH_D018785_1,DB:DB00770,MESH:D000527,MESH:D018785,UniProt:P43116,Alprostadil,Congenital atresia of tricuspid valve,Prostaglandin E2 receptor EP2 subtype,PTGER2,"['MESH:D000527', 'UniProt:P43116', 'GO:0007189', 'GO:0044557', 'HP:0001643', 'MESH:D018785']",6,5,1,['Drug - Protein - BiologicalProcess - PhenotypicFeature - Disease'],['Drug - increases activity of - Protein - positively regulates - BiologicalProcess - positively correlated with - PhenotypicFeature - negatively correlated with - Disease'],What gene is most mechanistically related to the indication of Drug Alprostadil to Disease Congenital atresia of tricuspid valve?
1519,DB00770_MESH_D001017_1,DB:DB00770,MESH:D000527,MESH:D001017,UniProt:P43116,Alprostadil,Coarctation of aorta,Prostaglandin E2 receptor EP2 subtype,PTGER2,"['MESH:D000527', 'UniProt:P43116', 'GO:0007189', 'GO:0044557', 'GO:0042311', 'GO:0008015', 'MESH:D001017']",7,6,1,['Drug - Protein - BiologicalProcess - Disease'],['Drug - increases activity of - Protein - positively regulates - BiologicalProcess - negatively correlated with - Disease'],What gene is most mechanistically related to the indication of Drug Alprostadil to Disease Coarctation of aorta?
1520,DB00770_MESH_D007172_1,DB:DB00770,MESH:D000527,MESH:D007172,UniProt:P43116,Alprostadil,Impotence,Prostaglandin E2 receptor EP2 subtype,PTGER2,"['MESH:D000527', 'UniProt:P43116', 'GO:0007189', 'GO:0044557', 'GO:0042311', 'GO:0008015', 'MESH:D007172']",7,6,1,['Drug - Protein - BiologicalProcess - Disease'],['Drug - increases activity of - Protein - positively regulates - BiologicalProcess - negatively correlated with - Disease'],What gene is most mechanistically related to the indication of Drug Alprostadil to Disease Impotence?
1521,DB00770_MESH_D013771_1,DB:DB00770,MESH:D000527,MESH:D013771,UniProt:P43116,Alprostadil,Tetralogy of Fallot,Prostaglandin E2 receptor EP2 subtype,PTGER2,"['MESH:D000527', 'UniProt:P43116', 'GO:0007189', 'GO:0044557', 'GO:0042311', 'GO:0008015', 'HP:0012418', 'MESH:D013771']",8,7,1,['Drug - Protein - BiologicalProcess - PhenotypicFeature - Disease'],['Drug - increases activity of - Protein - positively regulates - BiologicalProcess - negatively correlated with - PhenotypicFeature - occurs in - Disease'],What gene is most mechanistically related to the indication of Drug Alprostadil to Disease Tetralogy of Fallot?
1523,DB00875_MESH_D012559_1,DB:DB00875,MESH:D005475,MESH:D012559,UniProt:P14416,Flupentixol,Schizophrenia,D(2) dopamine receptor,DRD2,"['MESH:D005475', 'UniProt:P14416', 'reactome:R-HSA-390651', 'MESH:D012559']",4,3,1,['Drug - Protein - Pathway - Disease'],['Drug - decreases activity of - Protein - positively correlated with - Pathway - correlated with - Disease'],What gene is most mechanistically related to the indication of Drug Flupentixol to Disease Schizophrenia?
1524,DB01018_MESH_D001289_1,DB:DB01018,MESH:D016316,MESH:D001289,UniProt:P08913,Guanfacine,Attention deficit hyperactivity disorder,Alpha-2A adrenergic receptor,ADRA2A,"['MESH:D016316', 'UniProt:P08913', 'MESH:D001289']",3,2,1,['Drug - Protein - Disease'],['Drug - increases activity of - Protein - treats - Disease'],What gene is most mechanistically related to the indication of Drug Guanfacine to Disease Attention deficit hyperactivity disorder?
1525,DB01018_MESH_D006973_1,DB:DB01018,MESH:D016316,MESH:D006973,UniProt:P08913,Guanfacine,Hypertension,Alpha-2A adrenergic receptor,ADRA2A,"['MESH:D016316', 'UniProt:P08913', 'GO:0004938', 'GO:0061533', 'HP:0032263', 'MESH:D006973']",6,5,1,['Drug - Protein - BiologicalProcess - PhenotypicFeature - Disease'],['Drug - increases activity of - Protein - positively correlated with - BiologicalProcess - positively correlated with - PhenotypicFeature - positively correlated with - Disease'],What gene is most mechanistically related to the indication of Drug Guanfacine to Disease Hypertension?
1529,DB06282_MESH_D006255_1,DB:DB06282,MESH:C472067,MESH:D006255,UniProt:P35367,Levocetirizine,"Rhinitis, Allergic, Seasonal",Histamine H1 receptor,HRH1,"['MESH:C472067', 'UniProt:P35367', 'GO:0004969', 'GO:0071420', 'GO:0006954', 'HP:0031417', 'MESH:D006255']",7,6,1,['Drug - Protein - MolecularActivity - BiologicalProcess - PhenotypicFeature - Disease'],['Drug - decreases activity of - Protein - positively regulates - MolecularActivity - participates in - BiologicalProcess - has phenotype - PhenotypicFeature - manifestation of - Disease'],"What gene is most mechanistically related to the indication of Drug Levocetirizine to Disease Rhinitis, Allergic, Seasonal?"
1530,DB06282_MESH_D065631_1,DB:DB06282,MESH:C472067,MESH:D065631,UniProt:P35367,Levocetirizine,Allergic rhinitis,Histamine H1 receptor,HRH1,"['MESH:C472067', 'UniProt:P35367', 'GO:0004969', 'GO:0071420', 'GO:0006954', 'HP:0031417', 'MESH:D065631']",7,6,1,['Drug - Protein - MolecularActivity - BiologicalProcess - PhenotypicFeature - Disease'],['Drug - decreases activity of - Protein - positively regulates - MolecularActivity - participates in - BiologicalProcess - has phenotype - PhenotypicFeature - manifestation of - Disease'],What gene is most mechanistically related to the indication of Drug Levocetirizine to Disease Allergic rhinitis?
1532,DB08820_MESH_D003550_1,DB:DB08820,MESH:C545203,MESH:D003550,UniProt:P13569,Ivacaftor,Cystic fibrosis of the lung,Cystic fibrosis transmembrane conductance regulator,CFTR,"['MESH:C545203', 'UniProt:P13569', 'MESH:D003550']",3,2,1,['Drug - Protein - Disease'],['Drug - increases activity of - Protein - disrupted by - Disease'],What gene is most mechanistically related to the indication of Drug Ivacaftor to Disease Cystic fibrosis of the lung?
1535,DB12017_MESH_D020301_1,DB:DB12017,MESH:C034364,MESH:D020301,UniProt:P24557,ozagrel,Spasm of cerebral arteries,Thromboxane-A synthase,TBXAS1,"['MESH:C034364', 'UniProt:P24557', 'MESH:D013928', 'GO:0042310', 'MESH:D020301']",5,4,1,['Drug - Protein - ChemicalSubstance - BiologicalProcess - Disease'],['Drug - decreases activity of - Protein - increases abundance of - ChemicalSubstance - positively regulates - BiologicalProcess - positively correlated with - Disease'],What gene is most mechanistically related to the indication of Drug ozagrel to Disease Spasm of cerebral arteries?
1536,DB12017_MESH_D001249_1,DB:DB12017,MESH:C034364,MESH:D001249,UniProt:P24557,ozagrel,Asthma,Thromboxane-A synthase,TBXAS1,"['MESH:C034364', 'UniProt:P24557', 'MESH:D013928', 'GO:0042310', 'HP:0025428', 'MESH:D001249']",6,5,1,['Drug - Protein - ChemicalSubstance - BiologicalProcess - PhenotypicFeature - Disease'],['Drug - decreases activity of - Protein - increases abundance of - ChemicalSubstance - positively regulates - BiologicalProcess - contributes to - PhenotypicFeature - occurs in - Disease'],What gene is most mechanistically related to the indication of Drug ozagrel to Disease Asthma?
1551,DB01146_MESH_D012912_1,DB:DB01146,MESH:C009871,MESH:D012912,UniProt:P35367,diphenylpyraline,Sneezing,Histamine H1 receptor,HRH1,"['MESH:C009871', 'UniProt:P35367', 'MESH:D006632', 'MESH:D012912']",4,3,1,['Drug - Protein - ChemicalSubstance - Disease'],['Drug - decreases activity of - Protein - positively correlated with - ChemicalSubstance - positively correlated with - Disease'],What gene is most mechanistically related to the indication of Drug diphenylpyraline to Disease Sneezing?
1552,DB01146_MESH_D011537_1,DB:DB01146,MESH:C009871,MESH:D011537,UniProt:P35367,diphenylpyraline,Pruritus,Histamine H1 receptor,HRH1,"['MESH:C009871', 'UniProt:P35367', 'MESH:D006632', 'MESH:D011537']",4,3,1,['Drug - Protein - ChemicalSubstance - Disease'],['Drug - decreases activity of - Protein - positively correlated with - ChemicalSubstance - positively correlated with - Disease'],What gene is most mechanistically related to the indication of Drug diphenylpyraline to Disease Pruritus?
1553,DB01146_MESH_D065631_1,DB:DB01146,MESH:C009871,MESH:D065631,UniProt:P35367,diphenylpyraline,Allergic rhinitis,Histamine H1 receptor,HRH1,"['MESH:C009871', 'UniProt:P35367', 'MESH:D006632', 'GO:0006954', 'MESH:D065631']",5,4,1,['Drug - Protein - ChemicalSubstance - BiologicalProcess - Disease'],['Drug - decreases activity of - Protein - positively correlated with - ChemicalSubstance - positively regulates - BiologicalProcess - contributes to - Disease'],What gene is most mechanistically related to the indication of Drug diphenylpyraline to Disease Allergic rhinitis?
1554,DB01146_MESH_D003233_1,DB:DB01146,MESH:C009871,MESH:D003233,UniProt:P35367,diphenylpyraline,Allergic conjunctivitis,Histamine H1 receptor,HRH1,"['MESH:C009871', 'UniProt:P35367', 'MESH:D006632', 'GO:0006954', 'MESH:D003233']",5,4,1,['Drug - Protein - ChemicalSubstance - BiologicalProcess - Disease'],['Drug - decreases activity of - Protein - positively correlated with - ChemicalSubstance - positively regulates - BiologicalProcess - contributes to - Disease'],What gene is most mechanistically related to the indication of Drug diphenylpyraline to Disease Allergic conjunctivitis?
1555,DB01146_MESH_D012223_1,DB:DB01146,MESH:C009871,MESH:D012223,UniProt:P35367,diphenylpyraline,"Rhinitis, Vasomotor",Histamine H1 receptor,HRH1,"['MESH:C009871', 'UniProt:P35367', 'MESH:D006632', 'GO:0006954', 'MESH:D012223']",5,4,1,['Drug - Protein - ChemicalSubstance - BiologicalProcess - Disease'],['Drug - decreases activity of - Protein - positively correlated with - ChemicalSubstance - positively regulates - BiologicalProcess - contributes to - Disease'],"What gene is most mechanistically related to the indication of Drug diphenylpyraline to Disease Rhinitis, Vasomotor?"
1556,DB01146_MESH_D014581_1,DB:DB01146,MESH:C009871,MESH:D014581,UniProt:P35367,diphenylpyraline,Urticaria,Histamine H1 receptor,HRH1,"['MESH:C009871', 'UniProt:P35367', 'MESH:D006632', 'MESH:D014581']",4,3,1,['Drug - Protein - ChemicalSubstance - Disease'],['Drug - decreases activity of - Protein - positively correlated with - ChemicalSubstance - positively correlated with - Disease'],What gene is most mechanistically related to the indication of Drug diphenylpyraline to Disease Urticaria?
1557,DB06766_MESH_D003233_1,DB:DB06766,MESH:C557708,MESH:D003233,UniProt:P35367,alcaftadine,Allergic conjunctivitis,Histamine H1 receptor,HRH1,"['MESH:C557708', 'UniProt:P35367', 'MESH:D006632', 'GO:0006954', 'MESH:D003233']",5,4,1,['Drug - Protein - ChemicalSubstance - BiologicalProcess - Disease'],['Drug - decreases activity of - Protein - positively correlated with - ChemicalSubstance - positively regulates - BiologicalProcess - contributes to - Disease'],What gene is most mechanistically related to the indication of Drug alcaftadine to Disease Allergic conjunctivitis?
1559,DB11992_MESH_D003924_1,DB:DB11992,DB:DB11992,MESH:D003924,UniProt:P27487,Omarigliptin,"Diabetes Mellitus, Type 2",Dipeptidyl peptidase 4,DPP4,"['DB:DB11992', 'UniProt:P27487', 'MESH:D054795', 'GO:0070091', 'GO:0030073', 'MESH:D001786', 'MESH:D003924']",7,7,1,['Drug - Protein - ChemicalSubstance - Disease'],['Drug - decreases activity of - Protein - decreases activity of - ChemicalSubstance - positively correlated with - Disease'],"What gene is most mechanistically related to the indication of Drug Omarigliptin to Disease Diabetes Mellitus, Type 2?"
1560,DB11783_MESH_D006973_1,DB:DB11783,MESH:C065166,MESH:D006973,UniProt:P12821,imidapril,Hypertension,Angiotensin-converting enzyme,ACE,"['MESH:C065166', 'MESH:C078006', 'UniProt:P12821', 'GO:0002003', 'GO:0042310', 'HP:0032263', 'MESH:D006973']",7,6,1,['Drug - Protein - BiologicalProcess - PhenotypicFeature - Disease'],['Drug - decreases activity of - Protein - positively regulates - BiologicalProcess - positively correlated with - PhenotypicFeature - manifestation of - Disease'],What gene is most mechanistically related to the indication of Drug imidapril to Disease Hypertension?
1561,DB09230_MESH_D006973_1,DB:DB09230,MESH:C061679,MESH:D006973,UniProt:Q02641,azelnidipine,Hypertension,Voltage-dependent L-type calcium channel subunit beta-1,CACNB1,"['MESH:C061679', 'UniProt:Q02641', 'GO:0061577', 'GO:0042310', 'HP:0032263', 'MESH:D006973']",6,5,1,['Drug - Protein - BiologicalProcess - PhenotypicFeature - Disease'],['Drug - decreases activity of - Protein - positively regulates - BiologicalProcess - positively correlated with - PhenotypicFeature - manifestation of - Disease'],What gene is most mechanistically related to the indication of Drug azelnidipine to Disease Hypertension?
1571,DB00195_MESH_D009798_1,DB:DB00195,MESH:D015784,MESH:D009798,UniProt:P08588,betaxolol,Ocular hypertension,Beta-1 adrenergic receptor,ADRB1,"['MESH:D015784', 'UniProt:P08588', 'reactome:R-HSA-418555', 'CHEBI:17489', 'UBERON:0001796', 'MESH:D009798']",6,5,1,['Drug - Protein - Pathway - ChemicalSubstance - GrossAnatomicalStructure - Disease'],['Drug - decreases activity of - Protein - participates in - Pathway - increases abundance of - ChemicalSubstance - positively correlated with - GrossAnatomicalStructure - positively correlated with - Disease'],What gene is most mechanistically related to the indication of Drug betaxolol to Disease Ocular hypertension?
1572,DB00195_MESH_D005902_1,DB:DB00195,MESH:D015784,MESH:D005902,UniProt:P08588,betaxolol,Open-angle glaucoma,Beta-1 adrenergic receptor,ADRB1,"['MESH:D015784', 'UniProt:P08588', 'reactome:R-HSA-418555', 'CHEBI:17489', 'UBERON:0001796', 'HP:0007906', 'MESH:D005902']",7,6,1,['Drug - Protein - Pathway - ChemicalSubstance - GrossAnatomicalStructure - PhenotypicFeature - Disease'],['Drug - decreases activity of - Protein - participates in - Pathway - increases abundance of - ChemicalSubstance - positively correlated with - GrossAnatomicalStructure - positively correlated with - PhenotypicFeature - positively correlated with - Disease'],What gene is most mechanistically related to the indication of Drug betaxolol to Disease Open-angle glaucoma?
1578,DB00194_MESH_D016849_1,DB:DB00194,MESH:D014740,MESH:D016849,UniProt:P04293,vidarabine,Herpes simplex keratitis,DNA polymerase catalytic subunit,N/A,"['MESH:D014740', 'MESH:D001084', 'UniProt:P04293', 'GO:0039686', 'GO:0090503', 'GO:0043631', 'taxonomy:10299', 'MESH:D016849']",8,9,1,['Drug - ChemicalSubstance - Protein - BiologicalProcess - OrganismTaxon - Disease'],['Drug - has metabolite - ChemicalSubstance - decreases activity of - Protein - positively regulates - BiologicalProcess - in taxon - OrganismTaxon - causes - Disease'],What gene is most mechanistically related to the indication of Drug vidarabine to Disease Herpes simplex keratitis?
1579,DB00194_MESH_D007635_1,DB:DB00194,MESH:D014740,MESH:D007635,UniProt:P04293,vidarabine,"Keratitis, Dendritic",DNA polymerase catalytic subunit,N/A,"['MESH:D014740', 'MESH:D001084', 'UniProt:P04293', 'GO:0039686', 'GO:0090503', 'GO:0043631', 'taxonomy:10299', 'MESH:D007635']",8,9,1,['Drug - ChemicalSubstance - Protein - BiologicalProcess - OrganismTaxon - Disease'],['Drug - has metabolite - ChemicalSubstance - decreases activity of - Protein - positively regulates - BiologicalProcess - in taxon - OrganismTaxon - causes - Disease'],"What gene is most mechanistically related to the indication of Drug vidarabine to Disease Keratitis, Dendritic?"
1580,DB00322_MESH_D008113_1,DB:DB00322,MESH:D005467,MESH:D008113,UniProt:P04818,floxuridine,Liver Neoplasms,Thymidylate synthase,TYMS,"['MESH:D005467', 'CHEBI:46345', 'UniProt:P04818', 'GO:0006235', 'GO:0006231', 'GO:0006260', 'HP:0031377', 'MESH:D008113']",8,8,1,['Drug - ChemicalSubstance - Protein - BiologicalProcess - PhenotypicFeature - Disease'],['Drug - has metabolite - ChemicalSubstance - decreases activity of - Protein - positively regulates - BiologicalProcess - precedes - PhenotypicFeature - positively correlated with - Disease'],What gene is most mechanistically related to the indication of Drug floxuridine to Disease Liver Neoplasms?
1583,DB00112_MESH_D005909_1,DB:DB00112,MESH:D000068258,MESH:D005909,UniProt:P15692,Bevacizumab,Glioblastoma multiforme,Vascular endothelial growth factor A,VEGFA,"['MESH:D000068258', 'UniProt:P15692', 'reactome:R-HSA-194138', 'MESH:D005909']",4,3,1,['Drug - Protein - Pathway - Disease'],['Drug - decreases activity of - Protein - participates in - Pathway - positively correlated with - Disease'],What gene is most mechanistically related to the indication of Drug Bevacizumab to Disease Glioblastoma multiforme?
1585,DB00424_MESH_D053159_1,DB:DB00424,MESH:D064692,MESH:D053159,UniProt:P20309,Hyoscyamine,Dysuria,Muscarinic acetylcholine receptor M3,CHRM3,"['MESH:D064692', 'UniProt:P20309', 'CHEBI:15355', 'UBERON:0000381', 'GO:0060073', 'MESH:D053159']",6,5,1,['Drug - Protein - ChemicalSubstance - GrossAnatomicalStructure - BiologicalProcess - Disease'],['Drug - decreases activity of - Protein - positively correlated with - ChemicalSubstance - positively regulates - GrossAnatomicalStructure - positively regulates - BiologicalProcess - manifestation of - Disease'],What gene is most mechanistically related to the indication of Drug Hyoscyamine to Disease Dysuria?
1589,DB00609_MESH_D014397_1,DB:DB00609,MESH:D005000,MESH:D014397,UniProt:P9WGR1,Ethionamide,Pulmonary tuberculosis,Enoyl-[acyl-carrier-protein] reductase [NADH] (Mycobacterium tuberculosis),N/A,"['MESH:D005000', 'UniProt:P9WGR1', 'GO:0071768', 'GO:0042546', 'GO:0005618', 'taxonomy:1773', 'MESH:D014397']",7,6,1,['Drug - Protein - BiologicalProcess - CellularComponent - OrganismTaxon - Disease'],['Drug - decreases activity of - Protein - positively regulates - BiologicalProcess - has output - CellularComponent - in taxon - OrganismTaxon - causes - Disease'],What gene is most mechanistically related to the indication of Drug Ethionamide to Disease Pulmonary tuberculosis?
1592,DB01364_MESH_D012223_1,DB:DB01364,MESH:D004809,MESH:D012223,UniProt:P35348,Ephedrine,"Rhinitis, Vasomotor",Alpha-1A adrenergic receptor,ADRA1A,"['MESH:D004809', 'UniProt:P35348', 'GO:0042310', 'HP:0001742', 'MESH:D012223']",5,4,1,['Drug - Protein - BiologicalProcess - PhenotypicFeature - Disease'],['Drug - increases activity of - Protein - positively regulates - BiologicalProcess - negatively correlated with - PhenotypicFeature - positively correlated with - Disease'],"What gene is most mechanistically related to the indication of Drug Ephedrine to Disease Rhinitis, Vasomotor?"
1593,DB01364_MESH_D006255_1,DB:DB01364,MESH:D004809,MESH:D006255,UniProt:P35348,Ephedrine,"Rhinitis, Allergic, Seasonal",Alpha-1A adrenergic receptor,ADRA1A,"['MESH:D004809', 'UniProt:P35348', 'GO:0042310', 'HP:0001742', 'MESH:D006255']",5,4,1,['Drug - Protein - BiologicalProcess - PhenotypicFeature - Disease'],['Drug - increases activity of - Protein - positively regulates - BiologicalProcess - negatively correlated with - PhenotypicFeature - positively correlated with - Disease'],"What gene is most mechanistically related to the indication of Drug Ephedrine to Disease Rhinitis, Allergic, Seasonal?"
1594,DB01364_MESH_D065631_1,DB:DB01364,MESH:D004809,MESH:D065631,UniProt:P35348,Ephedrine,Allergic rhinitis,Alpha-1A adrenergic receptor,ADRA1A,"['MESH:D004809', 'UniProt:P35348', 'GO:0042310', 'HP:0001742', 'MESH:D065631']",5,4,1,['Drug - Protein - BiologicalProcess - PhenotypicFeature - Disease'],['Drug - increases activity of - Protein - positively regulates - BiologicalProcess - negatively correlated with - PhenotypicFeature - positively correlated with - Disease'],What gene is most mechanistically related to the indication of Drug Ephedrine to Disease Allergic rhinitis?
1595,DB01364_MESH_D003233_1,DB:DB01364,MESH:D004809,MESH:D003233,UniProt:P35348,Ephedrine,Allergic conjunctivitis,Alpha-1A adrenergic receptor,ADRA1A,"['MESH:D004809', 'UniProt:P35348', 'GO:0042310', 'HP:0010783', 'MESH:D003233']",5,4,1,['Drug - Protein - BiologicalProcess - PhenotypicFeature - Disease'],['Drug - increases activity of - Protein - positively regulates - BiologicalProcess - negatively correlated with - PhenotypicFeature - positively correlated with - Disease'],What gene is most mechanistically related to the indication of Drug Ephedrine to Disease Allergic conjunctivitis?
1596,DB01364_MESH_D012912_1,DB:DB01364,MESH:D004809,MESH:D012912,UniProt:P35348,Ephedrine,Sneezing,Alpha-1A adrenergic receptor,ADRA1A,"['MESH:D004809', 'UniProt:P35348', 'GO:0042310', 'HP:0001742', 'MESH:D012220', 'MESH:D012912']",6,5,1,['Drug - Protein - BiologicalProcess - PhenotypicFeature - Disease'],['Drug - increases activity of - Protein - positively regulates - BiologicalProcess - negatively correlated with - PhenotypicFeature - positively correlated with - Disease'],What gene is most mechanistically related to the indication of Drug Ephedrine to Disease Sneezing?
1597,DB01364_MESH_D020773_1,DB:DB01364,MESH:D004809,MESH:D020773,UniProt:P35348,Ephedrine,Headache Disorders,Alpha-1A adrenergic receptor,ADRA1A,"['MESH:D004809', 'UniProt:P35348', 'GO:0042310', 'HP:0001742', 'MESH:D020773']",5,4,1,['Drug - Protein - BiologicalProcess - PhenotypicFeature - Disease'],['Drug - increases activity of - Protein - positively regulates - BiologicalProcess - negatively correlated with - PhenotypicFeature - positively correlated with - Disease'],What gene is most mechanistically related to the indication of Drug Ephedrine to Disease Headache Disorders?
1598,DB01364_MESH_D001991_1,DB:DB01364,MESH:D004809,MESH:D001991,UniProt:P07550,Ephedrine,Bronchitis,Beta-2 adrenergic receptor,ADRB2,"['MESH:D004809', 'UniProt:P07550', 'GO:0097366', 'MESH:D001991']",4,3,1,['Drug - Protein - BiologicalProcess - Disease'],['Drug - increases activity of - Protein - causes - BiologicalProcess - negatively correlated with - Disease'],What gene is most mechanistically related to the indication of Drug Ephedrine to Disease Bronchitis?
1599,DB01364_MESH_D003139_1,DB:DB01364,MESH:D004809,MESH:D003139,UniProt:P35348,Ephedrine,Common Cold,Alpha-1A adrenergic receptor,ADRA1A,"['MESH:D004809', 'UniProt:P35348', 'GO:0042310', 'HP:0001742', 'MESH:D003139']",5,4,1,['Drug - Protein - BiologicalProcess - PhenotypicFeature - Disease'],['Drug - increases activity of - Protein - positively regulates - BiologicalProcess - negatively correlated with - PhenotypicFeature - positively correlated with - Disease'],What gene is most mechanistically related to the indication of Drug Ephedrine to Disease Common Cold?
1600,DB01364_MESH_D001986_1,DB:DB01364,MESH:D004809,MESH:D001986,UniProt:P07550,Ephedrine,Bronchospasm,Beta-2 adrenergic receptor,ADRB2,"['MESH:D004809', 'UniProt:P07550', 'HP:4000007', 'MESH:D001986']",4,3,1,['Drug - Protein - PhenotypicFeature - Disease'],['Drug - increases activity of - Protein - negatively regulates - PhenotypicFeature - positively correlated with - Disease'],What gene is most mechanistically related to the indication of Drug Ephedrine to Disease Bronchospasm?
1605,DB00557_MESH_D003233_1,DB:DB00557,MESH:D006919,MESH:D003233,UniProt:P35367,Hydroxyzine,Allergic conjunctivitis,Histamine H1 receptor,HRH1,"['MESH:D006919', 'UniProt:P35367', 'GO:0004969', 'GO:0071420', 'GO:0006954', 'MESH:D003233']",6,5,1,['Drug - Protein - MolecularActivity - BiologicalProcess - Disease'],['Drug - decreases activity of - Protein - positively regulates - MolecularActivity - participates in - BiologicalProcess - causes - Disease'],What gene is most mechanistically related to the indication of Drug Hydroxyzine to Disease Allergic conjunctivitis?
1606,DB00557_MESH_D065631_1,DB:DB00557,MESH:D006919,MESH:D065631,UniProt:P35367,Hydroxyzine,Allergic rhinitis,Histamine H1 receptor,HRH1,"['MESH:D006919', 'UniProt:P35367', 'GO:0004969', 'GO:0071420', 'GO:0006954', 'HP:0031417', 'MESH:D065631']",7,6,1,['Drug - Protein - MolecularActivity - BiologicalProcess - PhenotypicFeature - Disease'],['Drug - decreases activity of - Protein - positively regulates - MolecularActivity - participates in - BiologicalProcess - has phenotype - PhenotypicFeature - manifestation of - Disease'],What gene is most mechanistically related to the indication of Drug Hydroxyzine to Disease Allergic rhinitis?
1621,DB08860_MESH_D006937_1,DB:DB08860,MESH:C108475,MESH:D006937,UniProt:P04035,Pitavastatin,Hypercholesterolemia,3-hydroxy-3-methylglutaryl-coenzyme A reductase,HMGCR,"['MESH:C108475', 'UniProt:P04035', 'GO:0006695', 'MESH:D002784', 'MESH:D006937']",5,4,1,['Drug - Protein - BiologicalProcess - ChemicalSubstance - Disease'],['Drug - decreases activity of - Protein - positively regulates - BiologicalProcess - increases abundance of - ChemicalSubstance - positively correlated with - Disease'],What gene is most mechanistically related to the indication of Drug Pitavastatin to Disease Hypercholesterolemia?
1622,DB08860_MESH_D006950_1,DB:DB08860,MESH:C108475,MESH:D006950,UniProt:P04035,Pitavastatin,"Hyperlipidemia, Familial Combined",3-hydroxy-3-methylglutaryl-coenzyme A reductase,HMGCR,"['MESH:C108475', 'UniProt:P04035', 'GO:0006695', 'MESH:D002784', 'MESH:D006950']",5,4,1,['Drug - Protein - BiologicalProcess - ChemicalSubstance - Disease'],['Drug - decreases activity of - Protein - positively regulates - BiologicalProcess - increases abundance of - ChemicalSubstance - positively correlated with - Disease'],"What gene is most mechanistically related to the indication of Drug Pitavastatin to Disease Hyperlipidemia, Familial Combined?"
1623,DB00718_MESH_D019694_1,DB:DB00718,MESH:C106812,MESH:D019694,UniProt:P24024,adefovir dipivoxil,Chronic type B viral hepatitis,Protein P,N/A,"['MESH:C106812', 'MESH:C053001', 'UniProt:P24024', 'GO:0006260', 'taxonomy:10407', 'MESH:D019694']",6,5,1,['Drug - ChemicalSubstance - Protein - BiologicalProcess - OrganismTaxon - Disease'],['Drug - has metabolite - ChemicalSubstance - decreases activity of - Protein - positively regulates - BiologicalProcess - occurs in - OrganismTaxon - causes - Disease'],What gene is most mechanistically related to the indication of Drug adefovir dipivoxil to Disease Chronic type B viral hepatitis?
1630,DB00979_MESH_D015878_1,DB:DB00979,MESH:D003519,MESH:D015878,UniProt:P11229,Cyclopentolate,Mydriasis,Muscarinic acetylcholine receptor M1,CHRM1,"['MESH:D003519', 'UniProt:P11229', 'GO:0090075', 'UBERON:0001605', 'UBERON:0001607', 'MESH:D015878']",6,6,1,['Drug - Protein - BiologicalProcess - GrossAnatomicalStructure - Disease'],['Drug - decreases activity of - Protein - positively regulates - BiologicalProcess - occurs in - GrossAnatomicalStructure - location of - Disease'],What gene is most mechanistically related to the indication of Drug Cyclopentolate to Disease Mydriasis?
1634,DB00334_MESH_D012559_1,DB:DB00334,MESH:D000077152,MESH:D012559,UniProt:P14416,Olanzapine,Schizophrenia,D(2) dopamine receptor,DRD2,"['MESH:D000077152', 'UniProt:P14416', 'MESH:D004298', 'HP:0000738', 'MESH:D012559']",5,4,1,['Drug - Protein - ChemicalSubstance - PhenotypicFeature - Disease'],['Drug - decreases activity of - Protein - positively correlated with - ChemicalSubstance - positively correlated with - PhenotypicFeature - manifestation of - Disease'],What gene is most mechanistically related to the indication of Drug Olanzapine to Disease Schizophrenia?
1640,DB00571_MESH_D006391_1,DB:DB00571,MESH:D011433,MESH:D006391,UniProt:P15692,Propranolol,Hemangioma,Vascular endothelial growth factor A,VEGFA,"['MESH:D011433', 'UniProt:P15692', 'GO:0001570', 'GO:0001525', 'HP:0100742', 'MESH:D006391']",6,6,1,['Drug - Protein - BiologicalProcess - PhenotypicFeature - Disease'],['Drug - decreases activity of - Protein - positively regulates - BiologicalProcess - positively correlated with - PhenotypicFeature - manifestation of - Disease'],What gene is most mechanistically related to the indication of Drug Propranolol to Disease Hemangioma?
1648,DB00624_MESH_D011628_2,DB:DB00624,MESH:D013739,MESH:D011628,UniProt:P10275,Testosterone,Delayed puberty,Androgen receptor,AR,"['MESH:D013739', 'GO:0045136', 'UniProt:P10275', 'MESH:D011628']",4,3,1,['Drug - Protein - BiologicalProcess - Disease'],['Drug - increases activity of - Protein - positively regulates - BiologicalProcess - negatively correlated with - Disease'],What gene is most mechanistically related to the indication of Drug Testosterone to Disease Delayed puberty?
1650,DB13944_MESH_D005058_1,DB:DB13944,MESH:C004648,MESH:D005058,UniProt:P10275,Testosterone enantate,Eunuchism,Androgen receptor,AR,"['MESH:C004648', 'UniProt:P10275', 'GO:0060742', 'GO:0048808', 'GO:0008584', 'GO:0019102', 'GO:0007283', 'MESH:D005058']",8,11,1,['Drug - Protein - BiologicalProcess - Disease'],['Drug - increases activity of - Protein - positively regulates - BiologicalProcess - negatively correlated with - Disease'],What gene is most mechanistically related to the indication of Drug Testosterone enantate to Disease Eunuchism?
1652,DB00624_MESH_D003456_2,DB:DB00624,MESH:D013739,MESH:D003456,UniProt:P10275,Testosterone,Cryptorchidism,Androgen receptor,AR,"['MESH:D013739', 'UniProt:P10275', 'GO:0048808', 'GO:0008584', 'GO:0019102', 'MESH:D003456']",6,7,1,['Drug - Protein - BiologicalProcess - Disease'],['Drug - increases activity of - Protein - positively regulates - BiologicalProcess - negatively correlated with - Disease'],What gene is most mechanistically related to the indication of Drug Testosterone to Disease Cryptorchidism?
1653,DB00624_MESH_D019584_1,DB:DB00624,DB:DB00624,MESH:D019584,UniProt:P10275,Testosterone cypionate,Menopausal flushing,Androgen receptor,AR,"['DB:DB00624', 'UniProt:P10275', 'GO:0030521', 'MESH:D019584']",4,3,1,['Drug - Protein - BiologicalProcess - Disease'],['Drug - increases activity of - Protein - positively regulates - BiologicalProcess - treats - Disease'],What gene is most mechanistically related to the indication of Drug Testosterone cypionate to Disease Menopausal flushing?
1654,DB00639_MESH_D002181_1,DB:DB00639,MESH:C017125,MESH:D002181,UniProt:P10613,Butoconazole,"Candidiasis, Vulvovaginal",Lanosterol 14-alpha-demethylase,N/A,"['MESH:C017125', 'UniProt:P10613', 'GO:0006696', 'GO:0042546', 'taxonomy:5476', 'MESH:D002181']",6,5,1,['Drug - Protein - BiologicalProcess - OrganismTaxon - Disease'],['Drug - decreases activity of - Protein - positively regulates - BiologicalProcess - occurs in - OrganismTaxon - causes - Disease'],"What gene is most mechanistically related to the indication of Drug Butoconazole to Disease Candidiasis, Vulvovaginal?"
1659,DB00943_MESH_D015658_1,DB:DB00943,MESH:D016047,MESH:D015658,UniProt:Q72547,Zalcitabine,Human immunodeficiency virus infection,Reverse transcriptase/RNaseH,N/A,"['MESH:D016047', 'UniProt:Q72547', 'GO:0003964', 'GO:0019079', 'taxonomy:11676', 'MESH:D015658']",6,5,1,['Drug - Protein - MolecularActivity - BiologicalProcess - OrganismTaxon - Disease'],['Drug - decreases activity of - Protein - positively regulates - MolecularActivity - positively correlated with - BiologicalProcess - in taxon - OrganismTaxon - causes - Disease'],What gene is most mechanistically related to the indication of Drug Zalcitabine to Disease Human immunodeficiency virus infection?
1663,DB08962_MESH_D003924_1,DB:DB08962,MESH:C073323,MESH:D003924,UniProt:Q14654,Glibornuride,"Diabetes Mellitus, Type 2",ATP-sensitive inward rectifier potassium channel 11,KCNJ11,"['MESH:C073323', 'UniProt:Q14654', 'GO:0060081', 'GO:0070509', 'GO:0030073', 'HP:0003074', 'MESH:D003924']",7,6,1,['Drug - Protein - BiologicalProcess - PhenotypicFeature - Disease'],['Drug - decreases activity of - Protein - participates in - BiologicalProcess - negatively correlated with - PhenotypicFeature - manifestation of - Disease'],"What gene is most mechanistically related to the indication of Drug Glibornuride to Disease Diabetes Mellitus, Type 2?"
1667,DB01395_MESH_D059268_1,DB:DB01395,MESH:C035144,MESH:D059268,UniProt:P06401,drospirenone,Atrophic Vaginitis,Progesterone receptor,PGR,"['MESH:C035144', 'UniProt:P06401', 'reactome:R-HSA-9018519', 'HP:0030683', 'HP:0031088', 'MESH:D059268']",6,6,1,['Drug - Protein - Pathway - PhenotypicFeature - Disease'],['Drug - positively regulates - Protein - participates in - Pathway - negatively correlated with - PhenotypicFeature - manifestation of - Disease'],What gene is most mechanistically related to the indication of Drug drospirenone to Disease Atrophic Vaginitis?
1677,DB00822_MESH_D000437_1,DB:DB00822,MESH:D004221,MESH:D000437,UniProt:P05091,disulfiram,Alcoholism,"Aldehyde dehydrogenase, mitochondrial",ALDH2,"['MESH:D004221', 'UniProt:P05091', 'CHEBI:15343', 'GO:0006069', 'HP:0001033', 'HP:0002098', 'HP:0002017', 'MESH:D000437']",8,9,1,['Drug - Protein - BiologicalProcess - ChemicalSubstance - PhenotypicFeature - Disease'],['Drug - negatively regulates - Protein - positively regulates - BiologicalProcess - decreases abundance of - ChemicalSubstance - positively correlated with - PhenotypicFeature - negatively correlated with - Disease'],What gene is most mechanistically related to the indication of Drug disulfiram to Disease Alcoholism?
1680,DB00239_MESH_D014010_1,DB:DB00239,MESH:C022155,MESH:D014010,UniProt:P10613,oxiconazole,Tinea Versicolor,Lanosterol 14-alpha-demethylase,N/A,"['MESH:C022155', 'UniProt:P10613', 'GO:0006696', 'CHEBI:16933', 'GO:0030445', 'taxonomy:237561', 'MESH:D014010']",7,6,1,['Drug - Protein - BiologicalProcess - ChemicalSubstance - CellularComponent - OrganismTaxon - Disease'],['Drug - negatively regulates - Protein - positively regulates - BiologicalProcess - produces - ChemicalSubstance - located in - CellularComponent - in taxon - OrganismTaxon - causes - Disease'],What gene is most mechanistically related to the indication of Drug oxiconazole to Disease Tinea Versicolor?
1681,DB00239_MESH_D014008_1,DB:DB00239,MESH:C022155,MESH:D014008,UniProt:P10613,oxiconazole,Tinea Pedis,Lanosterol 14-alpha-demethylase,N/A,"['MESH:C022155', 'UniProt:P10613', 'GO:0006696', 'CHEBI:16933', 'GO:0030445', 'taxonomy:237561', 'MESH:D014008']",7,6,1,['Drug - Protein - BiologicalProcess - ChemicalSubstance - CellularComponent - OrganismTaxon - Disease'],['Drug - negatively regulates - Protein - positively regulates - BiologicalProcess - produces - ChemicalSubstance - located in - CellularComponent - in taxon - OrganismTaxon - causes - Disease'],What gene is most mechanistically related to the indication of Drug oxiconazole to Disease Tinea Pedis?
1682,DB00234_MESH_D003865_1,DB:DB00234,MESH:C074679,MESH:D003865,UniProt:P23975,reboxetine,"Depressive Disorder, Major",Sodium-dependent noradrenaline transporter,SLC6A2,"['MESH:C074679', 'UniProt:P23975', 'GO:0051620', 'MESH:D003865']",4,3,1,['Drug - Protein - BiologicalProcess - Disease'],['Drug - negatively regulates - Protein - positively regulates - BiologicalProcess - positively correlated with - Disease'],"What gene is most mechanistically related to the indication of Drug reboxetine to Disease Depressive Disorder, Major?"
1688,DB00111_MESH_D020529_1,DB:DB00111,MESH:C096001,MESH:D020529,UniProt:P01589,daclizumab,Relapsing remitting multiple sclerosis,Interleukin-2 receptor subunit alpha,IL2RA,"['MESH:C096001', 'UniProt:P01589', 'GO:0005893', 'GO:0038110', 'GO:0050798', 'GO:0006954', 'MESH:D020529']",7,6,1,['Drug - Protein - CellularComponent - BiologicalProcess - Disease'],['Drug - decreases activity of - Protein - part of - CellularComponent - participates in - BiologicalProcess - positively correlated with - Disease'],What gene is most mechanistically related to the indication of Drug daclizumab to Disease Relapsing remitting multiple sclerosis?
1689,DB00530_MESH_D002289_1,DB:DB00530,MESH:D000069347,MESH:D002289,UniProt:P00533,erlotinib,Non-small cell lung cancer,Epidermal growth factor receptor,EGFR,"['MESH:D000069347', 'UniProt:P00533', 'reactome:R-HSA-5673001', 'reactome:R-HSA-109704', 'GO:0008283', 'MESH:D002289']",6,6,1,['Drug - Protein - Pathway - BiologicalProcess - Disease'],['Drug - decreases activity of - Protein - positively regulates - Pathway - positively regulates - BiologicalProcess - causes - Disease'],What gene is most mechanistically related to the indication of Drug erlotinib to Disease Non-small cell lung cancer?
1698,DB01627_MESH_D013290_1,DB:DB01627,MESH:D008034,MESH:D013290,UniProt:P0A7J6,lincomycin,Streptococcal Infections,50S ribosomal protein L10,N/A,"['MESH:D008034', 'UniProt:P0A7J6', 'GO:0005840', 'GO:0045727', 'GO:0051301', 'taxonomy:1314', 'MESH:D013290']",7,6,1,['Drug - Protein - CellularComponent - BiologicalProcess - OrganismTaxon - Disease'],['Drug - negatively regulates - Protein - part of - CellularComponent - participates in - BiologicalProcess - occurs in - OrganismTaxon - causes - Disease'],What gene is most mechanistically related to the indication of Drug lincomycin to Disease Streptococcal Infections?
1699,DB01627_MESH_D011008_1,DB:DB01627,MESH:D008034,MESH:D011008,UniProt:P0A7J6,lincomycin,Pneumococcal Infections,50S ribosomal protein L10,N/A,"['MESH:D008034', 'UniProt:P0A7J6', 'GO:0005840', 'GO:0045727', 'GO:0051301', 'taxonomy:1313', 'MESH:D011008']",7,6,1,['Drug - Protein - CellularComponent - BiologicalProcess - OrganismTaxon - Disease'],['Drug - negatively regulates - Protein - part of - CellularComponent - participates in - BiologicalProcess - occurs in - OrganismTaxon - causes - Disease'],What gene is most mechanistically related to the indication of Drug lincomycin to Disease Pneumococcal Infections?
1700,DB01627_MESH_D013203_1,DB:DB01627,MESH:D008034,MESH:D013203,UniProt:P0A7J6,lincomycin,Staphylococcal Infections,50S ribosomal protein L10,N/A,"['MESH:D008034', 'UniProt:P0A7J6', 'GO:0005840', 'GO:0045727', 'GO:0051301', 'taxonomy:1280', 'MESH:D013203']",7,6,1,['Drug - Protein - CellularComponent - BiologicalProcess - OrganismTaxon - Disease'],['Drug - negatively regulates - Protein - part of - CellularComponent - participates in - BiologicalProcess - occurs in - OrganismTaxon - causes - Disease'],What gene is most mechanistically related to the indication of Drug lincomycin to Disease Staphylococcal Infections?
1704,DB08930_MESH_D015658_1,DB:DB08930,MESH:C562325,MESH:D015658,UniProt:Q7ZJM1,dolutegravir,Human immunodeficiency virus infection,Integrase,N/A,"['MESH:C562325', 'UniProt:Q7ZJM1', 'GO:0044825', 'GO:0019079', 'taxonomy:11676', 'MESH:D015658']",6,5,1,['Drug - Protein - MolecularActivity - BiologicalProcess - OrganismTaxon - Disease'],['Drug - decreases activity of - Protein - positively regulates - MolecularActivity - positively correlated with - BiologicalProcess - in taxon - OrganismTaxon - causes - Disease'],What gene is most mechanistically related to the indication of Drug dolutegravir to Disease Human immunodeficiency virus infection?
1705,DB06614_MESH_D007251_1,DB:DB06614,MESH:C414210,MESH:D007251,UniProt:P03472,peramivir,"Influenza, Human",Neuraminidase,N/A,"['MESH:C414210', 'UniProt:P03472', 'GO:0004308', 'GO:0140374', 'taxonomy:384509', 'MESH:D007251']",6,5,1,['Drug - Protein - BiologicalProcess - OrganismTaxon - Disease'],['Drug - negatively regulates - Protein - positively regulates - BiologicalProcess - in taxon - OrganismTaxon - causes - Disease'],"What gene is most mechanistically related to the indication of Drug peramivir to Disease Influenza, Human?"
1707,DB00792_MESH_D012912_1,DB:DB00792,MESH:D014309,MESH:D012912,UniProt:P35367,tripelennamine,Sneezing,Histamine H1 receptor,HRH1,"['MESH:D014309', 'UniProt:P35367', 'GO:0004969', 'GO:0002441', 'MESH:D012912']",5,4,1,['Drug - Protein - MolecularActivity - BiologicalProcess - Disease'],['Drug - decreases activity of - Protein - positively regulates - MolecularActivity - positively correlated with - BiologicalProcess - positively correlated with - Disease'],What gene is most mechanistically related to the indication of Drug tripelennamine to Disease Sneezing?
1708,DB00792_MESH_D011537_1,DB:DB00792,MESH:D014309,MESH:D011537,UniProt:P35367,tripelennamine,Pruritus,Histamine H1 receptor,HRH1,"['MESH:D014309', 'UniProt:P35367', 'GO:0004969', 'GO:0002441', 'MESH:D011537']",5,4,1,['Drug - Protein - MolecularActivity - BiologicalProcess - Disease'],['Drug - decreases activity of - Protein - positively regulates - MolecularActivity - positively correlated with - BiologicalProcess - positively correlated with - Disease'],What gene is most mechanistically related to the indication of Drug tripelennamine to Disease Pruritus?
1709,DB00792_MESH_D003233_1,DB:DB00792,MESH:D014309,MESH:D003233,UniProt:P35367,tripelennamine,Allergic conjunctivitis,Histamine H1 receptor,HRH1,"['MESH:D014309', 'UniProt:P35367', 'GO:0004969', 'GO:0002441', 'MESH:D003233']",5,4,1,['Drug - Protein - MolecularActivity - BiologicalProcess - Disease'],['Drug - decreases activity of - Protein - positively regulates - MolecularActivity - positively correlated with - BiologicalProcess - positively correlated with - Disease'],What gene is most mechanistically related to the indication of Drug tripelennamine to Disease Allergic conjunctivitis?
1710,DB00792_MESH_D065631_1,DB:DB00792,MESH:D014309,MESH:D065631,UniProt:P35367,tripelennamine,Allergic rhinitis,Histamine H1 receptor,HRH1,"['MESH:D014309', 'UniProt:P35367', 'GO:0004969', 'GO:0002441', 'MESH:D065631']",5,4,1,['Drug - Protein - MolecularActivity - BiologicalProcess - Disease'],['Drug - decreases activity of - Protein - positively regulates - MolecularActivity - positively correlated with - BiologicalProcess - positively correlated with - Disease'],What gene is most mechanistically related to the indication of Drug tripelennamine to Disease Allergic rhinitis?
1711,DB00792_MESH_D014581_1,DB:DB00792,MESH:D014309,MESH:D014581,UniProt:P35367,tripelennamine,Urticaria,Histamine H1 receptor,HRH1,"['MESH:D014309', 'UniProt:P35367', 'GO:0004969', 'GO:0002441', 'MESH:D014581']",5,4,1,['Drug - Protein - MolecularActivity - BiologicalProcess - Disease'],['Drug - decreases activity of - Protein - positively regulates - MolecularActivity - positively correlated with - BiologicalProcess - positively correlated with - Disease'],What gene is most mechanistically related to the indication of Drug tripelennamine to Disease Urticaria?
1712,DB00792_MESH_D012223_1,DB:DB00792,MESH:D014309,MESH:D012223,UniProt:P35367,tripelennamine,"Rhinitis, Vasomotor",Histamine H1 receptor,HRH1,"['MESH:D014309', 'UniProt:P35367', 'GO:0004969', 'GO:0042311', 'MESH:D012223']",5,4,1,['Drug - Protein - MolecularActivity - BiologicalProcess - Disease'],['Drug - decreases activity of - Protein - positively regulates - MolecularActivity - positively correlated with - BiologicalProcess - positively correlated with - Disease'],"What gene is most mechanistically related to the indication of Drug tripelennamine to Disease Rhinitis, Vasomotor?"
1714,DB00427_MESH_D011537_1,DB:DB00427,MESH:D014311,MESH:D011537,UniProt:P35367,triprolidine,Pruritus,Histamine H1 receptor,HRH1,"['MESH:D014311', 'UniProt:P35367', 'GO:0004969', 'GO:0002441', 'MESH:D011537']",5,4,1,['Drug - Protein - MolecularActivity - BiologicalProcess - Disease'],['Drug - decreases activity of - Protein - positively regulates - MolecularActivity - positively correlated with - BiologicalProcess - positively correlated with - Disease'],What gene is most mechanistically related to the indication of Drug triprolidine to Disease Pruritus?
1715,DB00427_MESH_D014581_1,DB:DB00427,MESH:D014311,MESH:D014581,UniProt:P35367,triprolidine,Urticaria,Histamine H1 receptor,HRH1,"['MESH:D014311', 'UniProt:P35367', 'GO:0004969', 'GO:0002441', 'MESH:D014581']",5,4,1,['Drug - Protein - MolecularActivity - BiologicalProcess - Disease'],['Drug - decreases activity of - Protein - positively regulates - MolecularActivity - positively correlated with - BiologicalProcess - positively correlated with - Disease'],What gene is most mechanistically related to the indication of Drug triprolidine to Disease Urticaria?
1716,DB00427_MESH_D065631_1,DB:DB00427,MESH:D014311,MESH:D065631,UniProt:P35367,triprolidine,Allergic rhinitis,Histamine H1 receptor,HRH1,"['MESH:D014311', 'UniProt:P35367', 'GO:0004969', 'GO:0002441', 'MESH:D065631']",5,4,1,['Drug - Protein - MolecularActivity - BiologicalProcess - Disease'],['Drug - decreases activity of - Protein - positively regulates - MolecularActivity - positively correlated with - BiologicalProcess - positively correlated with - Disease'],What gene is most mechanistically related to the indication of Drug triprolidine to Disease Allergic rhinitis?
1717,DB00427_MESH_D003233_1,DB:DB00427,MESH:D014311,MESH:D003233,UniProt:P35367,triprolidine,Allergic conjunctivitis,Histamine H1 receptor,HRH1,"['MESH:D014311', 'UniProt:P35367', 'GO:0004969', 'GO:0002441', 'MESH:D003233']",5,4,1,['Drug - Protein - MolecularActivity - BiologicalProcess - Disease'],['Drug - decreases activity of - Protein - positively regulates - MolecularActivity - positively correlated with - BiologicalProcess - positively correlated with - Disease'],What gene is most mechanistically related to the indication of Drug triprolidine to Disease Allergic conjunctivitis?
1718,DB00427_MESH_D003139_1,DB:DB00427,MESH:D014311,MESH:D003139,UniProt:P35367,triprolidine,Common Cold,Histamine H1 receptor,HRH1,"['MESH:D014311', 'UniProt:P35367', 'GO:0006954', 'taxonomy:12059', 'MESH:D003139']",5,4,1,['Drug - Protein - BiologicalProcess - OrganismTaxon - Disease'],['Drug - decreases activity of - Protein - positively regulates - BiologicalProcess - caused by - OrganismTaxon - causes - Disease'],What gene is most mechanistically related to the indication of Drug triprolidine to Disease Common Cold?
1719,DB00427_MESH_D012223_1,DB:DB00427,MESH:D014311,MESH:D012223,UniProt:P35367,triprolidine,"Rhinitis, Vasomotor",Histamine H1 receptor,HRH1,"['MESH:D014311', 'UniProt:P35367', 'GO:0004969', 'GO:0042311', 'MESH:D012223']",5,4,1,['Drug - Protein - MolecularActivity - BiologicalProcess - Disease'],['Drug - decreases activity of - Protein - positively regulates - MolecularActivity - positively correlated with - BiologicalProcess - positively correlated with - Disease'],"What gene is most mechanistically related to the indication of Drug triprolidine to Disease Rhinitis, Vasomotor?"
1720,DB00427_MESH_D006255_1,DB:DB00427,MESH:D014311,MESH:D006255,UniProt:P35367,triprolidine,"Rhinitis, Allergic, Seasonal",Histamine H1 receptor,HRH1,"['MESH:D014311', 'UniProt:P35367', 'GO:0004969', 'GO:0002441', 'HP:0007879', 'HP:0009926', 'MESH:D006255']",7,7,1,['Drug - Protein - MolecularActivity - BiologicalProcess - PhenotypicFeature - Disease'],['Drug - decreases activity of - Protein - positively regulates - MolecularActivity - positively correlated with - BiologicalProcess - positively correlated with - PhenotypicFeature - manifestation of - Disease'],"What gene is most mechanistically related to the indication of Drug triprolidine to Disease Rhinitis, Allergic, Seasonal?"
1721,DB00368_MESH_D001987_1,DB:DB00368,MESH:D009638,MESH:D001987,UniProt:P07550,Norepinephrine,Bronchiectasis,Beta-2 adrenergic receptor,ADRB2,"['MESH:D009638', 'UniProt:P07550', 'GO:0006954', 'HP:0031245', 'MESH:D001987']",5,4,1,['Drug - Protein - BiologicalProcess - PhenotypicFeature - Disease'],['Drug - positively regulates - Protein - negatively regulates - BiologicalProcess - positively correlated with - PhenotypicFeature - manifestation of - Disease'],What gene is most mechanistically related to the indication of Drug Norepinephrine to Disease Bronchiectasis?
1722,DB00368_MESH_D001991_1,DB:DB00368,MESH:D009638,MESH:D001991,UniProt:P07550,Norepinephrine,Bronchitis,Beta-2 adrenergic receptor,ADRB2,"['MESH:D009638', 'UniProt:P07550', 'GO:0006954', 'UBERON:0002185', 'MESH:D001991']",5,4,1,['Drug - Protein - BiologicalProcess - GrossAnatomicalStructure - Disease'],['Drug - positively regulates - Protein - negatively regulates - BiologicalProcess - located in - GrossAnatomicalStructure - location of - Disease'],What gene is most mechanistically related to the indication of Drug Norepinephrine to Disease Bronchitis?
1723,DB00368_MESH_D001249_1,DB:DB00368,MESH:D009638,MESH:D001249,UniProt:P07550,Norepinephrine,Asthma,Beta-2 adrenergic receptor,ADRB2,"['MESH:D009638', 'UniProt:P07550', 'GO:0044557', 'HP:0033540', 'HP:0002094', 'MESH:D001249']",6,6,1,['Drug - Protein - BiologicalProcess - PhenotypicFeature - Disease'],['Drug - positively regulates - Protein - positively regulates - BiologicalProcess - negatively correlated with - PhenotypicFeature - manifestation of - Disease'],What gene is most mechanistically related to the indication of Drug Norepinephrine to Disease Asthma?
1725,DB00368_MESH_D011656_1,DB:DB00368,MESH:D009638,MESH:D011656,UniProt:P07550,Norepinephrine,Pulmonary emphysema,Beta-2 adrenergic receptor,ADRB2,"['MESH:D009638', 'UniProt:P07550', 'GO:0044557', 'HP:0002094', 'HP:0006536', 'HP:0030828', 'HP:0012735', 'MESH:D011656']",8,10,1,['Drug - Protein - BiologicalProcess - PhenotypicFeature - Disease'],['Drug - positively regulates - Protein - positively regulates - BiologicalProcess - negatively correlated with - PhenotypicFeature - manifestation of - Disease'],What gene is most mechanistically related to the indication of Drug Norepinephrine to Disease Pulmonary emphysema?
1727,DB00230_MESH_D005356_1,DB:DB00230,MESH:D000069583,MESH:D005356,UniProt:P54289,Pregabalin,Fibromyalgia,Voltage-dependent calcium channel subunit alpha-2/delta-1,CACNA2D1,"['MESH:D000069583', 'UniProt:P54289', 'GO:0061535', 'GO:1990793', 'GO:0019233', 'MESH:D005356']",6,6,1,['Drug - Protein - BiologicalProcess - Disease'],['Drug - decreases activity of - Protein - positively regulates - BiologicalProcess - positively correlated with - Disease'],What gene is most mechanistically related to the indication of Drug Pregabalin to Disease Fibromyalgia?
1728,DB00230_MESH_D051474_1,DB:DB00230,MESH:D000069583,MESH:D051474,UniProt:P54289,Pregabalin,Postherpetic neuralgia,Voltage-dependent calcium channel subunit alpha-2/delta-1,CACNA2D1,"['MESH:D000069583', 'UniProt:P54289', 'GO:0061535', 'GO:1990793', 'GO:0019233', 'MESH:D051474']",6,6,1,['Drug - Protein - BiologicalProcess - Disease'],['Drug - decreases activity of - Protein - positively regulates - BiologicalProcess - positively correlated with - Disease'],What gene is most mechanistically related to the indication of Drug Pregabalin to Disease Postherpetic neuralgia?
1732,DB00986_MESH_D029424_1,DB:DB00986,MESH:D006024,MESH:D029424,UniProt:P20309,Glycopyrronium bromide,Chronic obstructive lung disease,Muscarinic acetylcholine receptor M3,CHRM3,"['MESH:D006024', 'UniProt:P20309', 'GO:0006939', 'UBERON:0002185', 'GO:0006954', 'MESH:D029424']",6,5,1,['Drug - Protein - BiologicalProcess - Disease'],['Drug - decreases activity of - Protein - positively regulates - BiologicalProcess - contributes to - Disease'],What gene is most mechanistically related to the indication of Drug Glycopyrronium bromide to Disease Chronic obstructive lung disease?
1734,DB01039_MESH_D006937_1,DB:DB01039,MESH:D011345,MESH:D006937,UniProt:Q07869,Fenofibrate,Hypercholesterolemia,Peroxisome proliferator-activated receptor alpha,PPARA,"['MESH:D011345', 'MESH:C006012', 'UniProt:Q07869', 'MESH:D008075', 'MESH:D015243', 'MESH:D006937']",6,6,1,['Drug - Protein - ChemicalSubstance - Disease'],['Drug - increases activity of - Protein - decreases abundance of - ChemicalSubstance - positively correlated with - Disease'],What gene is most mechanistically related to the indication of Drug Fenofibrate to Disease Hypercholesterolemia?
1737,DB01039_MESH_D052456_1,DB:DB01039,MESH:D011345,MESH:D052456,UniProt:Q07869,Fenofibrate,Hypoalphalipoproteinemia,Peroxisome proliferator-activated receptor alpha,PPARA,"['MESH:D011345', 'MESH:C006012', 'UniProt:Q07869', 'MESH:D008075', 'MESH:D052456']",5,4,1,['Drug - Protein - ChemicalSubstance - Disease'],['Drug - increases activity of - Protein - increases abundance of - ChemicalSubstance - negatively correlated with - Disease'],What gene is most mechanistically related to the indication of Drug Fenofibrate to Disease Hypoalphalipoproteinemia?
1742,DB11739_MESH_D013276_1,DB:DB11739,MESH:C552956,MESH:D013276,UniProt:P20648,Vonoprazan,Stomach Ulcer,Potassium-transporting ATPase alpha chain 1,ATP4A,"['MESH:C552956', 'UniProt:P20648', 'GO:0001696', 'MESH:D005744', 'InterPro:IPR034162', 'MESH:D013276']",6,5,1,['Drug - Protein - BiologicalProcess - ChemicalSubstance - GeneFamily - Disease'],['Drug - decreases activity of - Protein - positively regulates - BiologicalProcess - increases abundance of - ChemicalSubstance - positively regulates - GeneFamily - contributes to - Disease'],What gene is most mechanistically related to the indication of Drug Vonoprazan to Disease Stomach Ulcer?
1743,DB11739_MESH_D004381_1,DB:DB11739,MESH:C552956,MESH:D004381,UniProt:P20648,Vonoprazan,Duodenal Ulcer,Potassium-transporting ATPase alpha chain 1,ATP4A,"['MESH:C552956', 'UniProt:P20648', 'GO:0001696', 'MESH:D005744', 'InterPro:IPR034162', 'MESH:D004381']",6,5,1,['Drug - Protein - BiologicalProcess - ChemicalSubstance - GeneFamily - Disease'],['Drug - decreases activity of - Protein - positively regulates - BiologicalProcess - increases abundance of - ChemicalSubstance - positively regulates - GeneFamily - contributes to - Disease'],What gene is most mechanistically related to the indication of Drug Vonoprazan to Disease Duodenal Ulcer?
1761,DB00919_MESH_D006069_1,DB:DB00919,MESH:D000198,MESH:D006069,UniProt:Q5F5S1,Spectinomycin,Gonorrhea,30S ribosomal protein S12 (Neisseria gonorrhoeae),N/A,"['MESH:D000198', 'UniProt:Q5F5S1', 'GO:0006412', 'taxonomy:485', 'MESH:D006069']",5,4,1,['Drug - Protein - BiologicalProcess - OrganismTaxon - Disease'],['Drug - decreases activity of - Protein - participates in - BiologicalProcess - in taxon - OrganismTaxon - causes - Disease'],What gene is most mechanistically related to the indication of Drug Spectinomycin to Disease Gonorrhea?
1767,DB00462_MESH_D012223_1,DB:DB00462,MESH:D019832,MESH:D012223,UniProt:P20309,Methscopolamine,"Rhinitis, Vasomotor",Muscarinic acetylcholine receptor M3,CHRM3,"['MESH:D019832', 'UniProt:P20309', 'GO:1905144', 'UBERON:0012278', 'UBERON:0002306', 'MESH:D012223']",6,5,1,['Drug - Protein - BiologicalProcess - GrossAnatomicalStructure - Disease'],['Drug - decreases activity of - Protein - participates in - BiologicalProcess - positively regulates - GrossAnatomicalStructure - occurs in - Disease'],"What gene is most mechanistically related to the indication of Drug Methscopolamine to Disease Rhinitis, Vasomotor?"
1768,DB00462_MESH_D003371_1,DB:DB00462,MESH:D019832,MESH:D003371,UniProt:P20309,Methscopolamine,Cough,Muscarinic acetylcholine receptor M3,CHRM3,"['MESH:D019832', 'UniProt:P20309', 'GO:1905144', 'GO:0006939', 'UBERON:0002185', 'MESH:D001249', 'MESH:D003371']",7,6,1,['Drug - Protein - BiologicalProcess - GrossAnatomicalStructure - Disease'],['Drug - decreases activity of - Protein - participates in - BiologicalProcess - located in - GrossAnatomicalStructure - location of - Disease'],What gene is most mechanistically related to the indication of Drug Methscopolamine to Disease Cough?
1769,DB00462_MESH_D003139_1,DB:DB00462,MESH:D019832,MESH:D003139,UniProt:P20309,Methscopolamine,Common Cold,Muscarinic acetylcholine receptor M3,CHRM3,"['MESH:D019832', 'UniProt:P20309', 'GO:1905144', 'UBERON:0012278', 'UBERON:0002306', 'MESH:D003139']",6,5,1,['Drug - Protein - BiologicalProcess - GrossAnatomicalStructure - Disease'],['Drug - decreases activity of - Protein - participates in - BiologicalProcess - positively regulates - GrossAnatomicalStructure - occurs in - Disease'],What gene is most mechanistically related to the indication of Drug Methscopolamine to Disease Common Cold?
1770,DB00462_MESH_D043183_1,DB:DB00462,MESH:D019832,MESH:D043183,UniProt:P20309,Methscopolamine,Irritable bowel syndrome,Muscarinic acetylcholine receptor M3,CHRM3,"['MESH:D019832', 'UniProt:P20309', 'GO:1905144', 'GO:0120054', 'GO:0030421', 'MESH:D043183']",6,6,1,['Drug - Protein - BiologicalProcess - Disease'],['Drug - decreases activity of - Protein - participates in - BiologicalProcess - occurs in - Disease'],What gene is most mechanistically related to the indication of Drug Methscopolamine to Disease Irritable bowel syndrome?
1771,DB00462_MESH_D065631_1,DB:DB00462,MESH:D019832,MESH:D065631,UniProt:P20309,Methscopolamine,Allergic rhinitis,Muscarinic acetylcholine receptor M3,CHRM3,"['MESH:D019832', 'UniProt:P20309', 'GO:1905144', 'UBERON:0012278', 'UBERON:0002306', 'MESH:D065631']",6,5,1,['Drug - Protein - BiologicalProcess - GrossAnatomicalStructure - Disease'],['Drug - decreases activity of - Protein - participates in - BiologicalProcess - positively regulates - GrossAnatomicalStructure - occurs in - Disease'],What gene is most mechanistically related to the indication of Drug Methscopolamine to Disease Allergic rhinitis?
1783,DB09351_MESH_D005902_1,DB:DB09351,DB:DB09351,MESH:D005902,UniProt:P08588,Levobetaxolol,Open-angle glaucoma,Beta-1 adrenergic receptor,ADRB1,"['DB:DB09351', 'UniProt:P08588', 'reactome:R-HSA-418555', 'CHEBI:17489', 'UBERON:0001796', 'HP:0007906', 'MESH:D005902']",7,6,1,['Drug - Protein - Pathway - ChemicalSubstance - GrossAnatomicalStructure - PhenotypicFeature - Disease'],['Drug - decreases activity of - Protein - participates in - Pathway - increases abundance of - ChemicalSubstance - positively correlated with - GrossAnatomicalStructure - positively correlated with - PhenotypicFeature - positively correlated with - Disease'],What gene is most mechanistically related to the indication of Drug Levobetaxolol to Disease Open-angle glaucoma?
1784,DB09351_MESH_D009798_1,DB:DB09351,DB:DB09351,MESH:D009798,UniProt:P08588,Levobetaxolol,Ocular hypertension,Beta-1 adrenergic receptor,ADRB1,"['DB:DB09351', 'UniProt:P08588', 'reactome:R-HSA-418555', 'CHEBI:17489', 'UBERON:0001796', 'MESH:D009798']",6,5,1,['Drug - Protein - Pathway - ChemicalSubstance - GrossAnatomicalStructure - Disease'],['Drug - decreases activity of - Protein - participates in - Pathway - increases abundance of - ChemicalSubstance - positively correlated with - GrossAnatomicalStructure - positively correlated with - Disease'],What gene is most mechanistically related to the indication of Drug Levobetaxolol to Disease Ocular hypertension?
1804,DB00948_MESH_D006069_1,DB:DB00948,MESH:D008802,MESH:D006069,UniProt:O05131,mezlocillin,Gonorrhea,Penicillin-binding protein 1A,N/A,"['MESH:D008802', 'UniProt:O05131', 'GO:0009252', 'GO:0009273', 'taxonomy:485', 'MESH:D006069']",6,5,1,['Drug - Protein - BiologicalProcess - OrganismTaxon - Disease'],['Drug - decreases activity of - Protein - positively regulates - BiologicalProcess - in taxon - OrganismTaxon - causes - Disease'],What gene is most mechanistically related to the indication of Drug mezlocillin to Disease Gonorrhea?
1805,DB00948_MESH_D011015_1,DB:DB00948,MESH:D008802,MESH:D011015,UniProt:Q04707,mezlocillin,"Pneumonia, Aspiration",Penicillin-binding protein 1A,N/A,"['MESH:D008802', 'UniProt:Q04707', 'GO:0009252', 'GO:0009273', 'taxonomy:1313', 'MESH:D011015']",6,5,1,['Drug - Protein - BiologicalProcess - OrganismTaxon - Disease'],['Drug - decreases activity of - Protein - positively regulates - BiologicalProcess - in taxon - OrganismTaxon - causes - Disease'],"What gene is most mechanistically related to the indication of Drug mezlocillin to Disease Pneumonia, Aspiration?"
1808,DB01194_MESH_D009798_1,DB:DB01194,MESH:C111827,MESH:D009798,UniProt:P00918,brinzolamide,Ocular hypertension,Carbonic anhydrase 2,CA2,"['MESH:C111827', 'UniProt:P00918', 'GO:0015701', 'UBERON:0001796', 'MESH:D009798']",5,4,1,['Drug - Protein - BiologicalProcess - GrossAnatomicalStructure - Disease'],['Drug - negatively regulates - Protein - positively regulates - BiologicalProcess - increases abundance of - GrossAnatomicalStructure - positively correlated with - Disease'],What gene is most mechanistically related to the indication of Drug brinzolamide to Disease Ocular hypertension?
1809,DB01194_MESH_D005902_1,DB:DB01194,MESH:C111827,MESH:D005902,UniProt:P00918,brinzolamide,Open-angle glaucoma,Carbonic anhydrase 2,CA2,"['MESH:C111827', 'UniProt:P00918', 'GO:0015701', 'UBERON:0001796', 'HP:0007906', 'MESH:D005902']",6,5,1,['Drug - Protein - BiologicalProcess - GrossAnatomicalStructure - PhenotypicFeature - Disease'],['Drug - negatively regulates - Protein - positively regulates - BiologicalProcess - increases abundance of - GrossAnatomicalStructure - positively correlated with - PhenotypicFeature - manifestation of - Disease'],What gene is most mechanistically related to the indication of Drug brinzolamide to Disease Open-angle glaucoma?
1812,DB00973_MESH_C537345_1,DB:DB00973,MESH:D000069438,MESH:C537345,UniProt:Q9UHC9,ezetimibe,Sitosterolemia,NPC1-like intracellular cholesterol transporter 1,NPC1L1,"['MESH:D000069438', 'UniProt:Q9UHC9', 'GO:0098856', 'CHEBI:26125', 'HP:0033341', 'MESH:C537345']",6,5,1,['Drug - Protein - BiologicalProcess - ChemicalSubstance - PhenotypicFeature - Disease'],['Drug - negatively regulates - Protein - positively regulates - BiologicalProcess - increases abundance of - ChemicalSubstance - positively correlated with - PhenotypicFeature - manifestation of - Disease'],What gene is most mechanistically related to the indication of Drug ezetimibe to Disease Sitosterolemia?
1813,DB00973_MESH_D006949_1,DB:DB00973,MESH:D000069438,MESH:D006949,UniProt:Q9UHC9,ezetimibe,Hyperlipidemia,NPC1-like intracellular cholesterol transporter 1,NPC1L1,"['MESH:D000069438', 'UniProt:Q9UHC9', 'GO:0098856', 'CHEBI:18059', 'MESH:D006949']",5,4,1,['Drug - Protein - BiologicalProcess - ChemicalSubstance - Disease'],['Drug - negatively regulates - Protein - positively regulates - BiologicalProcess - increases abundance of - ChemicalSubstance - positively correlated with - Disease'],What gene is most mechanistically related to the indication of Drug ezetimibe to Disease Hyperlipidemia?
1814,DB00973_MESH_D006950_1,DB:DB00973,MESH:D000069438,MESH:D006950,UniProt:Q9UHC9,ezetimibe,"Hyperlipidemia, Familial Combined",NPC1-like intracellular cholesterol transporter 1,NPC1L1,"['MESH:D000069438', 'UniProt:Q9UHC9', 'GO:0098856', 'CHEBI:16113', 'CHEBI:17855', 'MESH:D006950']",6,6,1,['Drug - Protein - BiologicalProcess - ChemicalSubstance - Disease'],['Drug - negatively regulates - Protein - positively regulates - BiologicalProcess - increases abundance of - ChemicalSubstance - positively correlated with - Disease'],"What gene is most mechanistically related to the indication of Drug ezetimibe to Disease Hyperlipidemia, Familial Combined?"
1815,DB00973_MESH_D006937_1,DB:DB00973,MESH:D000069438,MESH:D006937,UniProt:Q9UHC9,ezetimibe,Hypercholesterolemia,NPC1-like intracellular cholesterol transporter 1,NPC1L1,"['MESH:D000069438', 'UniProt:Q9UHC9', 'GO:0098856', 'CHEBI:16113', 'MESH:D006937']",5,4,1,['Drug - Protein - BiologicalProcess - ChemicalSubstance - Disease'],['Drug - negatively regulates - Protein - positively regulates - BiologicalProcess - increases abundance of - ChemicalSubstance - positively correlated with - Disease'],What gene is most mechanistically related to the indication of Drug ezetimibe to Disease Hypercholesterolemia?
1824,DB00213_MESH_D010437_1,DB:DB00213,MESH:C064276,MESH:D010437,UniProt:P20648,Pantoprazole,Peptic Ulcer,Potassium-transporting ATPase alpha chain 1,ATP4A,"['MESH:C064276', 'UniProt:P20648', 'GO:0001696', 'MESH:D005744', 'MESH:D010437']",5,4,1,['Drug - Protein - BiologicalProcess - ChemicalSubstance - Disease'],['Drug - decreases activity of - Protein - positively regulates - BiologicalProcess - increases abundance of - ChemicalSubstance - positively correlated with - Disease'],What gene is most mechanistically related to the indication of Drug Pantoprazole to Disease Peptic Ulcer?
1825,DB00213_MESH_D015043_1,DB:DB00213,MESH:C064276,MESH:D015043,UniProt:P20648,Pantoprazole,Zollinger-Ellison Syndrome,Potassium-transporting ATPase alpha chain 1,ATP4A,"['MESH:C064276', 'UniProt:P20648', 'GO:0001696', 'MESH:D005744', 'MESH:D010437', 'MESH:D015043']",6,5,1,['Drug - Protein - BiologicalProcess - ChemicalSubstance - Disease'],['Drug - decreases activity of - Protein - positively regulates - BiologicalProcess - increases abundance of - ChemicalSubstance - positively correlated with - Disease'],What gene is most mechanistically related to the indication of Drug Pantoprazole to Disease Zollinger-Ellison Syndrome?
1826,DB00213_MESH_D005764_1,DB:DB00213,MESH:C064276,MESH:D005764,UniProt:P20648,Pantoprazole,Gastroesophageal Reflux,Potassium-transporting ATPase alpha chain 1,ATP4A,"['MESH:C064276', 'UniProt:P20648', 'GO:0001696', 'MESH:D005744', 'MESH:D005764']",5,4,1,['Drug - Protein - BiologicalProcess - ChemicalSubstance - Disease'],['Drug - decreases activity of - Protein - positively regulates - BiologicalProcess - increases abundance of - ChemicalSubstance - positively correlated with - Disease'],What gene is most mechanistically related to the indication of Drug Pantoprazole to Disease Gastroesophageal Reflux?
1827,DB00213_MESH_D009377_1,DB:DB00213,MESH:C064276,MESH:D009377,UniProt:P20648,Pantoprazole,Multiple endocrine adenomas,Potassium-transporting ATPase alpha chain 1,ATP4A,"['MESH:C064276', 'UniProt:P20648', 'GO:0001696', 'MESH:D005744', 'MESH:D010437', 'MESH:D009377']",6,5,1,['Drug - Protein - BiologicalProcess - ChemicalSubstance - Disease'],['Drug - decreases activity of - Protein - positively regulates - BiologicalProcess - increases abundance of - ChemicalSubstance - positively correlated with - Disease'],What gene is most mechanistically related to the indication of Drug Pantoprazole to Disease Multiple endocrine adenomas?
1828,DB00317_MESH_D002289_1,DB:DB00317,MESH:C419708,MESH:D002289,UniProt:P00533,Gefitinib,Non-small cell lung cancer,Epidermal growth factor receptor,EGFR,"['MESH:C419708', 'UniProt:P00533', 'reactome:R-HSA-5673001', 'reactome:R-HSA-109704', 'GO:0008283', 'MESH:D002289']",6,6,1,['Drug - Protein - Pathway - BiologicalProcess - Disease'],['Drug - decreases activity of - Protein - positively regulates - Pathway - positively regulates - BiologicalProcess - causes - Disease'],What gene is most mechanistically related to the indication of Drug Gefitinib to Disease Non-small cell lung cancer?
1830,DB00589_MESH_D000568_1,DB:DB00589,MESH:D008090,MESH:D000568,UniProt:P14416,Lisuride,Amenorrhea,D(2) dopamine receptor,DRD2,"['MESH:D008090', 'UniProt:P14416', 'GO:0007195', 'CHEBI:17489', 'GO:0051209', 'GO:1902722', 'MESH:D006966', 'MESH:D000568']",8,7,1,['Drug - Protein - BiologicalProcess - Disease'],['Drug - increases activity of - Protein - participates in - BiologicalProcess - causes - Disease'],What gene is most mechanistically related to the indication of Drug Lisuride to Disease Amenorrhea?
1831,DB00589_MESH_D000172_1,DB:DB00589,MESH:D008090,MESH:D000172,UniProt:P14416,Lisuride,Acromegaly,D(2) dopamine receptor,DRD2,"['MESH:D008090', 'UniProt:P14416', 'GO:0007195', 'GO:0030252', 'MESH:D013006', 'MESH:D000172']",6,5,1,['Drug - Protein - BiologicalProcess - ChemicalSubstance - Disease'],['Drug - increases activity of - Protein - participates in - BiologicalProcess - increases abundance of - ChemicalSubstance - causes - Disease'],What gene is most mechanistically related to the indication of Drug Lisuride to Disease Acromegaly?
1832,DB00876_MESH_D006973_1,DB:DB00876,MESH:C068373,MESH:D006973,UniProt:P30556,Eprosartan,Hypertension,Type-1 angiotensin II receptor,AGTR1,"['MESH:C068373', 'UniProt:P30556', 'MESH:D000804', 'MESH:D014661', 'HP:0032263', 'MESH:D006973']",6,5,1,['Drug - Protein - ChemicalSubstance - Disease'],['Drug - negatively regulates - Protein - positively correlated with - ChemicalSubstance - positively regulates - Disease'],What gene is most mechanistically related to the indication of Drug Eprosartan to Disease Hypertension?
1840,DB06654_MESH_D010300_1,DB:DB06654,MESH:C092797,MESH:D010300,UniProt:P27338,Safinamide,Parkinson's disease,Amine oxidase [flavin-containing] B,MAOB,"['MESH:C092797', 'UniProt:P27338', 'MESH:D004298', 'GO:0061527', 'MESH:D010300']",5,4,1,['Drug - Protein - ChemicalSubstance - BiologicalProcess - Disease'],['Drug - decreases activity of - Protein - decreases abundance of - ChemicalSubstance - participates in - BiologicalProcess - disrupted by - Disease'],What gene is most mechanistically related to the indication of Drug Safinamide to Disease Parkinson's disease?
1841,DB12161_MESH_D000071057_1,DB:DB12161,DB:DB04844,MESH:D000071057,UniProt:Q05940,Tetrabenazine,Tardive dyskinesia,Synaptic vesicular amine transporter,SLC18A2,"['DB:DB04844', 'MESH:C000609690', 'UniProt:Q05940', 'GO:0015842', 'GO:0042420', 'GO:0061527', 'MESH:D000071057']",7,6,1,['Drug - Protein - BiologicalProcess - Disease'],['Drug - decreases activity of - Protein - positively regulates - BiologicalProcess - correlated with - Disease'],What gene is most mechanistically related to the indication of Drug Tetrabenazine to Disease Tardive dyskinesia?
1842,DB12161_MESH_D006816_1,DB:DB12161,DB:DB04844,MESH:D006816,UniProt:Q05940,Tetrabenazine,Huntington Disease,Synaptic vesicular amine transporter,SLC18A2,"['DB:DB04844', 'MESH:C000609690', 'UniProt:Q05940', 'GO:0015842', 'GO:0042420', 'GO:0061527', 'MESH:D006816']",7,6,1,['Drug - Protein - BiologicalProcess - Disease'],['Drug - decreases activity of - Protein - positively regulates - BiologicalProcess - correlated with - Disease'],What gene is most mechanistically related to the indication of Drug Tetrabenazine to Disease Huntington Disease?
1843,DB12930_MESH_D003866_1,DB:DB12930,MESH:D009888,MESH:D003866,UniProt:Q99720,Opipramol,Depressive disorder,Sigma non-opioid intracellular receptor 1,SIGMAR1,"['MESH:D009888', 'UniProt:Q99720', 'GO:0007269', 'MESH:D003866']",4,3,1,['Drug - Protein - BiologicalProcess - Disease'],['Drug - increases activity of - Protein - positively regulates - BiologicalProcess - treats - Disease'],What gene is most mechanistically related to the indication of Drug Opipramol to Disease Depressive disorder?
1844,DB01063_MESH_D011618_1,DB:DB01063,MESH:C100162,MESH:D011618,UniProt:P14416,Acetophenazine,Psychotic Disorders,D(2) dopamine receptor,DRD2,"['MESH:C100162', 'UniProt:P14416', 'GO:0061527', 'HP:0000708', 'MESH:D011618']",5,4,1,['Drug - Protein - BiologicalProcess - PhenotypicFeature - Disease'],['Drug - negatively regulates - Protein - positively correlated with - BiologicalProcess - positively correlated with - PhenotypicFeature - manifestation of - Disease'],What gene is most mechanistically related to the indication of Drug Acetophenazine to Disease Psychotic Disorders?
1845,DB08874_MESH_D004761_1,DB:DB08874,DB:DB08874,MESH:D004761,UniProt:Q18BX5,Fidaxomicin,Pseudomembranous enterocolitis,RNA polymerase sigma factor SigA,N/A,"['DB:DB08874', 'UniProt:Q18BX5', 'GO:0006352', 'taxonomy:1496', 'MESH:D004761']",5,4,1,['Drug - Protein - BiologicalProcess - OrganismTaxon - Disease'],['Drug - decreases activity of - Protein - participates in - BiologicalProcess - in taxon - OrganismTaxon - causes - Disease'],What gene is most mechanistically related to the indication of Drug Fidaxomicin to Disease Pseudomembranous enterocolitis?
1846,DB08874_MESH_D003015_1,DB:DB08874,DB:DB08874,MESH:D003015,UniProt:Q18BX5,Fidaxomicin,Clostridium difficile infection,RNA polymerase sigma factor SigA,N/A,"['DB:DB08874', 'UniProt:Q18BX5', 'GO:0006352', 'taxonomy:1496', 'MESH:D003015']",5,4,1,['Drug - Protein - BiologicalProcess - OrganismTaxon - Disease'],['Drug - decreases activity of - Protein - participates in - BiologicalProcess - in taxon - OrganismTaxon - causes - Disease'],What gene is most mechanistically related to the indication of Drug Fidaxomicin to Disease Clostridium difficile infection?
1847,DB00014_MESH_D004715_1,DB:DB00014,MESH:D017273,MESH:D004715,UniProt:P30968,Goserelin,Endometriosis,Gonadotropin-releasing hormone receptor,GNRHR,"['MESH:D017273', 'UniProt:P30968', 'MESH:D006065', 'GO:0006703', 'MESH:D004967', 'MESH:D004715']",6,5,1,['Drug - Protein - ChemicalSubstance - Disease'],['Drug - increases activity of - Protein - increases abundance of - ChemicalSubstance - positively correlated with - Disease'],What gene is most mechanistically related to the indication of Drug Goserelin to Disease Endometriosis?
1849,DB00382_MESH_D000544_1,DB:DB00382,MESH:D013619,MESH:D000544,UniProt:P22303,Tacrine,Alzheimer Disease,Acetylcholinesterase,ACHE,"['MESH:D013619', 'UniProt:P22303', 'MESH:D000109', 'MESH:D000544']",4,3,1,['Drug - Protein - ChemicalSubstance - Disease'],['Drug - decreases activity of - Protein - increases abundance of - ChemicalSubstance - ameliorates - Disease'],What gene is most mechanistically related to the indication of Drug Tacrine to Disease Alzheimer Disease?
1852,DB14655_MESH_D001943_2,DB:DB14655,MESH:C007561,MESH:D001943,UniProt:P10275,Drostanolone propionate,Breast Neoplasms,Androgen receptor,AR,"['MESH:C007561', 'UniProt:P10275', 'GO:0030520', 'GO:0008283', 'MESH:D001943']",5,4,1,['Drug - Protein - BiologicalProcess - Disease'],['Drug - increases activity of - Protein - negatively regulates - BiologicalProcess - positively correlated with - Disease'],What gene is most mechanistically related to the indication of Drug Drostanolone propionate to Disease Breast Neoplasms?
1853,DB00858_MESH_D001943_1,DB:DB00858,MESH:C100263,MESH:D001943,UniProt:P10275,Drostanolone,Breast Neoplasms,Androgen receptor,AR,"['MESH:C100263', 'UniProt:P10275', 'GO:0030520', 'GO:0008283', 'MESH:D001943']",5,4,1,['Drug - Protein - BiologicalProcess - Disease'],['Drug - increases activity of - Protein - negatively regulates - BiologicalProcess - positively correlated with - Disease'],What gene is most mechanistically related to the indication of Drug Drostanolone to Disease Breast Neoplasms?
1854,DB04844_MESH_D006816_1,DB:DB04844,MESH:D013747,MESH:D006816,UniProt:Q05940,Tetrabenazine,Huntington Disease,Synaptic vesicular amine transporter,SLC18A2,"['MESH:D013747', 'UniProt:Q05940', 'GO:0015842', 'reactome:R-HSA-212676', 'MESH:D006816']",5,4,1,['Drug - Protein - BiologicalProcess - Pathway - Disease'],['Drug - decreases activity of - Protein - positively regulates - BiologicalProcess - positively correlated with - Pathway - positively correlated with - Disease'],What gene is most mechanistically related to the indication of Drug Tetrabenazine to Disease Huntington Disease?
1863,DB00836_MESH_D003967_1,DB:DB00836,MESH:D008139,MESH:D003967,UniProt:P35372,Loperamide,Diarrhea,Mu-type opioid receptor,OPRM1,"['MESH:D008139', 'UniProt:P35372', 'UBERON:0002439', 'UBERON:0004221', 'GO:0120054', 'GO:0030421', 'MESH:D003967']",7,6,1,['Drug - Protein - GrossAnatomicalStructure - BiologicalProcess - Disease'],['Drug - increases activity of - Protein - decreases activity of - GrossAnatomicalStructure - participates in - BiologicalProcess - positively correlated with - Disease'],What gene is most mechanistically related to the indication of Drug Loperamide to Disease Diarrhea?
1868,DB01274_MESH_D029481_1,DB:DB01274,DB:DB01274,MESH:D029481,UniProt:P07550,Arformoterol,Chronic bronchitis,Beta-2 adrenergic receptor,ADRB2,"['DB:DB01274', 'UniProt:P07550', 'InterPro:IPR030672', 'MESH:D000242', 'GO:0006939', 'UBERON:0002185', 'MESH:D029481']",7,6,1,['Drug - Protein - GeneFamily - ChemicalSubstance - BiologicalProcess - GrossAnatomicalStructure - Disease'],['Drug - increases activity of - Protein - increases activity of - GeneFamily - increases abundance of - ChemicalSubstance - negatively correlated with - BiologicalProcess - occurs in - GrossAnatomicalStructure - location of - Disease'],What gene is most mechanistically related to the indication of Drug Arformoterol to Disease Chronic bronchitis?
1869,DB01274_MESH_D029424_1,DB:DB01274,DB:DB01274,MESH:D029424,UniProt:P07550,Arformoterol,Chronic obstructive lung disease,Beta-2 adrenergic receptor,ADRB2,"['DB:DB01274', 'UniProt:P07550', 'InterPro:IPR030672', 'MESH:D000242', 'GO:0006939', 'UBERON:0002185', 'MESH:D029424']",7,6,1,['Drug - Protein - GeneFamily - ChemicalSubstance - BiologicalProcess - GrossAnatomicalStructure - Disease'],['Drug - increases activity of - Protein - increases activity of - GeneFamily - increases abundance of - ChemicalSubstance - negatively correlated with - BiologicalProcess - occurs in - GrossAnatomicalStructure - affected by - Disease'],What gene is most mechanistically related to the indication of Drug Arformoterol to Disease Chronic obstructive lung disease?
1870,DB01274_MESH_D011656_1,DB:DB01274,DB:DB01274,MESH:D011656,UniProt:P07550,Arformoterol,Pulmonary emphysema,Beta-2 adrenergic receptor,ADRB2,"['DB:DB01274', 'UniProt:P07550', 'InterPro:IPR030672', 'MESH:D000242', 'GO:0006939', 'UBERON:0002185', 'MESH:D029481', 'MESH:D011656']",8,7,1,['Drug - Protein - GeneFamily - ChemicalSubstance - BiologicalProcess - GrossAnatomicalStructure - Disease'],['Drug - increases activity of - Protein - increases activity of - GeneFamily - increases abundance of - ChemicalSubstance - negatively correlated with - BiologicalProcess - occurs in - GrossAnatomicalStructure - location of - Disease'],What gene is most mechanistically related to the indication of Drug Arformoterol to Disease Pulmonary emphysema?
1871,DB05246_MESH_D004832_1,DB:DB05246,MESH:C100286,MESH:D004832,UniProt:O43497,methsuximide,Absence seizure,Voltage-dependent T-type calcium channel subunit alpha-1G,CACNA1G,"['MESH:C100286', 'UniProt:O43497', 'GO:0007268', 'HP:0012535', 'HP:0002121', 'GO:0070509', 'MESH:D004832']",7,6,1,['Drug - Protein - BiologicalProcess - PhenotypicFeature - Disease'],['Drug - decreases activity of - Protein - positively regulates - BiologicalProcess - correlated with - PhenotypicFeature - positively correlated with - Disease'],What gene is most mechanistically related to the indication of Drug methsuximide to Disease Absence seizure?
1872,DB05246_MESH_D004827_1,DB:DB05246,MESH:C100286,MESH:D004827,UniProt:O43497,methsuximide,Epilepsy,Voltage-dependent T-type calcium channel subunit alpha-1G,CACNA1G,"['MESH:C100286', 'UniProt:O43497', 'GO:0007268', 'HP:0012535', 'GO:0070509', 'MESH:D004827']",6,5,1,['Drug - Protein - BiologicalProcess - PhenotypicFeature - Disease'],['Drug - decreases activity of - Protein - positively regulates - BiologicalProcess - correlated with - PhenotypicFeature - occurs in - Disease'],What gene is most mechanistically related to the indication of Drug methsuximide to Disease Epilepsy?
1875,DB08941_MESH_D014652_1,DB:DB08941,MESH:D007556,MESH:D014652,UniProt:P07550,Isoxsuprine,Disorder of blood vessel,Beta-2 adrenergic receptor,ADRB2,"['MESH:D007556', 'UniProt:P07550', 'GO:0044557', 'GO:0042311', 'GO:0008015', 'MESH:D014652']",6,5,1,['Drug - Protein - BiologicalProcess - Disease'],['Drug - increases activity of - Protein - positively regulates - BiologicalProcess - negatively correlated with - Disease'],What gene is most mechanistically related to the indication of Drug Isoxsuprine to Disease Disorder of blood vessel?
1876,DB08941_MESH_D014652_2,DB:DB08941,MESH:D007556,MESH:D014652,UniProt:P07550,Isoxsuprine,Disorder of blood vessel,Beta-2 adrenergic receptor,ADRB2,"['MESH:D007556', 'UniProt:P07550', 'GO:0044557', 'GO:0042311', 'HP:0000822', 'MESH:D014652']",6,5,1,['Drug - Protein - BiologicalProcess - PhenotypicFeature - Disease'],['Drug - increases activity of - Protein - positively regulates - BiologicalProcess - negatively correlated with - PhenotypicFeature - affects risk for - Disease'],What gene is most mechanistically related to the indication of Drug Isoxsuprine to Disease Disorder of blood vessel?
1877,DB08941_MESH_D011928_1,DB:DB08941,MESH:D007556,MESH:D011928,UniProt:P07550,Isoxsuprine,Raynaud's disease,Beta-2 adrenergic receptor,ADRB2,"['MESH:D007556', 'UniProt:P07550', 'GO:0044557', 'GO:0042311', 'GO:0008015', 'MESH:D011928']",6,5,1,['Drug - Protein - BiologicalProcess - Disease'],['Drug - increases activity of - Protein - positively regulates - BiologicalProcess - negatively correlated with - Disease'],What gene is most mechanistically related to the indication of Drug Isoxsuprine to Disease Raynaud's disease?
1878,DB09108_MESH_D006467_1,DB:DB09108,DB:DB09108,MESH:D006467,UniProt:P00742,Simoctocog alfa,Hemophilia A,Coagulation factor X,F10,"['DB:DB09108', 'MESH:D005169', 'UniProt:P00742', 'GO:0003809', 'GO:0072378', 'MESH:D006467']",6,5,1,['Drug - ChemicalSubstance - Protein - BiologicalProcess - Disease'],['Drug - chemically similar to - ChemicalSubstance - increases activity of - Protein - positively regulates - BiologicalProcess - negatively correlated with - Disease'],What gene is most mechanistically related to the indication of Drug Simoctocog alfa to Disease Hemophilia A?
1880,DB09299_MESH_D015658_1,DB:DB09299,MESH:C442442,MESH:D015658,UniProt:Q72547,Tenofovir alafenamide,Human immunodeficiency virus infection,Reverse transcriptase/RNaseH,N/A,"['MESH:C442442', 'MESH:D000068698', 'UniProt:Q72547', 'GO:0003964', 'taxonomy:12721', 'GO:0019079', 'MESH:D015658']",7,6,1,['Drug - ChemicalSubstance - Protein - BiologicalProcess - OrganismTaxon - Disease'],['Drug - has metabolite - ChemicalSubstance - decreases activity of - Protein - positively regulates - BiologicalProcess - in taxon - OrganismTaxon - causes - Disease'],What gene is most mechanistically related to the indication of Drug Tenofovir alafenamide to Disease Human immunodeficiency virus infection?
1885,DB00533_MESH_D001172_1,DB:DB00533,MESH:C116926,MESH:D001172,UniProt:P35354,Rofecoxib,Rheumatoid arthritis,Prostaglandin G/H synthase 2,PTGS2,"['MESH:C116926', 'UniProt:P35354', 'reactome:R-HSA-2162123', 'MESH:D011453', 'GO:0006954', 'HP:0002829', 'HP:0001386', 'MESH:D001172']",8,8,1,['Drug - Protein - BiologicalProcess - PhenotypicFeature - Disease'],['Drug - decreases activity of - Protein - participates in - BiologicalProcess - positively correlated with - PhenotypicFeature - positively correlated with - Disease'],What gene is most mechanistically related to the indication of Drug Rofecoxib to Disease Rheumatoid arthritis?
1886,DB00533_MESH_D010003_1,DB:DB00533,MESH:C116926,MESH:D010003,UniProt:P35354,Rofecoxib,Osteoarthritis,Prostaglandin G/H synthase 2,PTGS2,"['MESH:C116926', 'UniProt:P35354', 'reactome:R-HSA-2162123', 'MESH:D011453', 'GO:0006954', 'HP:0002829', 'HP:0001386', 'MESH:D010003']",8,8,1,['Drug - Protein - BiologicalProcess - PhenotypicFeature - Disease'],['Drug - decreases activity of - Protein - participates in - BiologicalProcess - positively correlated with - PhenotypicFeature - positively correlated with - Disease'],What gene is most mechanistically related to the indication of Drug Rofecoxib to Disease Osteoarthritis?
1887,DB00533_MESH_D008881_1,DB:DB00533,MESH:C116926,MESH:D008881,UniProt:P35354,Rofecoxib,Migraine Disorders,Prostaglandin G/H synthase 2,PTGS2,"['MESH:C116926', 'UniProt:P35354', 'reactome:R-HSA-2162123', 'MESH:D011453', 'GO:0006954', 'HP:0012531', 'MESH:D008881']",7,6,1,['Drug - Protein - BiologicalProcess - PhenotypicFeature - Disease'],['Drug - decreases activity of - Protein - participates in - BiologicalProcess - positively correlated with - PhenotypicFeature - positively correlated with - Disease'],What gene is most mechanistically related to the indication of Drug Rofecoxib to Disease Migraine Disorders?
1888,DB00533_MESH_D004412_1,DB:DB00533,MESH:C116926,MESH:D004412,UniProt:P35354,Rofecoxib,Dysmenorrhea,Prostaglandin G/H synthase 2,PTGS2,"['MESH:C116926', 'UniProt:P35354', 'reactome:R-HSA-2162123', 'MESH:D011453', 'GO:0006954', 'HP:0012531', 'MESH:D004412']",7,6,1,['Drug - Protein - BiologicalProcess - PhenotypicFeature - Disease'],['Drug - decreases activity of - Protein - participates in - BiologicalProcess - positively correlated with - PhenotypicFeature - positively correlated with - Disease'],What gene is most mechanistically related to the indication of Drug Rofecoxib to Disease Dysmenorrhea?
1889,DB00533_MESH_D001171_1,DB:DB00533,MESH:C116926,MESH:D001171,UniProt:P35354,Rofecoxib,"Arthritis, Juvenile",Prostaglandin G/H synthase 2,PTGS2,"['MESH:C116926', 'UniProt:P35354', 'reactome:R-HSA-2162123', 'MESH:D011453', 'GO:0006954', 'HP:0002829', 'HP:0001386', 'MESH:D001171']",8,8,1,['Drug - Protein - BiologicalProcess - PhenotypicFeature - Disease'],['Drug - decreases activity of - Protein - participates in - BiologicalProcess - positively correlated with - PhenotypicFeature - positively correlated with - Disease'],"What gene is most mechanistically related to the indication of Drug Rofecoxib to Disease Arthritis, Juvenile?"
1890,DB00533_MESH_D010146_1,DB:DB00533,MESH:C116926,MESH:D010146,UniProt:P35354,Rofecoxib,Pain,Prostaglandin G/H synthase 2,PTGS2,"['MESH:C116926', 'UniProt:P35354', 'reactome:R-HSA-2162123', 'MESH:D011453', 'GO:0006954', 'MESH:D010146']",6,5,1,['Drug - Protein - BiologicalProcess - Disease'],['Drug - decreases activity of - Protein - participates in - BiologicalProcess - positively correlated with - Disease'],What gene is most mechanistically related to the indication of Drug Rofecoxib to Disease Pain?
1902,DB00528_MESH_D006973_1,DB:DB00528,MESH:C060343,MESH:D006973,UniProt:Q06432,lercanidipine,Hypertension,Voltage-dependent calcium channel gamma-1 subunit,CACNG1,"['MESH:C060343', 'UniProt:Q06432', 'GO:0070509', 'GO:0044557', 'UBERON:0001981', 'GO:0008217', 'MESH:D006973']",7,6,1,['Drug - Protein - BiologicalProcess - Disease'],['Drug - decreases activity of - Protein - participates in - BiologicalProcess - positively correlated with - Disease'],What gene is most mechanistically related to the indication of Drug lercanidipine to Disease Hypertension?
1904,DB00670_MESH_D010437_1,DB:DB00670,MESH:D010890,MESH:D010437,UniProt:P11229,pirenzepine,Peptic Ulcer,Muscarinic acetylcholine receptor M1,CHRM1,"['MESH:D010890', 'UniProt:P11229', 'GO:0001699', 'MESH:D005744', 'MESH:D010437']",5,4,1,['Drug - Protein - BiologicalProcess - ChemicalSubstance - Disease'],['Drug - decreases activity of - Protein - participates in - BiologicalProcess - increases abundance of - ChemicalSubstance - contributes to - Disease'],What gene is most mechanistically related to the indication of Drug pirenzepine to Disease Peptic Ulcer?
1905,DB00709_MESH_D015658_1,DB:DB00709,MESH:D019259,MESH:D015658,UniProt:Q72547,lamivudine,Human immunodeficiency virus infection,Reverse transcriptase/RNaseH,N/A,"['MESH:D019259', 'MESH:C417268', 'UniProt:Q72547', 'GO:0003964', 'GO:0019079', 'taxonomy:11676', 'MESH:D015658']",7,6,1,['Drug - ChemicalSubstance - Protein - MolecularActivity - BiologicalProcess - OrganismTaxon - Disease'],['Drug - increases abundance of - ChemicalSubstance - decreases activity of - Protein - positively regulates - MolecularActivity - positively correlated with - BiologicalProcess - in taxon - OrganismTaxon - causes - Disease'],What gene is most mechanistically related to the indication of Drug lamivudine to Disease Human immunodeficiency virus infection?
1906,DB00709_MESH_D019694_1,DB:DB00709,MESH:D019259,MESH:D019694,UniProt:Q05486,lamivudine,Chronic type B viral hepatitis,Protein P,N/A,"['MESH:D019259', 'MESH:C417268', 'UniProt:Q05486', 'GO:0003964', 'GO:0019079', 'taxonomy:10407', 'MESH:D019694']",7,6,1,['Drug - ChemicalSubstance - Protein - MolecularActivity - BiologicalProcess - OrganismTaxon - Disease'],['Drug - increases abundance of - ChemicalSubstance - decreases activity of - Protein - positively regulates - MolecularActivity - positively correlated with - BiologicalProcess - in taxon - OrganismTaxon - causes - Disease'],What gene is most mechanistically related to the indication of Drug lamivudine to Disease Chronic type B viral hepatitis?
1907,DB01069_MESH_D003233_1,DB:DB01069,MESH:D011398,MESH:D003233,UniProt:P35367,promethazine,Allergic conjunctivitis,Histamine H1 receptor,HRH1,"['MESH:D011398', 'UniProt:P35367', 'GO:0004969', 'GO:0071420', 'GO:0006954', 'MESH:D003233']",6,5,1,['Drug - Protein - MolecularActivity - BiologicalProcess - Disease'],['Drug - decreases activity of - Protein - positively regulates - MolecularActivity - participates in - BiologicalProcess - causes - Disease'],What gene is most mechanistically related to the indication of Drug promethazine to Disease Allergic conjunctivitis?
1908,DB01069_MESH_D006255_1,DB:DB01069,MESH:D011398,MESH:D006255,UniProt:P35367,promethazine,"Rhinitis, Allergic, Seasonal",Histamine H1 receptor,HRH1,"['MESH:D011398', 'UniProt:P35367', 'GO:0004969', 'GO:0071420', 'GO:0006954', 'MESH:D006255']",6,5,1,['Drug - Protein - MolecularActivity - BiologicalProcess - Disease'],['Drug - decreases activity of - Protein - positively regulates - MolecularActivity - participates in - BiologicalProcess - causes - Disease'],"What gene is most mechanistically related to the indication of Drug promethazine to Disease Rhinitis, Allergic, Seasonal?"
1909,DB01069_MESH_D012223_1,DB:DB01069,MESH:D011398,MESH:D012223,UniProt:P35367,promethazine,"Rhinitis, Vasomotor",Histamine H1 receptor,HRH1,"['MESH:D011398', 'UniProt:P35367', 'GO:0004969', 'GO:0071420', 'GO:0006954', 'MESH:D012223']",6,5,1,['Drug - Protein - MolecularActivity - BiologicalProcess - Disease'],['Drug - decreases activity of - Protein - positively regulates - MolecularActivity - participates in - BiologicalProcess - causes - Disease'],"What gene is most mechanistically related to the indication of Drug promethazine to Disease Rhinitis, Vasomotor?"
1910,DB01069_MESH_D014581_1,DB:DB01069,MESH:D011398,MESH:D014581,UniProt:P35367,promethazine,Urticaria,Histamine H1 receptor,HRH1,"['MESH:D011398', 'UniProt:P35367', 'GO:0004969', 'GO:0071420', 'GO:0006954', 'MESH:D014581']",6,5,1,['Drug - Protein - MolecularActivity - BiologicalProcess - Disease'],['Drug - decreases activity of - Protein - positively regulates - MolecularActivity - participates in - BiologicalProcess - causes - Disease'],What gene is most mechanistically related to the indication of Drug promethazine to Disease Urticaria?
1911,DB01104_MESH_D003866_1,DB:DB01104,MESH:D020280,MESH:D003866,UniProt:P31645,sertraline,Depressive disorder,Sodium-dependent serotonin transporter,SLC6A4,"['MESH:D020280', 'UniProt:P31645', 'GO:0051610', 'GO:0043083', 'MESH:D003866']",5,4,1,['Drug - Protein - BiologicalProcess - CellularComponent - Disease'],['Drug - decreases activity of - Protein - negatively regulates - BiologicalProcess - located in - CellularComponent - correlated with - Disease'],What gene is most mechanistically related to the indication of Drug sertraline to Disease Depressive disorder?
1912,DB01104_MESH_D000072861_1,DB:DB01104,MESH:D020280,MESH:D000072861,UniProt:P31645,sertraline,Social phobia,Sodium-dependent serotonin transporter,SLC6A4,"['MESH:D020280', 'UniProt:P31645', 'GO:0051610', 'GO:0043083', 'MESH:D000072861']",5,4,1,['Drug - Protein - BiologicalProcess - CellularComponent - Disease'],['Drug - decreases activity of - Protein - negatively regulates - BiologicalProcess - located in - CellularComponent - correlated with - Disease'],What gene is most mechanistically related to the indication of Drug sertraline to Disease Social phobia?
1913,DB01104_MESH_D065446_1,DB:DB01104,MESH:D020280,MESH:D065446,UniProt:P31645,sertraline,Premenstrual dysphoric disorder,Sodium-dependent serotonin transporter,SLC6A4,"['MESH:D020280', 'UniProt:P31645', 'GO:0051610', 'GO:0043083', 'MESH:D065446']",5,4,1,['Drug - Protein - BiologicalProcess - CellularComponent - Disease'],['Drug - decreases activity of - Protein - negatively regulates - BiologicalProcess - located in - CellularComponent - correlated with - Disease'],What gene is most mechanistically related to the indication of Drug sertraline to Disease Premenstrual dysphoric disorder?
1914,DB01104_MESH_D009771_1,DB:DB01104,MESH:D020280,MESH:D009771,UniProt:P31645,sertraline,Obsessive-compulsive disorder,Sodium-dependent serotonin transporter,SLC6A4,"['MESH:D020280', 'UniProt:P31645', 'GO:0051610', 'GO:0043083', 'MESH:D009771']",5,4,1,['Drug - Protein - BiologicalProcess - CellularComponent - Disease'],['Drug - decreases activity of - Protein - negatively regulates - BiologicalProcess - located in - CellularComponent - correlated with - Disease'],What gene is most mechanistically related to the indication of Drug sertraline to Disease Obsessive-compulsive disorder?
1915,DB01104_MESH_D013313_1,DB:DB01104,MESH:D020280,MESH:D013313,UniProt:P31645,sertraline,Posttraumatic stress disorder,Sodium-dependent serotonin transporter,SLC6A4,"['MESH:D020280', 'UniProt:P31645', 'GO:0051610', 'GO:0043083', 'MESH:D013313']",5,4,1,['Drug - Protein - BiologicalProcess - CellularComponent - Disease'],['Drug - decreases activity of - Protein - negatively regulates - BiologicalProcess - located in - CellularComponent - correlated with - Disease'],What gene is most mechanistically related to the indication of Drug sertraline to Disease Posttraumatic stress disorder?
1916,DB01104_MESH_D016584_1,DB:DB01104,MESH:D020280,MESH:D016584,UniProt:P31645,sertraline,Panic Disorder,Sodium-dependent serotonin transporter,SLC6A4,"['MESH:D020280', 'UniProt:P31645', 'GO:0051610', 'GO:0043083', 'MESH:D016584']",5,4,1,['Drug - Protein - BiologicalProcess - CellularComponent - Disease'],['Drug - decreases activity of - Protein - negatively regulates - BiologicalProcess - located in - CellularComponent - correlated with - Disease'],What gene is most mechanistically related to the indication of Drug sertraline to Disease Panic Disorder?
1919,DB04868_MESH_D015466_1,DB:DB04868,MESH:C498826,MESH:D015466,UniProt:P00519,nilotinib,Chronic phase chronic myeloid leukemia,Tyrosine-protein kinase ABL1,ABL1,"['MESH:C498826', 'UniProt:P00519', 'MESH:D016044', 'GO:0004674', 'GO:0007266', 'GO:0008283', 'GO:0006915', 'MESH:D015466']",8,8,1,['Drug - Protein - MolecularActivity - BiologicalProcess - Disease'],['Drug - decreases activity of - Protein - positively regulates - MolecularActivity - positively correlated with - BiologicalProcess - negatively correlated with - Disease'],What gene is most mechanistically related to the indication of Drug nilotinib to Disease Chronic phase chronic myeloid leukemia?
1923,DB09198_MESH_D003924_1,DB:DB09198,MESH:C546215,MESH:D003924,UniProt:P37231,lobeglitazone,"Diabetes Mellitus, Type 2",Peroxisome proliferator-activated receptor gamma,PPARG,"['MESH:C546215', 'UniProt:P37231', 'GO:0032869', 'GO:0001951', 'MESH:D001786', 'MESH:D003924']",6,5,1,['Drug - Protein - BiologicalProcess - ChemicalSubstance - Disease'],['Drug - increases activity of - Protein - positively regulates - BiologicalProcess - decreases abundance of - ChemicalSubstance - correlated with - Disease'],"What gene is most mechanistically related to the indication of Drug lobeglitazone to Disease Diabetes Mellitus, Type 2?"
1924,DB00191_MESH_D007022_1,DB:DB00191,MESH:D010645,MESH:D007022,UniProt:P23975,Phentermine,Low blood pressure,Sodium-dependent noradrenaline transporter,SLC6A2,"['MESH:D010645', 'UniProt:P23975', 'GO:0051620', 'MESH:D009638', 'GO:0004936', 'GO:0042310', 'MESH:D007022']",7,6,1,['Drug - Protein - BiologicalProcess - Disease'],['Drug - decreases activity of - Protein - participates in - BiologicalProcess - negatively correlated with - Disease'],What gene is most mechanistically related to the indication of Drug Phentermine to Disease Low blood pressure?
1930,DB06674_MESH_D003093_1,DB:DB06674,MESH:C529000,MESH:D003093,UniProt:P01375,Golimumab,"Colitis, Ulcerative",Tumor necrosis factor,TNF,"['MESH:C529000', 'UniProt:P01375', 'reactome:R-HSA-75893', 'GO:0006954', 'MESH:D003093']",5,4,1,['Drug - Protein - Pathway - BiologicalProcess - Disease'],['Drug - decreases activity of - Protein - participates in - Pathway - positively regulates - BiologicalProcess - causes - Disease'],"What gene is most mechanistically related to the indication of Drug Golimumab to Disease Colitis, Ulcerative?"
1931,DB06674_MESH_D015535_1,DB:DB06674,MESH:C529000,MESH:D015535,UniProt:P01375,Golimumab,Psoriasis with arthropathy,Tumor necrosis factor,TNF,"['MESH:C529000', 'UniProt:P01375', 'reactome:R-HSA-75893', 'GO:0006954', 'MESH:D015535']",5,4,1,['Drug - Protein - Pathway - BiologicalProcess - Disease'],['Drug - decreases activity of - Protein - participates in - Pathway - positively regulates - BiologicalProcess - causes - Disease'],What gene is most mechanistically related to the indication of Drug Golimumab to Disease Psoriasis with arthropathy?
1933,DB06674_MESH_D013167_1,DB:DB06674,MESH:C529000,MESH:D013167,UniProt:P01375,Golimumab,Ankylosing spondylitis,Tumor necrosis factor,TNF,"['MESH:C529000', 'UniProt:P01375', 'reactome:R-HSA-75893', 'GO:0006954', 'MESH:D013167']",5,4,1,['Drug - Protein - Pathway - BiologicalProcess - Disease'],['Drug - decreases activity of - Protein - participates in - Pathway - positively regulates - BiologicalProcess - causes - Disease'],What gene is most mechanistically related to the indication of Drug Golimumab to Disease Ankylosing spondylitis?
1934,DB07565_MESH_D012480_1,DB:DB07565,MESH:C026016,MESH:D012480,UniProt:Q8XET6,Chloramphenicol succinate,Salmonella infection,50S ribosomal protein L16,N/A,"['MESH:C026016', 'MESH:D002701', 'UniProt:Q8XET6', 'GO:0006412', 'taxonomy:590', 'MESH:D012480']",6,5,1,['Drug - ChemicalSubstance - Protein - BiologicalProcess - OrganismTaxon - Disease'],['Drug - has metabolite - ChemicalSubstance - decreases activity of - Protein - positively regulates - BiologicalProcess - in taxon - OrganismTaxon - causes - Disease'],What gene is most mechanistically related to the indication of Drug Chloramphenicol succinate to Disease Salmonella infection?
1935,DB07565_MESH_D014435_2,DB:DB07565,MESH:C026016,MESH:D014435,UniProt:Q8XET6,Chloramphenicol succinate,Typhoid fever,50S ribosomal protein L16,N/A,"['MESH:C026016', 'MESH:D002701', 'UniProt:Q8XET6', 'GO:0006412', 'taxonomy:90370', 'MESH:D014435']",6,5,1,['Drug - ChemicalSubstance - Protein - BiologicalProcess - OrganismTaxon - Disease'],['Drug - has metabolite - ChemicalSubstance - decreases activity of - Protein - positively regulates - BiologicalProcess - in taxon - OrganismTaxon - causes - Disease'],What gene is most mechanistically related to the indication of Drug Chloramphenicol succinate to Disease Typhoid fever?
1938,DB09026_MESH_D006973_1,DB:DB09026,MESH:C446481,MESH:D006973,UniProt:P00797,Aliskiren,Hypertension,Renin,REN,"['MESH:C446481', 'UniProt:P00797', 'MESH:D000803', 'MESH:D000804', 'GO:0042310', 'GO:0070294', 'GO:0003092', 'GO:0045777', 'MESH:D006973']",9,9,1,['Drug - Protein - ChemicalSubstance - BiologicalProcess - Disease'],['Drug - decreases activity of - Protein - positively regulates - ChemicalSubstance - positively regulates - BiologicalProcess - affects risk for - Disease'],What gene is most mechanistically related to the indication of Drug Aliskiren to Disease Hypertension?
1946,DB11714_MESH_D002295_1,DB:DB11714,DB:DB11714,MESH:D002295,UniProt:Q9NZQ7,Durvalumab,Transitional cell carcinoma,Programmed cell death 1 ligand 1,CD274,"['DB:DB11714', 'UniProt:Q9NZQ7', 'GO:0042098', 'GO:0042110', 'GO:0002424', 'MESH:D002295']",6,6,1,['Drug - Protein - BiologicalProcess - Disease'],['Drug - decreases activity of - Protein - negatively regulates - BiologicalProcess - negatively correlated with - Disease'],What gene is most mechanistically related to the indication of Drug Durvalumab to Disease Transitional cell carcinoma?
1950,DB00582_MESH_D058387_1,DB:DB00582,MESH:D065819,MESH:D058387,UniProt:P10613,voriconazole,Candidemia,Lanosterol 14-alpha-demethylase,N/A,"['MESH:D065819', 'UniProt:P10613', 'GO:0006696', 'GO:0030445', 'taxonomy:237561', 'MESH:D058387']",6,5,1,['Drug - Protein - BiologicalProcess - CellularComponent - OrganismTaxon - Disease'],['Drug - negatively regulates - Protein - positively regulates - BiologicalProcess - positively correlated with - CellularComponent - in taxon - OrganismTaxon - causes - Disease'],What gene is most mechanistically related to the indication of Drug voriconazole to Disease Candidemia?
1952,DB00582_MESH_C536777_1,DB:DB00582,MESH:D065819,MESH:C536777,UniProt:P10613,voriconazole,Systemic candidiasis,Lanosterol 14-alpha-demethylase,N/A,"['MESH:D065819', 'UniProt:P10613', 'GO:0006696', 'GO:0030445', 'taxonomy:237561', 'MESH:C536777']",6,5,1,['Drug - Protein - BiologicalProcess - CellularComponent - OrganismTaxon - Disease'],['Drug - negatively regulates - Protein - positively regulates - BiologicalProcess - positively correlated with - CellularComponent - in taxon - OrganismTaxon - causes - Disease'],What gene is most mechanistically related to the indication of Drug voriconazole to Disease Systemic candidiasis?
1956,DB01240_MESH_D006976_1,DB:DB01240,MESH:D011464,MESH:D006976,UniProt:P43119,epoprostenol,Pulmonary hypertension,Prostacyclin receptor,PTGIR,"['MESH:D011464', 'UniProt:P43119', 'GO:0016501', 'GO:0042311', 'HP:0032263', 'MESH:D006976']",6,5,1,['Drug - Protein - MolecularActivity - BiologicalProcess - PhenotypicFeature - Disease'],['Drug - positively correlated with - Protein - positively regulates - MolecularActivity - positively regulates - BiologicalProcess - negatively correlated with - PhenotypicFeature - manifestation of - Disease'],What gene is most mechanistically related to the indication of Drug epoprostenol to Disease Pulmonary hypertension?
1957,DB01240_MESH_D003371_1,DB:DB01240,MESH:D011464,MESH:D003371,UniProt:P43119,epoprostenol,Cough,Prostacyclin receptor,PTGIR,"['MESH:D011464', 'UniProt:P43119', 'GO:0016501', 'GO:0042311', 'MESH:D003371']",5,4,1,['Drug - Protein - MolecularActivity - BiologicalProcess - Disease'],['Drug - positively correlated with - Protein - positively regulates - MolecularActivity - positively regulates - BiologicalProcess - negatively correlated with - Disease'],What gene is most mechanistically related to the indication of Drug epoprostenol to Disease Cough?
1958,DB01240_MESH_D000081029_1,DB:DB01240,MESH:D011464,MESH:D000081029,UniProt:P43119,epoprostenol,Pulmonary arterial hypertension,Prostacyclin receptor,PTGIR,"['MESH:D011464', 'UniProt:P43119', 'GO:0016501', 'GO:0042311', 'HP:0032263', 'MESH:D000081029']",6,5,1,['Drug - Protein - MolecularActivity - BiologicalProcess - PhenotypicFeature - Disease'],['Drug - positively correlated with - Protein - positively regulates - MolecularActivity - positively regulates - BiologicalProcess - negatively correlated with - PhenotypicFeature - manifestation of - Disease'],What gene is most mechanistically related to the indication of Drug epoprostenol to Disease Pulmonary arterial hypertension?
1959,DB01240_MESH_D065631_1,DB:DB01240,MESH:D011464,MESH:D065631,UniProt:P43119,epoprostenol,Allergic rhinitis,Prostacyclin receptor,PTGIR,"['MESH:D011464', 'UniProt:P43119', 'GO:0006954', 'MESH:D065631']",4,3,1,['Drug - Protein - BiologicalProcess - Disease'],['Drug - positively correlated with - Protein - negatively correlated with - BiologicalProcess - positively correlated with - Disease'],What gene is most mechanistically related to the indication of Drug epoprostenol to Disease Allergic rhinitis?
1960,DB01240_MESH_D012220_1,DB:DB01240,MESH:D011464,MESH:D012220,UniProt:P43119,epoprostenol,Rhinitis,Prostacyclin receptor,PTGIR,"['MESH:D011464', 'UniProt:P43119', 'GO:0006954', 'MESH:D012220']",4,3,1,['Drug - Protein - BiologicalProcess - Disease'],['Drug - positively correlated with - Protein - negatively correlated with - BiologicalProcess - positively correlated with - Disease'],What gene is most mechanistically related to the indication of Drug epoprostenol to Disease Rhinitis?
1961,DB01240_MESH_D003139_1,DB:DB01240,MESH:D011464,MESH:D003139,UniProt:P43119,epoprostenol,Common Cold,Prostacyclin receptor,PTGIR,"['MESH:D011464', 'UniProt:P43119', 'GO:0006954', 'MESH:D003139']",4,3,1,['Drug - Protein - BiologicalProcess - Disease'],['Drug - positively correlated with - Protein - negatively correlated with - BiologicalProcess - positively correlated with - Disease'],What gene is most mechanistically related to the indication of Drug epoprostenol to Disease Common Cold?
1964,DB05295_MESH_D010024_1,DB:DB05295,MESH:C547512,MESH:D010024,UniProt:P11473,eldecalcitol,Osteoporosis,Vitamin D3 receptor,VDR,"['MESH:C547512', 'UniProt:P11473', 'GO:0070509', 'HP:0002901', 'MESH:D010024']",5,4,1,['Drug - Protein - BiologicalProcess - PhenotypicFeature - Disease'],['Drug - increases activity of - Protein - positively regulates - BiologicalProcess - negatively correlated with - PhenotypicFeature - positively correlated with - Disease'],What gene is most mechanistically related to the indication of Drug eldecalcitol to Disease Osteoporosis?
1970,DB00429_MESH_D006473_1,DB:DB00429,MESH:C062843,MESH:D006473,UniProt:P34995,carboprost tromethamine,Postpartum hemorrhage,Prostaglandin E2 receptor EP1 subtype,PTGER1,"['MESH:C062843', 'UniProt:P34995', 'GO:0070471', 'GO:0042310', 'MESH:D006473']",5,4,1,['Drug - Protein - BiologicalProcess - Disease'],['Drug - increases activity of - Protein - positively regulates - BiologicalProcess - negatively correlated with - Disease'],What gene is most mechanistically related to the indication of Drug carboprost tromethamine to Disease Postpartum hemorrhage?
1977,DB01075_MESH_D012223_1,DB:DB01075,MESH:D004155,MESH:D012223,UniProt:P35367,Diphenhydramine,"Rhinitis, Vasomotor",Histamine H1 receptor,HRH1,"['MESH:D004155', 'UniProt:P35367', 'GO:0071420', 'MESH:D006632', 'GO:0006954', 'MESH:D012223']",6,5,1,['Drug - Protein - BiologicalProcess - Disease'],['Drug - decreases activity of - Protein - positively regulates - BiologicalProcess - contributes to - Disease'],"What gene is most mechanistically related to the indication of Drug Diphenhydramine to Disease Rhinitis, Vasomotor?"
1978,DB01075_MESH_D006255_1,DB:DB01075,MESH:D004155,MESH:D006255,UniProt:P35367,Diphenhydramine,"Rhinitis, Allergic, Seasonal",Histamine H1 receptor,HRH1,"['MESH:D004155', 'UniProt:P35367', 'GO:0071420', 'MESH:D006632', 'MESH:D006969', 'MESH:D006255']",6,5,1,['Drug - Protein - BiologicalProcess - ChemicalSubstance - Disease'],['Drug - decreases activity of - Protein - positively regulates - BiologicalProcess - positively correlated with - ChemicalSubstance - participates in - Disease'],"What gene is most mechanistically related to the indication of Drug Diphenhydramine to Disease Rhinitis, Allergic, Seasonal?"
1979,DB01075_MESH_D003233_1,DB:DB01075,MESH:D004155,MESH:D003233,UniProt:P35367,Diphenhydramine,Allergic conjunctivitis,Histamine H1 receptor,HRH1,"['MESH:D004155', 'UniProt:P35367', 'GO:0071420', 'MESH:D006632', 'MESH:D006969', 'MESH:D003233']",6,5,1,['Drug - Protein - BiologicalProcess - ChemicalSubstance - Disease'],['Drug - decreases activity of - Protein - positively regulates - BiologicalProcess - positively correlated with - ChemicalSubstance - participates in - Disease'],What gene is most mechanistically related to the indication of Drug Diphenhydramine to Disease Allergic conjunctivitis?
1987,DB06612_MESH_D011657_1,DB:DB06612,MESH:C434107,MESH:D011657,UniProt:P05113,mepolizumab,Löffler's syndrome,Interleukin-5,IL5,"['MESH:C434107', 'UniProt:P05113', 'GO:0043307', 'GO:0072677', 'GO:0030222', 'GO:0006954', 'HP:0100699', 'MESH:D011657']",8,9,1,['Drug - Protein - BiologicalProcess - PhenotypicFeature - Disease'],['Drug - decreases activity of - Protein - positively regulates - BiologicalProcess - positively correlated with - PhenotypicFeature - occurs in - Disease'],What gene is most mechanistically related to the indication of Drug mepolizumab to Disease Löffler's syndrome?
2003,DB00782_MESH_D010437_1,DB:DB00782,MESH:D011413,MESH:D010437,UniProt:P20309,Propantheline,Peptic Ulcer,Muscarinic acetylcholine receptor M3,CHRM3,"['MESH:D011413', 'UniProt:P20309', 'GO:0001699', 'MESH:D005744', 'MESH:D010437']",5,4,1,['Drug - Protein - BiologicalProcess - ChemicalSubstance - Disease'],['Drug - decreases activity of - Protein - participates in - BiologicalProcess - increases abundance of - ChemicalSubstance - contributes to - Disease'],What gene is most mechanistically related to the indication of Drug Propantheline to Disease Peptic Ulcer?
2004,DB00864_MESH_D003876_1,DB:DB00864,MESH:D016559,MESH:D003876,UniProt:P62942,Tacrolimus,Atopic dermatitis,Peptidyl-prolyl cis-trans isomerase FKBP1A,FKBP1A,"['MESH:D016559', 'UniProt:P62942', 'GO:0005955', 'GO:0005528', 'GO:0032623', 'GO:0006954', 'GO:0042098', 'GO:0042110', 'MESH:D003876']",9,9,1,['Drug - Protein - MolecularActivity - CellularComponent - BiologicalProcess - Disease'],['Drug - decreases activity of - Protein - participates in - MolecularActivity - negatively regulates - CellularComponent - positively regulates - BiologicalProcess - positively correlated with - Disease'],What gene is most mechanistically related to the indication of Drug Tacrolimus to Disease Atopic dermatitis?
2017,DB09555_MESH_D003233_1,DB:DB09555,MESH:C018904,MESH:D003233,UniProt:P35367,Dexchlorpheniramine,Allergic conjunctivitis,Histamine H1 receptor,HRH1,"['MESH:C018904', 'UniProt:P35367', 'MESH:D006632', 'UBERON:0035501', 'GO:0070075', 'MESH:D003233']",6,5,1,['Drug - Protein - ChemicalSubstance - GrossAnatomicalStructure - BiologicalProcess - Disease'],['Drug - decreases activity of - Protein - positively correlated with - ChemicalSubstance - positively regulates - GrossAnatomicalStructure - positively regulates - BiologicalProcess - manifestation of - Disease'],What gene is most mechanistically related to the indication of Drug Dexchlorpheniramine to Disease Allergic conjunctivitis?
2018,DB09555_MESH_D065631_1,DB:DB09555,MESH:C018904,MESH:D065631,UniProt:P35367,Dexchlorpheniramine,Allergic rhinitis,Histamine H1 receptor,HRH1,"['MESH:C018904', 'UniProt:P35367', 'GO:0004969', 'GO:0071420', 'GO:0006954', 'MESH:D065631']",6,5,1,['Drug - Protein - MolecularActivity - BiologicalProcess - Disease'],['Drug - decreases activity of - Protein - participates in - MolecularActivity - participates in - BiologicalProcess - causes - Disease'],What gene is most mechanistically related to the indication of Drug Dexchlorpheniramine to Disease Allergic rhinitis?
2019,DB09555_MESH_D012223_1,DB:DB09555,MESH:C018904,MESH:D012223,UniProt:P35367,Dexchlorpheniramine,"Rhinitis, Vasomotor",Histamine H1 receptor,HRH1,"['MESH:C018904', 'UniProt:P35367', 'GO:0004969', 'GO:0071420', 'GO:0006954', 'MESH:D012223']",6,5,1,['Drug - Protein - MolecularActivity - BiologicalProcess - Disease'],['Drug - decreases activity of - Protein - participates in - MolecularActivity - participates in - BiologicalProcess - causes - Disease'],"What gene is most mechanistically related to the indication of Drug Dexchlorpheniramine to Disease Rhinitis, Vasomotor?"
2020,DB09555_MESH_D014581_1,DB:DB09555,MESH:C018904,MESH:D014581,UniProt:P35367,Dexchlorpheniramine,Urticaria,Histamine H1 receptor,HRH1,"['MESH:C018904', 'UniProt:P35367', 'MESH:D006632', 'GO:0043116', 'MESH:D014581']",5,4,1,['Drug - Protein - ChemicalSubstance - BiologicalProcess - Disease'],['Drug - decreases activity of - Protein - positively correlated with - ChemicalSubstance - positively regulates - BiologicalProcess - correlated with - Disease'],What gene is most mechanistically related to the indication of Drug Dexchlorpheniramine to Disease Urticaria?
2021,DB09555_MESH_D006255_1,DB:DB09555,MESH:C018904,MESH:D006255,UniProt:P35367,Dexchlorpheniramine,"Rhinitis, Allergic, Seasonal",Histamine H1 receptor,HRH1,"['MESH:C018904', 'UniProt:P35367', 'GO:0004969', 'GO:0071420', 'GO:0006954', 'HP:0031417', 'MESH:D006255']",7,6,1,['Drug - Protein - MolecularActivity - BiologicalProcess - PhenotypicFeature - Disease'],['Drug - decreases activity of - Protein - participates in - MolecularActivity - participates in - BiologicalProcess - has phenotype - PhenotypicFeature - manifestation of - Disease'],"What gene is most mechanistically related to the indication of Drug Dexchlorpheniramine to Disease Rhinitis, Allergic, Seasonal?"
2022,DB00196_MESH_D002180_1,DB:DB00196,MESH:D015725,MESH:D002180,UniProt:P10613,Fluconazole,"Candidiasis, Oral",Lanosterol 14-alpha-demethylase,N/A,"['MESH:D015725', 'UniProt:P10613', 'GO:0006696', 'GO:0042546', 'taxonomy:5476', 'MESH:D002180']",6,5,1,['Drug - Protein - BiologicalProcess - OrganismTaxon - Disease'],['Drug - decreases activity of - Protein - positively regulates - BiologicalProcess - occurs in - OrganismTaxon - causes - Disease'],"What gene is most mechanistically related to the indication of Drug Fluconazole to Disease Candidiasis, Oral?"
2023,DB00196_MESH_D058387_1,DB:DB00196,MESH:D015725,MESH:D058387,UniProt:P10613,Fluconazole,Candidemia,Lanosterol 14-alpha-demethylase,N/A,"['MESH:D015725', 'UniProt:P10613', 'GO:0006696', 'GO:0042546', 'taxonomy:1535326', 'MESH:D058387']",6,5,1,['Drug - Protein - BiologicalProcess - OrganismTaxon - Disease'],['Drug - decreases activity of - Protein - positively regulates - BiologicalProcess - occurs in - OrganismTaxon - causes - Disease'],What gene is most mechanistically related to the indication of Drug Fluconazole to Disease Candidemia?
2024,DB00196_MESH_D016919_1,DB:DB00196,MESH:D015725,MESH:D016919,UniProt:P10613,Fluconazole,Cryptococcal meningitis,Lanosterol 14-alpha-demethylase,N/A,"['MESH:D015725', 'UniProt:P10613', 'GO:0006696', 'GO:0042546', 'taxonomy:5206', 'MESH:D016919']",6,5,1,['Drug - Protein - BiologicalProcess - OrganismTaxon - Disease'],['Drug - decreases activity of - Protein - positively regulates - BiologicalProcess - occurs in - OrganismTaxon - causes - Disease'],What gene is most mechanistically related to the indication of Drug Fluconazole to Disease Cryptococcal meningitis?
2025,DB00196_MESH_C536777_1,DB:DB00196,MESH:D015725,MESH:C536777,UniProt:P10613,Fluconazole,Systemic candidiasis,Lanosterol 14-alpha-demethylase,N/A,"['MESH:D015725', 'UniProt:P10613', 'GO:0006696', 'GO:0042546', 'taxonomy:1535326', 'MESH:C536777']",6,5,1,['Drug - Protein - BiologicalProcess - OrganismTaxon - Disease'],['Drug - decreases activity of - Protein - positively regulates - BiologicalProcess - occurs in - OrganismTaxon - causes - Disease'],What gene is most mechanistically related to the indication of Drug Fluconazole to Disease Systemic candidiasis?
2026,DB00196_MESH_D002181_1,DB:DB00196,MESH:D015725,MESH:D002181,UniProt:P10613,Fluconazole,"Candidiasis, Vulvovaginal",Lanosterol 14-alpha-demethylase,N/A,"['MESH:D015725', 'UniProt:P10613', 'GO:0006696', 'GO:0042546', 'taxonomy:1535326', 'MESH:D002181']",6,5,1,['Drug - Protein - BiologicalProcess - OrganismTaxon - Disease'],['Drug - decreases activity of - Protein - positively regulates - BiologicalProcess - occurs in - OrganismTaxon - causes - Disease'],"What gene is most mechanistically related to the indication of Drug Fluconazole to Disease Candidiasis, Vulvovaginal?"
2027,DB00232_MESH_D006973_1,DB:DB00232,MESH:D008736,MESH:D006973,UniProt:P55017,Methylclothiazide,Hypertension,Solute carrier family 12 member 3,SLC12A3,"['MESH:D008736', 'UniProt:P55017', 'GO:0070294', 'GO:0003092', 'HP:0011104', 'GO:0045777', 'MESH:D006973']",7,6,1,['Drug - Protein - BiologicalProcess - Disease'],['Drug - decreases activity of - Protein - participates in - BiologicalProcess - affects risk for - Disease'],What gene is most mechanistically related to the indication of Drug Methylclothiazide to Disease Hypertension?
2029,DB00232_MESH_D004487_1,DB:DB00232,MESH:D008736,MESH:D004487,UniProt:P55017,Methylclothiazide,Edema,Solute carrier family 12 member 3,SLC12A3,"['MESH:D008736', 'UniProt:P55017', 'GO:0070294', 'GO:0003092', 'HP:0011104', 'MESH:D004487']",6,5,1,['Drug - Protein - BiologicalProcess - PhenotypicFeature - Disease'],['Drug - decreases activity of - Protein - participates in - BiologicalProcess - contributes to - PhenotypicFeature - causes - Disease'],What gene is most mechanistically related to the indication of Drug Methylclothiazide to Disease Edema?
2035,DB00796_MESH_D006973_1,DB:DB00796,DB:DB00796,MESH:D006973,UniProt:P30556,Candesartan cilexetil,Hypertension,Type-1 angiotensin II receptor,AGTR1,"['DB:DB00796', 'UniProt:P30556', 'MESH:D000804', 'MESH:D014661', 'GO:0045777', 'MESH:D006973']",6,5,1,['Drug - Protein - ChemicalSubstance - Disease'],['Drug - negatively regulates - Protein - positively correlated with - ChemicalSubstance - positively regulates - Disease'],What gene is most mechanistically related to the indication of Drug Candesartan cilexetil to Disease Hypertension?
2036,DB09072_MESH_D009290_1,DB:DB09072,MESH:D012978,MESH:D009290,UniProt:Q9UBS5,Sodium oxybate,Narcolepsy,Gamma-aminobutyric acid type B receptor subunit 1,GABBR1,"['MESH:D012978', 'GO:0016917', 'UniProt:Q9UBS5', 'MESH:D009290']",4,3,1,['Drug - Protein - MolecularActivity - Disease'],['Drug - increases activity of - Protein - participates in - MolecularActivity - treats - Disease'],What gene is most mechanistically related to the indication of Drug Sodium oxybate to Disease Narcolepsy?
2038,DB06413_MESH_D009290_1,DB:DB06413,MESH:C579652,MESH:D009290,UniProt:Q01959,Armodafinil,Narcolepsy,Sodium-dependent dopamine transporter,SLC6A3,"['MESH:C579652', 'UniProt:Q01959', 'GO:0090494', 'MESH:D004298', 'GO:0042746', 'MESH:D009290']",6,5,1,['Drug - Protein - BiologicalProcess - Disease'],['Drug - decreases activity of - Protein - positively regulates - BiologicalProcess - negatively correlated with - Disease'],What gene is most mechanistically related to the indication of Drug Armodafinil to Disease Narcolepsy?
2048,DB00787_MESH_D002644_1,DB:DB00787,MESH:D000212,MESH:D002644,UniProt:P09252,Acyclovir,Varicella,DNA polymerase catalytic subunit,N/A,"['MESH:D000212', 'UniProt:P09252', 'GO:0039693', 'taxonomy:10335', 'MESH:D002644']",5,4,1,['Drug - Protein - BiologicalProcess - OrganismTaxon - Disease'],['Drug - negatively regulates - Protein - positively regulates - BiologicalProcess - in taxon - OrganismTaxon - causes - Disease'],What gene is most mechanistically related to the indication of Drug Acyclovir to Disease Varicella?
2052,DB00787_MESH_D006562_1,DB:DB00787,MESH:D000212,MESH:D006562,UniProt:P09252,Acyclovir,Herpes zoster,DNA polymerase catalytic subunit,N/A,"['MESH:D000212', 'UniProt:P09252', 'GO:0039693', 'taxonomy:10335', 'MESH:D006562']",5,4,1,['Drug - Protein - BiologicalProcess - OrganismTaxon - Disease'],['Drug - negatively regulates - Protein - positively regulates - BiologicalProcess - in taxon - OrganismTaxon - causes - Disease'],What gene is most mechanistically related to the indication of Drug Acyclovir to Disease Herpes zoster?
2069,DB00240_MESH_D001172_1,DB:DB00240,MESH:D000069283,MESH:D001172,UniProt:P11836,rituximab,Rheumatoid arthritis,B-lymphocyte antigen CD20,MS4A1,"['MESH:D000069283', 'UniProt:P11836', 'GO:0006959', 'GO:0001788', 'GO:0097278', 'MESH:D001172']",6,6,1,['Drug - Protein - BiologicalProcess - Disease'],['Drug - molecularly interacts with - Protein - regulates - BiologicalProcess - negatively correlated with - Disease'],What gene is most mechanistically related to the indication of Drug rituximab to Disease Rheumatoid arthritis?
2070,DB00240_MESH_D008228_1,DB:DB00240,MESH:D000069283,MESH:D008228,UniProt:P11836,rituximab,Non-Hodgkin's lymphoma,B-lymphocyte antigen CD20,MS4A1,"['MESH:D000069283', 'UniProt:P11836', 'GO:0006959', 'GO:0001788', 'GO:0097278', 'MESH:D008228']",6,6,1,['Drug - Protein - BiologicalProcess - Disease'],['Drug - molecularly interacts with - Protein - regulates - BiologicalProcess - negatively correlated with - Disease'],What gene is most mechanistically related to the indication of Drug rituximab to Disease Non-Hodgkin's lymphoma?
2071,DB00240_MESH_D015451_1,DB:DB00240,MESH:D000069283,MESH:D015451,UniProt:P11836,rituximab,"Leukemia, Lymphocytic, Chronic, B-Cell",B-lymphocyte antigen CD20,MS4A1,"['MESH:D000069283', 'UniProt:P11836', 'GO:0006959', 'GO:0001788', 'GO:0097278', 'MESH:D015451']",6,6,1,['Drug - Protein - BiologicalProcess - Disease'],['Drug - molecularly interacts with - Protein - regulates - BiologicalProcess - negatively correlated with - Disease'],"What gene is most mechanistically related to the indication of Drug rituximab to Disease Leukemia, Lymphocytic, Chronic, B-Cell?"
2072,DB00017_MESH_D010001_1,DB:DB00017,MESH:C028815,MESH:D010001,UniProt:P30988,Calcitonin (salmon synthetic),Osteitis deformans,Calcitonin receptor,CALCR,"['MESH:C028815', 'UniProt:P30988', 'GO:0004948', 'CL:0000092', 'CL:0000062', 'GO:0046849', 'GO:0001503', 'MESH:D010001']",8,8,1,['Drug - Protein - MolecularActivity - Cell - BiologicalProcess - Disease'],['Drug - increases activity of - Protein - positively regulates - MolecularActivity - positively regulates - Cell - positively regulates - BiologicalProcess - negatively correlated with - Disease'],What gene is most mechanistically related to the indication of Drug Calcitonin (salmon synthetic) to Disease Osteitis deformans?
2073,DB00017_MESH_D015663_1,DB:DB00017,MESH:C028815,MESH:D015663,UniProt:P30988,Calcitonin (salmon synthetic),Postmenopausal osteoporosis,Calcitonin receptor,CALCR,"['MESH:C028815', 'UniProt:P30988', 'GO:0004948', 'CL:0000092', 'CL:0000062', 'GO:0046849', 'GO:0001503', 'MESH:D015663']",8,8,1,['Drug - Protein - MolecularActivity - Cell - BiologicalProcess - Disease'],['Drug - increases activity of - Protein - positively regulates - MolecularActivity - positively regulates - Cell - positively regulates - BiologicalProcess - negatively correlated with - Disease'],What gene is most mechanistically related to the indication of Drug Calcitonin (salmon synthetic) to Disease Postmenopausal osteoporosis?
2084,DB00862_MESH_D007172_1,DB:DB00862,MESH:D000069058,MESH:D007172,UniProt:O76074,Vardenafil,Impotence,"cGMP-specific 3',5'-cyclic phosphodiesterase",PDE5A,"['MESH:D000069058', 'UniProt:O76074', 'CHEBI:16356', 'GO:0044557', 'GO:0008015', 'GO:0043084', 'MESH:D007172']",7,6,1,['Drug - Protein - ChemicalSubstance - BiologicalProcess - Disease'],['Drug - decreases activity of - Protein - decreases abundance of - ChemicalSubstance - positively regulates - BiologicalProcess - negatively correlated with - Disease'],What gene is most mechanistically related to the indication of Drug Vardenafil to Disease Impotence?
2085,DB05768_MESH_D007014_1,DB:DB05768,DB:DB05768,MESH:D007014,UniProt:P05186,Asfotase alfa,Hypophosphatasia,"Alkaline phosphatase, tissue-nonspecific isozyme",ALPL,"['DB:DB05768', 'UniProt:P05186', 'CHEBI:18361', 'CHEBI:52255', 'GO:0030282', 'MESH:D007014']",6,5,1,['Drug - Protein - ChemicalSubstance - BiologicalProcess - Disease'],['Drug - similar to - Protein - decreases abundance of - ChemicalSubstance - participates in - BiologicalProcess - negatively correlated with - Disease'],What gene is most mechanistically related to the indication of Drug Asfotase alfa to Disease Hypophosphatasia?
2086,DB09183_MESH_D019698_1,DB:DB09183,MESH:C588260,MESH:D019698,UniProt:P87764,Dasabuvir,Chronic hepatitis C,Nonstructural protein 5b,N/A,"['MESH:C588260', 'GO:0039694', 'UniProt:P87764', 'taxonomy:11103', 'MESH:D019698']",5,4,1,['Drug - Protein - BiologicalProcess - OrganismTaxon - Disease'],['Drug - decreases activity of - Protein - positively regulates - BiologicalProcess - in taxon - OrganismTaxon - causes - Disease'],What gene is most mechanistically related to the indication of Drug Dasabuvir to Disease Chronic hepatitis C?
2087,DB08904_MESH_D003424_1,DB:DB08904,MESH:D000068582,MESH:D003424,UniProt:P01375,Certolizumab pegol,Crohn's disease,Tumor necrosis factor,TNF,"['MESH:D000068582', 'UniProt:P01375', 'reactome:R-HSA-75893', 'GO:0006954', 'MESH:D003424']",5,4,1,['Drug - Protein - Pathway - BiologicalProcess - Disease'],['Drug - decreases activity of - Protein - participates in - Pathway - positively regulates - BiologicalProcess - causes - Disease'],What gene is most mechanistically related to the indication of Drug Certolizumab pegol to Disease Crohn's disease?
2089,DB08904_MESH_D015535_1,DB:DB08904,MESH:D000068582,MESH:D015535,UniProt:P01375,Certolizumab pegol,Psoriasis with arthropathy,Tumor necrosis factor,TNF,"['MESH:D000068582', 'UniProt:P01375', 'reactome:R-HSA-75893', 'GO:0006954', 'MESH:D015535']",5,4,1,['Drug - Protein - Pathway - BiologicalProcess - Disease'],['Drug - decreases activity of - Protein - participates in - Pathway - positively regulates - BiologicalProcess - causes - Disease'],What gene is most mechanistically related to the indication of Drug Certolizumab pegol to Disease Psoriasis with arthropathy?
2090,DB08904_MESH_D013167_1,DB:DB08904,MESH:D000068582,MESH:D013167,UniProt:P01375,Certolizumab pegol,Ankylosing spondylitis,Tumor necrosis factor,TNF,"['MESH:D000068582', 'UniProt:P01375', 'reactome:R-HSA-75893', 'GO:0006954', 'MESH:D013167']",5,4,1,['Drug - Protein - Pathway - BiologicalProcess - Disease'],['Drug - decreases activity of - Protein - participates in - Pathway - positively regulates - BiologicalProcess - causes - Disease'],What gene is most mechanistically related to the indication of Drug Certolizumab pegol to Disease Ankylosing spondylitis?
2097,DB00814_MESH_D001172_1,DB:DB00814,MESH:C065757,MESH:D001172,UniProt:P35354,Meloxicam,Rheumatoid arthritis,Prostaglandin G/H synthase 2,PTGS2,"['MESH:C065757', 'UniProt:P35354', 'reactome:R-HSA-2162123', 'MESH:D011453', 'GO:0006954', 'HP:0002829', 'HP:0001386', 'MESH:D001172']",8,8,1,['Drug - Protein - BiologicalProcess - PhenotypicFeature - Disease'],['Drug - decreases activity of - Protein - participates in - BiologicalProcess - positively correlated with - PhenotypicFeature - positively correlated with - Disease'],What gene is most mechanistically related to the indication of Drug Meloxicam to Disease Rheumatoid arthritis?
2098,DB00814_MESH_D010003_1,DB:DB00814,MESH:C065757,MESH:D010003,UniProt:P35354,Meloxicam,Osteoarthritis,Prostaglandin G/H synthase 2,PTGS2,"['MESH:C065757', 'UniProt:P35354', 'reactome:R-HSA-2162123', 'MESH:D011453', 'GO:0006954', 'HP:0002829', 'HP:0001386', 'MESH:D010003']",8,8,1,['Drug - Protein - BiologicalProcess - PhenotypicFeature - Disease'],['Drug - decreases activity of - Protein - participates in - BiologicalProcess - positively correlated with - PhenotypicFeature - positively correlated with - Disease'],What gene is most mechanistically related to the indication of Drug Meloxicam to Disease Osteoarthritis?
2099,DB00814_MESH_D001171_1,DB:DB00814,MESH:C065757,MESH:D001171,UniProt:P35354,Meloxicam,"Arthritis, Juvenile",Prostaglandin G/H synthase 2,PTGS2,"['MESH:C065757', 'UniProt:P35354', 'reactome:R-HSA-2162123', 'MESH:D011453', 'GO:0006954', 'HP:0002829', 'HP:0001386', 'MESH:D001171']",8,8,1,['Drug - Protein - BiologicalProcess - PhenotypicFeature - Disease'],['Drug - decreases activity of - Protein - participates in - BiologicalProcess - positively correlated with - PhenotypicFeature - positively correlated with - Disease'],"What gene is most mechanistically related to the indication of Drug Meloxicam to Disease Arthritis, Juvenile?"
2100,DB00951_MESH_D014397_1,DB:DB00951,MESH:D007538,MESH:D014397,UniProt:P9WGR1,Isoniazid,Pulmonary tuberculosis,Enoyl-[acyl-carrier-protein] reductase [NADH] (Mycobacterium tuberculosis),N/A,"['MESH:D007538', 'UniProt:P9WGR1', 'GO:0071768', 'MESH:D009171', 'GO:0071766', 'taxonomy:1773', 'MESH:D014397']",7,6,1,['Drug - Protein - BiologicalProcess - OrganismTaxon - Disease'],['Drug - decreases activity of - Protein - positively regulates - BiologicalProcess - in taxon - OrganismTaxon - causes - Disease'],What gene is most mechanistically related to the indication of Drug Isoniazid to Disease Pulmonary tuberculosis?
2107,DB09297_MESH_D019698_1,DB:DB09297,MESH:C585405,MESH:D019698,UniProt:P27958,Paritaprevir,Chronic hepatitis C,Genome polyprotein,N/A,"['MESH:C585405', 'UniProt:P27958', 'GO:0039694', 'taxonomy:11103', 'MESH:D019698']",5,4,1,['Drug - Protein - BiologicalProcess - OrganismTaxon - Disease'],['Drug - negatively regulates - Protein - positively regulates - BiologicalProcess - in taxon - OrganismTaxon - causes - Disease'],What gene is most mechanistically related to the indication of Drug Paritaprevir to Disease Chronic hepatitis C?
2110,DB13167_MESH_D010146_1,DB:DB13167,MESH:C084615,MESH:D010146,UniProt:P35354,Alclofenac,Pain,Prostaglandin G/H synthase 2,PTGS2,"['MESH:C084615', 'UniProt:P35354', 'reactome:R-HSA-2162123', 'MESH:D011453', 'GO:0006954', 'MESH:D010146']",6,5,1,['Drug - Protein - BiologicalProcess - Disease'],['Drug - decreases activity of - Protein - participates in - BiologicalProcess - positively correlated with - Disease'],What gene is most mechanistically related to the indication of Drug Alclofenac to Disease Pain?
2111,DB13167_MESH_D001172_1,DB:DB13167,MESH:C084615,MESH:D001172,UniProt:P35354,Alclofenac,Rheumatoid arthritis,Prostaglandin G/H synthase 2,PTGS2,"['MESH:C084615', 'UniProt:P35354', 'reactome:R-HSA-2162123', 'MESH:D011453', 'GO:0006954', 'HP:0002829', 'HP:0001386', 'MESH:D001172']",8,8,1,['Drug - Protein - BiologicalProcess - PhenotypicFeature - Disease'],['Drug - decreases activity of - Protein - participates in - BiologicalProcess - positively correlated with - PhenotypicFeature - positively correlated with - Disease'],What gene is most mechanistically related to the indication of Drug Alclofenac to Disease Rheumatoid arthritis?
2116,DB00206_MESH_D011618_1,DB:DB00206,MESH:D012110,MESH:D011618,UniProt:Q05940,reserpine,Psychotic Disorders,Synaptic vesicular amine transporter,SLC18A2,"['MESH:D012110', 'UniProt:Q05940', 'GO:0001504', 'HP:0000708', 'MESH:D011618']",5,4,1,['Drug - Protein - BiologicalProcess - PhenotypicFeature - Disease'],['Drug - negatively regulates - Protein - positively regulates - BiologicalProcess - affects risk for - PhenotypicFeature - positively correlated with - Disease'],What gene is most mechanistically related to the indication of Drug reserpine to Disease Psychotic Disorders?
2117,DB00206_MESH_D006973_1,DB:DB00206,MESH:D012110,MESH:D006973,UniProt:Q05940,reserpine,Hypertension,Synaptic vesicular amine transporter,SLC18A2,"['MESH:D012110', 'UniProt:Q05940', 'reactome:R-HSA-181430', 'GO:0042310', 'HP:0032263', 'MESH:D006973']",6,5,1,['Drug - Protein - Pathway - BiologicalProcess - PhenotypicFeature - Disease'],['Drug - negatively regulates - Protein - participates in - Pathway - positively correlated with - BiologicalProcess - positively correlated with - PhenotypicFeature - positively correlated with - Disease'],What gene is most mechanistically related to the indication of Drug reserpine to Disease Hypertension?
2126,DB01242_MESH_D009771_1,DB:DB01242,MESH:D002997,MESH:D009771,UniProt:P31645,clomipramine,Obsessive-compulsive disorder,Sodium-dependent serotonin transporter,SLC6A4,"['MESH:D002997', 'UniProt:P31645', 'GO:0051610', 'MESH:D009771']",4,3,1,['Drug - Protein - BiologicalProcess - Disease'],['Drug - negatively regulates - Protein - positively regulates - BiologicalProcess - positively correlated with - Disease'],What gene is most mechanistically related to the indication of Drug clomipramine to Disease Obsessive-compulsive disorder?
2153,DB08864_MESH_D015658_1,DB:DB08864,MESH:D000068696,MESH:D015658,UniProt:Q72547,Rilpivirine,Human immunodeficiency virus infection,Reverse transcriptase/RNaseH,N/A,"['MESH:D000068696', 'UniProt:Q72547', 'GO:0003964', 'taxonomy:12721', 'GO:0019079', 'MESH:D015658']",6,5,1,['Drug - Protein - BiologicalProcess - OrganismTaxon - Disease'],['Drug - decreases activity of - Protein - positively regulates - BiologicalProcess - in taxon - OrganismTaxon - causes - Disease'],What gene is most mechanistically related to the indication of Drug Rilpivirine to Disease Human immunodeficiency virus infection?
2155,DB00455_MESH_D012912_1,DB:DB00455,MESH:D017336,MESH:D012912,UniProt:P35367,loratadine,Sneezing,Histamine H1 receptor,HRH1,"['MESH:D017336', 'UniProt:P35367', 'GO:0004969', 'GO:0002441', 'MESH:D012912']",5,4,1,['Drug - Protein - MolecularActivity - BiologicalProcess - Disease'],['Drug - decreases activity of - Protein - positively regulates - MolecularActivity - positively correlated with - BiologicalProcess - positively correlated with - Disease'],What gene is most mechanistically related to the indication of Drug loratadine to Disease Sneezing?
2156,DB00455_MESH_D012223_1,DB:DB00455,MESH:D017336,MESH:D012223,UniProt:P35367,loratadine,"Rhinitis, Vasomotor",Histamine H1 receptor,HRH1,"['MESH:D017336', 'UniProt:P35367', 'GO:0004969', 'GO:0042311', 'MESH:D012223']",5,4,1,['Drug - Protein - MolecularActivity - BiologicalProcess - Disease'],['Drug - decreases activity of - Protein - positively regulates - MolecularActivity - positively correlated with - BiologicalProcess - positively correlated with - Disease'],"What gene is most mechanistically related to the indication of Drug loratadine to Disease Rhinitis, Vasomotor?"
2157,DB00455_MESH_D006255_1,DB:DB00455,MESH:D017336,MESH:D006255,UniProt:P35367,loratadine,"Rhinitis, Allergic, Seasonal",Histamine H1 receptor,HRH1,"['MESH:D017336', 'UniProt:P35367', 'GO:0004969', 'GO:0002441', 'HP:0007879', 'HP:0009926', 'MESH:D006255']",7,7,1,['Drug - Protein - MolecularActivity - BiologicalProcess - PhenotypicFeature - Disease'],['Drug - decreases activity of - Protein - positively regulates - MolecularActivity - positively correlated with - BiologicalProcess - positively correlated with - PhenotypicFeature - manifestation of - Disease'],"What gene is most mechanistically related to the indication of Drug loratadine to Disease Rhinitis, Allergic, Seasonal?"
2158,DB00455_MESH_D003139_1,DB:DB00455,MESH:D017336,MESH:D003139,UniProt:P35367,loratadine,Common Cold,Histamine H1 receptor,HRH1,"['MESH:D017336', 'UniProt:P35367', 'GO:0006954', 'taxonomy:12059', 'MESH:D003139']",5,4,1,['Drug - Protein - BiologicalProcess - OrganismTaxon - Disease'],['Drug - decreases activity of - Protein - positively regulates - BiologicalProcess - caused by - OrganismTaxon - causes - Disease'],What gene is most mechanistically related to the indication of Drug loratadine to Disease Common Cold?
2159,DB00455_MESH_D003233_1,DB:DB00455,MESH:D017336,MESH:D003233,UniProt:P35367,loratadine,Allergic conjunctivitis,Histamine H1 receptor,HRH1,"['MESH:D017336', 'UniProt:P35367', 'GO:0004969', 'GO:0002441', 'MESH:D003233']",5,4,1,['Drug - Protein - MolecularActivity - BiologicalProcess - Disease'],['Drug - decreases activity of - Protein - positively regulates - MolecularActivity - positively correlated with - BiologicalProcess - positively correlated with - Disease'],What gene is most mechanistically related to the indication of Drug loratadine to Disease Allergic conjunctivitis?
2164,DB00906_MESH_D004828_1,DB:DB00906,MESH:C059205,MESH:D004828,UniProt:P30531,tiagabine,"Epilepsies, Partial",Sodium- and chloride-dependent GABA transporter 1,SLC6A1,"['MESH:C059205', 'UniProt:P30531', 'GO:0051936', 'MESH:D004828']",4,3,1,['Drug - GeneFamily - BiologicalProcess - Disease'],['Drug - decreases activity of - GeneFamily - positively regulates - BiologicalProcess - positively correlated with - Disease'],"What gene is most mechanistically related to the indication of Drug tiagabine to Disease Epilepsies, Partial?"
2175,DB00109_MESH_D015658_1,DB:DB00109,MESH:C105196,MESH:D015658,UniProt:Q53I07,enfuvirtide,Human immunodeficiency virus infection,Env polyprotein,N/A,"['MESH:C105196', 'UniProt:Q53I07', 'GO:0039663', 'taxonomy:11676', 'MESH:D015658']",5,4,1,['Drug - Protein - BiologicalProcess - OrganismTaxon - Disease'],['Drug - decreases activity of - Protein - positively regulates - BiologicalProcess - in taxon - OrganismTaxon - causes - Disease'],What gene is most mechanistically related to the indication of Drug enfuvirtide to Disease Human immunodeficiency virus infection?
2180,DB00577_MESH_D006562_1,DB:DB00577,MESH:C084555,MESH:D006562,UniProt:P09252,valaciclovir,Herpes zoster,DNA polymerase catalytic subunit,N/A,"['MESH:C084555', 'MESH:D000212', 'UniProt:P09252', 'GO:0039693', 'taxonomy:10335', 'MESH:D006562']",6,5,1,['Drug - Protein - BiologicalProcess - OrganismTaxon - Disease'],['Drug - negatively regulates - Protein - positively regulates - BiologicalProcess - in taxon - OrganismTaxon - causes - Disease'],What gene is most mechanistically related to the indication of Drug valaciclovir to Disease Herpes zoster?
2181,DB00577_MESH_D002644_1,DB:DB00577,MESH:C084555,MESH:D002644,UniProt:P09252,valaciclovir,Varicella,DNA polymerase catalytic subunit,N/A,"['MESH:C084555', 'MESH:D000212', 'UniProt:P09252', 'GO:0039693', 'taxonomy:10335', 'MESH:D002644']",6,5,1,['Drug - Protein - BiologicalProcess - OrganismTaxon - Disease'],['Drug - negatively regulates - Protein - positively regulates - BiologicalProcess - in taxon - OrganismTaxon - causes - Disease'],What gene is most mechanistically related to the indication of Drug valaciclovir to Disease Varicella?
2195,DB00545_MESH_D009157_1,DB:DB00545,MESH:D011729,MESH:D009157,UniProt:P22303,pyridostigmine,Myasthenia Gravis,Acetylcholinesterase,ACHE,"['MESH:D011729', 'UniProt:P22303', 'GO:0001507', 'HP:0011804', 'MESH:D009157']",5,4,1,['Drug - Protein - BiologicalProcess - PhenotypicFeature - Disease'],['Drug - negatively regulates - Protein - positively regulates - BiologicalProcess - affects risk for - PhenotypicFeature - manifestation of - Disease'],What gene is most mechanistically related to the indication of Drug pyridostigmine to Disease Myasthenia Gravis?
2197,DB00323_MESH_D010300_1,DB:DB00323,MESH:C066340,MESH:D010300,UniProt:P21964,Tolcapone,Parkinson's disease,Catechol O-methyltransferase,COMT,"['MESH:C066340', 'UniProt:P21964', 'MESH:D007980', 'MESH:D010300']",4,3,1,['Drug - Protein - ChemicalSubstance - Disease'],['Drug - decreases activity of - Protein - negatively regulates - ChemicalSubstance - treats - Disease'],What gene is most mechanistically related to the indication of Drug Tolcapone to Disease Parkinson's disease?
2206,DB01036_MESH_D053202_1,DB:DB01036,MESH:D000068737,MESH:D053202,UniProt:P20309,Tolterodine,Urge incontinence of urine,Muscarinic acetylcholine receptor M3,CHRM3,"['MESH:D000068737', 'UniProt:P20309', 'GO:0014832', 'GO:0060073', 'MESH:D053202']",5,4,1,['Drug - Protein - BiologicalProcess - Disease'],['Drug - decreases activity of - Protein - positively regulates - BiologicalProcess - positively correlated with - Disease'],What gene is most mechanistically related to the indication of Drug Tolterodine to Disease Urge incontinence of urine?
2210,DB01070_MESH_D012279_1,DB:DB01070,MESH:D004097,MESH:D012279,UniProt:P11473,Dihydrotachysterol,Rickets,Vitamin D3 receptor,VDR,"['MESH:D004097', 'UniProt:P11473', 'GO:0070561', 'GO:0055074', 'GO:0030282', 'MESH:D012279']",6,5,1,['Drug - Protein - BiologicalProcess - Disease'],['Drug - increases activity of - Protein - participates in - BiologicalProcess - negatively correlated with - Disease'],What gene is most mechanistically related to the indication of Drug Dihydrotachysterol to Disease Rickets?
2212,DB01618_MESH_D012559_1,DB:DB01618,DB:DB01618,MESH:D012559,UniProt:P14416,Molindone,Schizophrenia,D(2) dopamine receptor,DRD2,"['DB:DB01618', 'UniProt:P14416', 'GO:0061527', 'MESH:D004298', 'HP:0000738', 'MESH:D012559']",6,5,1,['Drug - Protein - ChemicalSubstance - BiologicalProcess - PhenotypicFeature - Disease'],['Drug - decreases activity of - Protein - molecularly interacts with - ChemicalSubstance - participates in - BiologicalProcess - positively correlated with - PhenotypicFeature - manifestation of - Disease'],What gene is most mechanistically related to the indication of Drug Molindone to Disease Schizophrenia?
2215,DB12354_MESH_D010003_1,DB:DB12354,MESH:C488833,MESH:D010003,UniProt:P35354,Imrecoxib,Osteoarthritis,Prostaglandin G/H synthase 2,PTGS2,"['MESH:C488833', 'UniProt:P35354', 'reactome:R-HSA-2162123', 'MESH:D011453', 'GO:0006954', 'HP:0002829', 'HP:0001386', 'MESH:D010003']",8,8,1,['Drug - Protein - BiologicalProcess - PhenotypicFeature - Disease'],['Drug - decreases activity of - Protein - participates in - BiologicalProcess - positively correlated with - PhenotypicFeature - positively correlated with - Disease'],What gene is most mechanistically related to the indication of Drug Imrecoxib to Disease Osteoarthritis?
2216,DB00035_MESH_D011141_1,DB:DB00035,MESH:D003894,MESH:D011141,UniProt:P30518,Desmopressin,Polyuria,Vasopressin V2 receptor,AVPR2,"['MESH:D003894', 'UniProt:P30518', 'GO:1904116', 'GO:0070295', 'GO:0035811', 'MESH:D011141']",6,5,1,['Drug - Protein - BiologicalProcess - Disease'],['Drug - increases activity of - Protein - positively regulates - BiologicalProcess - negatively correlated with - Disease'],What gene is most mechanistically related to the indication of Drug Desmopressin to Disease Polyuria?
2219,DB00035_MESH_D053206_1,DB:DB00035,MESH:D003894,MESH:D053206,UniProt:P30518,Desmopressin,Nocturnal enuresis,Vasopressin V2 receptor,AVPR2,"['MESH:D003894', 'UniProt:P30518', 'GO:1904116', 'GO:0070295', 'GO:0035811', 'GO:0060073', 'MESH:D053206']",7,6,1,['Drug - Protein - BiologicalProcess - Disease'],['Drug - increases activity of - Protein - positively regulates - BiologicalProcess - positively correlated with - Disease'],What gene is most mechanistically related to the indication of Drug Desmopressin to Disease Nocturnal enuresis?
2220,DB00088_MESH_D005776_1,DB:DB00088,MESH:C070292,MESH:D005776,UniProt:P04062,Alglucerase,Gaucher Disease,Lysosomal acid glucosylceramidase,GBA1,"['MESH:C070292', 'UniProt:P04062', 'MESH:D005963', 'MESH:D005776']",4,3,1,['Drug - Protein - ChemicalSubstance - Disease'],['Drug - chemically similar to - Protein - decreases abundance of - ChemicalSubstance - contributes to - Disease'],What gene is most mechanistically related to the indication of Drug Alglucerase to Disease Gaucher Disease?
2239,DB09245_MESH_D003866_1,DB:DB09245,MESH:C010798,MESH:D003866,UniProt:P21397,Toloxatone,Depressive disorder,Amine oxidase [flavin-containing] A,MAOA,"['MESH:C010798', 'UniProt:P21397', 'GO:0042402', 'MESH:D009638', 'MESH:D012701', 'GO:0099153', 'GO:0099155', 'MESH:D003866']",8,8,1,['Drug - Protein - BiologicalProcess - Disease'],['Drug - negatively regulates - Protein - positively regulates - BiologicalProcess - disrupted by - Disease'],What gene is most mechanistically related to the indication of Drug Toloxatone to Disease Depressive disorder?
2240,DB00090_MESH_D008059_2,DB:DB00090,DB:DB00090,MESH:D008059,UniProt:P35475,laronidase,"Mucopolysaccharidosis, MPS-I",Alpha-L-iduronidase,IDUA,"['DB:DB00090', 'UniProt:P35475', 'CHEBI:43394', 'MESH:D006025', 'MESH:D008059']",5,4,1,['Drug - Protein - ChemicalSubstance - Disease'],['Drug - chemically similar to - Protein - increases degradation of - ChemicalSubstance - manifestation of - Disease'],"What gene is most mechanistically related to the indication of Drug laronidase to Disease Mucopolysaccharidosis, MPS-I?"
2244,DB00209_MESH_D053202_2,DB:DB00209,MESH:C003330,MESH:D053202,UniProt:P20309,trospium,Urge incontinence of urine,Muscarinic acetylcholine receptor M3,CHRM3,"['MESH:C003330', 'UniProt:P20309', 'GO:1905144', 'GO:0014832', 'UBERON:0001255', 'GO:0060073', 'MESH:D053202']",7,6,1,['Drug - Protein - BiologicalProcess - Disease'],['Drug - decreases activity of - Protein - participates in - BiologicalProcess - correlated with - Disease'],What gene is most mechanistically related to the indication of Drug trospium to Disease Urge incontinence of urine?
2258,DB00394_MESH_D012220_1,DB:DB00394,DB:DB00394,MESH:D012220,UniProt:P04150,Beclomethasone dipropionate,Rhinitis,Glucocorticoid receptor,NR3C1,"['DB:DB00394', 'CHEBI:3001', 'UniProt:P04150', 'GO:0006954', 'MESH:D012220']",5,4,1,['Drug - ChemicalSubstance - Protein - BiologicalProcess - Disease'],['Drug - has metabolite - ChemicalSubstance - positively regulates - Protein - negatively regulates - BiologicalProcess - positively correlated with - Disease'],What gene is most mechanistically related to the indication of Drug Beclomethasone dipropionate to Disease Rhinitis?
2259,DB00394_MESH_D012223_1,DB:DB00394,DB:DB00394,MESH:D012223,UniProt:P04150,Beclomethasone dipropionate,"Rhinitis, Vasomotor",Glucocorticoid receptor,NR3C1,"['DB:DB00394', 'CHEBI:3001', 'UniProt:P04150', 'GO:0042311', 'MESH:D012223']",5,4,1,['Drug - ChemicalSubstance - Protein - BiologicalProcess - Disease'],['Drug - has metabolite - ChemicalSubstance - positively regulates - Protein - negatively regulates - BiologicalProcess - positively correlated with - Disease'],"What gene is most mechanistically related to the indication of Drug Beclomethasone dipropionate to Disease Rhinitis, Vasomotor?"
2260,DB00394_MESH_D009298_1,DB:DB00394,DB:DB00394,MESH:D009298,UniProt:P04150,Beclomethasone dipropionate,Nasal polyp,Glucocorticoid receptor,NR3C1,"['DB:DB00394', 'CHEBI:3001', 'UniProt:P04150', 'GO:0006954', 'MESH:D009298']",5,4,1,['Drug - ChemicalSubstance - Protein - BiologicalProcess - Disease'],['Drug - has metabolite - ChemicalSubstance - positively regulates - Protein - negatively regulates - BiologicalProcess - positively correlated with - Disease'],What gene is most mechanistically related to the indication of Drug Beclomethasone dipropionate to Disease Nasal polyp?
2261,DB00394_MESH_D001249_1,DB:DB00394,DB:DB00394,MESH:D001249,UniProt:P04150,Beclomethasone dipropionate,Asthma,Glucocorticoid receptor,NR3C1,"['DB:DB00394', 'CHEBI:3001', 'UniProt:P04150', 'GO:0006954', 'MESH:D001249']",5,4,1,['Drug - ChemicalSubstance - Protein - BiologicalProcess - Disease'],['Drug - has metabolite - ChemicalSubstance - positively regulates - Protein - negatively regulates - BiologicalProcess - positively correlated with - Disease'],What gene is most mechanistically related to the indication of Drug Beclomethasone dipropionate to Disease Asthma?
2262,DB00394_MESH_D065631_1,DB:DB00394,DB:DB00394,MESH:D065631,UniProt:P04150,Beclomethasone dipropionate,Allergic rhinitis,Glucocorticoid receptor,NR3C1,"['DB:DB00394', 'CHEBI:3001', 'UniProt:P04150', 'GO:0006954', 'MESH:D065631']",5,4,1,['Drug - ChemicalSubstance - Protein - BiologicalProcess - Disease'],['Drug - has metabolite - ChemicalSubstance - positively regulates - Protein - negatively regulates - BiologicalProcess - positively correlated with - Disease'],What gene is most mechanistically related to the indication of Drug Beclomethasone dipropionate to Disease Allergic rhinitis?
2263,DB00426_MESH_D006562_1,DB:DB00426,MESH:D000077595,MESH:D006562,UniProt:P09252,famciclovir,Herpes zoster,DNA polymerase catalytic subunit,N/A,"['MESH:D000077595', 'DB:DB00299', 'UniProt:P09252', 'GO:0039693', 'taxonomy:10335', 'MESH:D006562']",6,5,1,['Drug - Protein - BiologicalProcess - OrganismTaxon - Disease'],['Drug - negatively regulates - Protein - positively regulates - BiologicalProcess - in taxon - OrganismTaxon - causes - Disease'],What gene is most mechanistically related to the indication of Drug famciclovir to Disease Herpes zoster?
2264,DB06820_MESH_D014008_1,DB:DB06820,MESH:C033308,MESH:D014008,UniProt:P10613,sulconazole,Tinea Pedis,Lanosterol 14-alpha-demethylase,N/A,"['MESH:C033308', 'UniProt:P10613', 'GO:0006696', 'taxonomy:237561', 'MESH:D014008']",5,4,1,['Drug - Protein - BiologicalProcess - OrganismTaxon - Disease'],['Drug - negatively regulates - Protein - positively regulates - BiologicalProcess - in taxon - OrganismTaxon - causes - Disease'],What gene is most mechanistically related to the indication of Drug sulconazole to Disease Tinea Pedis?
2265,DB06820_MESH_D014010_1,DB:DB06820,MESH:C033308,MESH:D014010,UniProt:P10613,sulconazole,Tinea Versicolor,Lanosterol 14-alpha-demethylase,N/A,"['MESH:C033308', 'UniProt:P10613', 'GO:0006696', 'taxonomy:237561', 'MESH:D014010']",5,4,1,['Drug - Protein - BiologicalProcess - OrganismTaxon - Disease'],['Drug - negatively regulates - Protein - positively regulates - BiologicalProcess - in taxon - OrganismTaxon - causes - Disease'],What gene is most mechanistically related to the indication of Drug sulconazole to Disease Tinea Versicolor?
2266,DB00682_MESH_D013923_1,DB:DB00682,MESH:D014859,MESH:D013923,UniProt:Q9BQB6,warfarin,Thromboembolic disorder,Vitamin K epoxide reductase complex subunit 1,VKORC1,"['MESH:D014859', 'UniProt:Q9BQB6', 'GO:0007596', 'GO:0072378', 'MESH:D013923']",5,4,1,['Drug - Protein - BiologicalProcess - Disease'],['Drug - negatively regulates - Protein - positively regulates - BiologicalProcess - affects risk for - Disease'],What gene is most mechanistically related to the indication of Drug warfarin to Disease Thromboembolic disorder?
2267,DB00682_MESH_D020766_1,DB:DB00682,MESH:D014859,MESH:D020766,UniProt:Q9BQB6,warfarin,Cerebral embolism,Vitamin K epoxide reductase complex subunit 1,VKORC1,"['MESH:D014859', 'UniProt:Q9BQB6', 'GO:0007596', 'GO:0072378', 'MESH:D020766']",5,4,1,['Drug - Protein - BiologicalProcess - Disease'],['Drug - negatively regulates - Protein - positively regulates - BiologicalProcess - affects risk for - Disease'],What gene is most mechanistically related to the indication of Drug warfarin to Disease Cerebral embolism?
2268,DB00682_MESH_D020246_1,DB:DB00682,MESH:D014859,MESH:D020246,UniProt:Q9BQB6,warfarin,Deep venous thrombosis,Vitamin K epoxide reductase complex subunit 1,VKORC1,"['MESH:D014859', 'UniProt:Q9BQB6', 'GO:0007596', 'GO:0072378', 'MESH:D020246']",5,4,1,['Drug - Protein - BiologicalProcess - Disease'],['Drug - negatively regulates - Protein - positively regulates - BiologicalProcess - affects risk for - Disease'],What gene is most mechanistically related to the indication of Drug warfarin to Disease Deep venous thrombosis?
2269,DB00682_MESH_D013927_1,DB:DB00682,MESH:D014859,MESH:D013927,UniProt:Q9BQB6,warfarin,Thrombosis,Vitamin K epoxide reductase complex subunit 1,VKORC1,"['MESH:D014859', 'UniProt:Q9BQB6', 'GO:0007596', 'GO:0072378', 'MESH:D013927']",5,4,1,['Drug - Protein - BiologicalProcess - Disease'],['Drug - negatively regulates - Protein - positively regulates - BiologicalProcess - affects risk for - Disease'],What gene is most mechanistically related to the indication of Drug warfarin to Disease Thrombosis?
2270,DB00682_MESH_D011655_2,DB:DB00682,MESH:D014859,MESH:D011655,UniProt:Q9BQB6,warfarin,Pulmonary embolism,Vitamin K epoxide reductase complex subunit 1,VKORC1,"['MESH:D014859', 'UniProt:Q9BQB6', 'GO:0007596', 'GO:0072378', 'MESH:D011655']",5,4,1,['Drug - Protein - BiologicalProcess - Disease'],['Drug - negatively regulates - Protein - positively regulates - BiologicalProcess - affects risk for - Disease'],What gene is most mechanistically related to the indication of Drug warfarin to Disease Pulmonary embolism?
2271,DB00013_MESH_D011655_1,DB:DB00013,MESH:D014568,MESH:D011655,UniProt:P00747,urokinase,Pulmonary embolism,Plasminogen,PLG,"['MESH:D014568', 'UniProt:P00747', 'GO:0042730', 'MESH:D011655']",4,3,1,['Drug - Protein - BiologicalProcess - Disease'],['Drug - positively regulates - Protein - positively regulates - BiologicalProcess - negatively correlated with - Disease'],What gene is most mechanistically related to the indication of Drug urokinase to Disease Pulmonary embolism?
2272,DB08162_MESH_D020301_1,DB:DB08162,MESH:C049347,MESH:D020301,UniProt:Q13464,fasudil,Spasm of cerebral arteries,Rho-associated protein kinase 1,ROCK1,"['MESH:C049347', 'DB:DB04707', 'UniProt:Q13464', 'GO:0014829', 'MESH:D020301']",5,4,1,['Drug - ChemicalSubstance - Protein - BiologicalProcess - Disease'],['Drug - has metabolite - ChemicalSubstance - decreases activity of - Protein - positively regulates - BiologicalProcess - positively correlated with - Disease'],What gene is most mechanistically related to the indication of Drug fasudil to Disease Spasm of cerebral arteries?
2273,DB09343_MESH_D003110_1,DB:DB09343,MESH:C000613754,MESH:D003110,UniProt:P19971,tipiracil,Malignant tumor of colon,Thymidine phosphorylase,TYMP,"['MESH:C000613754', 'UniProt:P19971', 'GO:0001525', 'MESH:D003110']",4,3,1,['Drug - Protein - BiologicalProcess - Disease'],['Drug - decreases activity of - Protein - positively regulates - BiologicalProcess - positively correlated with - Disease'],What gene is most mechanistically related to the indication of Drug tipiracil to Disease Malignant tumor of colon?
2275,DB00190_MESH_D010300_1,DB:DB00190,MESH:D002230,MESH:D010300,UniProt:P20711,carbidopa,Parkinson's disease,Aromatic-L-amino-acid decarboxylase,DDC,"['MESH:D002230', 'UniProt:P20711', 'GO:1903184', 'HP:0002017', 'MESH:D010300']",5,4,1,['Drug - Protein - BiologicalProcess - PhenotypicFeature - Disease'],['Drug - negatively regulates - Protein - positively regulates - BiologicalProcess - positively correlated with - PhenotypicFeature - manifestation of - Disease'],What gene is most mechanistically related to the indication of Drug carbidopa to Disease Parkinson's disease?
2276,DB00190_MESH_D020734_1,DB:DB00190,MESH:D002230,MESH:D020734,UniProt:P20711,carbidopa,Parkinsonism,Aromatic-L-amino-acid decarboxylase,DDC,"['MESH:D002230', 'UniProt:P20711', 'GO:1903184', 'HP:0002017', 'MESH:D020734']",5,4,1,['Drug - Protein - BiologicalProcess - PhenotypicFeature - Disease'],['Drug - negatively regulates - Protein - positively regulates - BiologicalProcess - correlated with - PhenotypicFeature - manifestation of - Disease'],What gene is most mechanistically related to the indication of Drug carbidopa to Disease Parkinsonism?
2277,DB00190_MESH_D010301_1,DB:DB00190,MESH:D002230,MESH:D010301,UniProt:P20711,carbidopa,Postencephalitic parkinsonism,Aromatic-L-amino-acid decarboxylase,DDC,"['MESH:D002230', 'UniProt:P20711', 'GO:1903184', 'HP:0002017', 'MESH:D010301']",5,4,1,['Drug - Protein - BiologicalProcess - PhenotypicFeature - Disease'],['Drug - negatively regulates - Protein - positively regulates - BiologicalProcess - correlated with - PhenotypicFeature - manifestation of - Disease'],What gene is most mechanistically related to the indication of Drug carbidopa to Disease Postencephalitic parkinsonism?
2292,DB09043_MESH_D003924_1,DB:DB09043,MESH:C534611,MESH:D003924,UniProt:P43220,Albiglutide,"Diabetes Mellitus, Type 2",Glucagon-like peptide 1 receptor,GLP1R,"['MESH:C534611', 'UniProt:P43220', 'CHEBI:80270', 'GO:0030073', 'GO:0070091', 'HP:0003074', 'MESH:D003924']",7,7,1,['Drug - Protein - ChemicalSubstance - BiologicalProcess - PhenotypicFeature - Disease'],['Drug - increases activity of - Protein - positively correlated with - ChemicalSubstance - negatively regulates - BiologicalProcess - positively correlated with - PhenotypicFeature - manifestation of - Disease'],"What gene is most mechanistically related to the indication of Drug Albiglutide to Disease Diabetes Mellitus, Type 2?"
2298,DB01619_MESH_D014581_4,DB:DB01619,MESH:C005430,MESH:D014581,UniProt:P35367,Phenindamine,Urticaria,Histamine H1 receptor,HRH1,"['MESH:C005430', 'UniProt:P35367', 'GO:0004969', 'GO:0002441', 'MESH:D014581']",5,4,1,['Drug - Protein - MolecularActivity - BiologicalProcess - Disease'],['Drug - decreases activity of - Protein - positively regulates - MolecularActivity - participates in - BiologicalProcess - positively correlated with - Disease'],What gene is most mechanistically related to the indication of Drug Phenindamine to Disease Urticaria?
2299,DB01619_MESH_D011537_4,DB:DB01619,MESH:C005430,MESH:D011537,UniProt:P35367,Phenindamine,Pruritus,Histamine H1 receptor,HRH1,"['MESH:C005430', 'UniProt:P35367', 'GO:0004969', 'GO:0002441', 'MESH:D011537']",5,4,1,['Drug - Protein - MolecularActivity - BiologicalProcess - Disease'],['Drug - decreases activity of - Protein - positively regulates - MolecularActivity - participates in - BiologicalProcess - positively correlated with - Disease'],What gene is most mechanistically related to the indication of Drug Phenindamine to Disease Pruritus?
2300,DB01619_MESH_D012912_4,DB:DB01619,MESH:C005430,MESH:D012912,UniProt:P35367,Phenindamine,Sneezing,Histamine H1 receptor,HRH1,"['MESH:C005430', 'UniProt:P35367', 'GO:0004969', 'GO:0002441', 'MESH:D012912']",5,4,1,['Drug - Protein - MolecularActivity - BiologicalProcess - Disease'],['Drug - decreases activity of - Protein - positively regulates - MolecularActivity - participates in - BiologicalProcess - positively correlated with - Disease'],What gene is most mechanistically related to the indication of Drug Phenindamine to Disease Sneezing?
2301,DB01619_MESH_D065631_4,DB:DB01619,MESH:C005430,MESH:D065631,UniProt:P35367,Phenindamine,Allergic rhinitis,Histamine H1 receptor,HRH1,"['MESH:C005430', 'UniProt:P35367', 'GO:0004969', 'GO:0002441', 'MESH:D065631']",5,4,1,['Drug - Protein - MolecularActivity - BiologicalProcess - Disease'],['Drug - decreases activity of - Protein - positively regulates - MolecularActivity - participates in - BiologicalProcess - positively correlated with - Disease'],What gene is most mechanistically related to the indication of Drug Phenindamine to Disease Allergic rhinitis?
2302,DB01619_MESH_D012223_4,DB:DB01619,MESH:C005430,MESH:D012223,UniProt:P35367,Phenindamine,"Rhinitis, Vasomotor",Histamine H1 receptor,HRH1,"['MESH:C005430', 'UniProt:P35367', 'GO:0004969', 'GO:0002441', 'MESH:D012223']",5,4,1,['Drug - Protein - MolecularActivity - BiologicalProcess - Disease'],['Drug - decreases activity of - Protein - positively regulates - MolecularActivity - participates in - BiologicalProcess - positively correlated with - Disease'],"What gene is most mechanistically related to the indication of Drug Phenindamine to Disease Rhinitis, Vasomotor?"
2303,DB01619_MESH_D003233_4,DB:DB01619,MESH:C005430,MESH:D003233,UniProt:P35367,Phenindamine,Allergic conjunctivitis,Histamine H1 receptor,HRH1,"['MESH:C005430', 'UniProt:P35367', 'GO:0004969', 'GO:0002441', 'MESH:D003233']",5,4,1,['Drug - Protein - MolecularActivity - BiologicalProcess - Disease'],['Drug - decreases activity of - Protein - positively regulates - MolecularActivity - participates in - BiologicalProcess - positively correlated with - Disease'],What gene is most mechanistically related to the indication of Drug Phenindamine to Disease Allergic conjunctivitis?
2304,DB12086_MESH_D029424_4,DB:DB12086,MESH:C017590,MESH:D029424,UniProt:P20309,Oxitropium,Chronic obstructive lung disease,Muscarinic acetylcholine receptor M3,CHRM3,"['MESH:C017590', 'UniProt:P20309', 'GO:0006939', 'MESH:D029424']",4,3,1,['Drug - Protein - BiologicalProcess - Disease'],['Drug - decreases activity of - Protein - causes - BiologicalProcess - contributes to - Disease'],What gene is most mechanistically related to the indication of Drug Oxitropium to Disease Chronic obstructive lung disease?
2311,DB01185_MESH_D011628_3,DB:DB01185,MESH:D005474,MESH:D011628,UniProt:P10275,Fluoxymesterone,Delayed puberty,Androgen receptor,AR,"['MESH:D005474', 'UniProt:P10275', 'GO:0030521', 'GO:0045136', 'MESH:D011628']",5,4,1,['Drug - Protein - BiologicalProcess - Disease'],['Drug - increases activity of - Protein - positively regulates - BiologicalProcess - negatively correlated with - Disease'],What gene is most mechanistically related to the indication of Drug Fluoxymesterone to Disease Delayed puberty?
2312,DB01185_MESH_D007713_3,DB:DB01185,MESH:D005474,MESH:D007713,UniProt:P10275,Fluoxymesterone,Klinefelter Syndrome,Androgen receptor,AR,"['MESH:D005474', 'UniProt:P10275', 'GO:0030521', 'GO:0046544', 'MESH:D007713']",5,4,1,['Drug - Protein - BiologicalProcess - Disease'],['Drug - increases activity of - Protein - positively regulates - BiologicalProcess - negatively correlated with - Disease'],What gene is most mechanistically related to the indication of Drug Fluoxymesterone to Disease Klinefelter Syndrome?
2313,DB01185_MESH_D003456_3,DB:DB01185,MESH:D005474,MESH:D003456,UniProt:P10275,Fluoxymesterone,Cryptorchidism,Androgen receptor,AR,"['MESH:D005474', 'UniProt:P10275', 'GO:0030521', 'GO:0007283', 'MESH:D003456']",5,4,1,['Drug - Protein - BiologicalProcess - Disease'],['Drug - increases activity of - Protein - positively regulates - BiologicalProcess - manifestation of - Disease'],What gene is most mechanistically related to the indication of Drug Fluoxymesterone to Disease Cryptorchidism?
2314,DB01185_MESH_D005058_3,DB:DB01185,MESH:D005474,MESH:D005058,UniProt:P10275,Fluoxymesterone,Eunuchism,Androgen receptor,AR,"['MESH:D005474', 'UniProt:P10275', 'GO:0030521', 'GO:0046544', 'MESH:D005058']",5,4,1,['Drug - Protein - BiologicalProcess - Disease'],['Drug - increases activity of - Protein - positively regulates - BiologicalProcess - negatively correlated with - Disease'],What gene is most mechanistically related to the indication of Drug Fluoxymesterone to Disease Eunuchism?
2318,DB00687_MESH_D000312_2,DB:DB00687,MESH:C034635,MESH:D000312,UniProt:P08235,Fludrocortisone acetate,Adrenogenital disorder,Mineralocorticoid receptor,NR3C2,"['MESH:C034635', 'MESH:D005438', 'UniProt:P08235', 'MESH:D000450', 'MESH:D000312']",5,4,1,['Drug - ChemicalSubstance - Disease'],['Drug - has metabolite - ChemicalSubstance - negatively correlated with - Disease'],What gene is most mechanistically related to the indication of Drug Fludrocortisone acetate to Disease Adrenogenital disorder?
2319,DB01021_MESH_D006973_4,DB:DB01021,MESH:D014237,MESH:D006973,UniProt:P55017,Trichlormethiazide,Hypertension,Solute carrier family 12 member 3,SLC12A3,"['MESH:D014237', 'UniProt:P55017', 'GO:0070294', 'MESH:D012964', 'MESH:D006973']",5,4,1,['Drug - Protein - BiologicalProcess - ChemicalSubstance - Disease'],['Drug - decreases activity of - Protein - increases activity of - BiologicalProcess - increases abundance of - ChemicalSubstance - positively correlated with - Disease'],What gene is most mechanistically related to the indication of Drug Trichlormethiazide to Disease Hypertension?
2321,DB01185_MESH_D009634_2,DB:DB01185,MESH:D005474,MESH:D009634,UniProt:P10275,Fluoxymesterone,Noonan syndrome,Androgen receptor,AR,"['MESH:D005474', 'UniProt:P10275', 'GO:0030521', 'GO:0046544', 'MESH:D009634']",5,4,1,['Drug - Protein - BiologicalProcess - Disease'],['Drug - increases activity of - Protein - positively regulates - BiologicalProcess - negatively correlated with - Disease'],What gene is most mechanistically related to the indication of Drug Fluoxymesterone to Disease Noonan syndrome?
2324,DB00348_MESH_D020176_1,DB:DB00348,MESH:C077073,MESH:D020176,UniProt:P32754,Nitisinone,Tyrosinemia type I,4-hydroxyphenylpyruvate dioxygenase,HPD,"['MESH:C077073', 'UniProt:P32754', 'GO:0006572', 'MESH:C105171', 'HP:0001394', 'MESH:D020176']",6,5,1,['Drug - Protein - BiologicalProcess - ChemicalSubstance - PhenotypicFeature - Disease'],['Drug - decreases activity of - Protein - positively regulates - BiologicalProcess - produces - ChemicalSubstance - contributes to - PhenotypicFeature - manifestation of - Disease'],What gene is most mechanistically related to the indication of Drug Nitisinone to Disease Tyrosinemia type I?
2327,DB00629_MESH_D006973_1,DB:DB00629,MESH:D006143,MESH:D006973,UniProt:P08913,Guanabenz,Hypertension,Alpha-2A adrenergic receptor,ADRA2A,"['MESH:D006143', 'UniProt:P08913', 'GO:0004938', 'GO:0061533', 'HP:0000822', 'MESH:D006973']",6,5,1,['Drug - Protein - BiologicalProcess - PhenotypicFeature - Disease'],['Drug - increases activity of - Protein - positively correlated with - BiologicalProcess - positively regulates - PhenotypicFeature - positively correlated with - Disease'],What gene is most mechanistically related to the indication of Drug Guanabenz to Disease Hypertension?
2329,DB00717_MESH_D000152_1,DB:DB00717,MESH:D009640,MESH:D000152,UniProt:P10275,Norethisterone,Acne Vulgaris,Androgen receptor,AR,"['MESH:D009640', 'UniProt:P10275', 'MESH:D000728', 'MESH:D000152']",4,3,1,['Drug - Protein - ChemicalSubstance - Disease'],['Drug - increases activity of - Protein - molecularly interacts with - ChemicalSubstance - contributes to - Disease'],What gene is most mechanistically related to the indication of Drug Norethisterone to Disease Acne Vulgaris?
2330,DB00717_MESH_D004715_1,DB:DB00717,MESH:C024262,MESH:D004715,UniProt:P06401,Norethindrone acetate,Endometriosis,Progesterone receptor,PGR,"['MESH:C024262', 'UniProt:P06401', 'MESH:D011374', 'GO:0008283', 'UBERON:0001295', 'MESH:D004715']",6,5,1,['Drug - Protein - ChemicalSubstance - BiologicalProcess - GrossAnatomicalStructure - Disease'],['Drug - increases activity of - Protein - molecularly interacts with - ChemicalSubstance - negatively regulates - BiologicalProcess - located in - GrossAnatomicalStructure - positively correlated with - Disease'],What gene is most mechanistically related to the indication of Drug Norethindrone acetate to Disease Endometriosis?
2332,DB00717_MESH_D008595_2,DB:DB00717,MESH:D009640,MESH:D008595,UniProt:P06401,Norethisterone,Menorrhagia,Progesterone receptor,PGR,"['MESH:D009640', 'UniProt:P06401', 'UBERON:0001295', 'HP:0030126', 'GO:0050673', 'MESH:D008595']",6,5,1,['Drug - Protein - BiologicalProcess - GrossAnatomicalStructure - PhenotypicFeature - Disease'],['Drug - increases activity of - Protein - negatively regulates - BiologicalProcess - located in - GrossAnatomicalStructure - correlated with - PhenotypicFeature - causes - Disease'],What gene is most mechanistically related to the indication of Drug Norethisterone to Disease Menorrhagia?
2333,DB00717_MESH_D008796_1,DB:DB00717,MESH:D009640,MESH:D008796,UniProt:P06401,Norethisterone,Dysfunctional uterine bleeding,Progesterone receptor,PGR,"['MESH:D009640', 'UniProt:P06401', 'UBERON:0001295', 'HP:0030126', 'GO:0050673', 'MESH:D008796']",6,5,1,['Drug - Protein - BiologicalProcess - GrossAnatomicalStructure - PhenotypicFeature - Disease'],['Drug - increases activity of - Protein - negatively regulates - BiologicalProcess - located in - GrossAnatomicalStructure - correlated with - PhenotypicFeature - causes - Disease'],What gene is most mechanistically related to the indication of Drug Norethisterone to Disease Dysfunctional uterine bleeding?
2336,DB01171_MESH_D003866_1,DB:DB01171,MESH:D020912,MESH:D003866,UniProt:P21397,Moclobemide,Depressive disorder,Amine oxidase [flavin-containing] A,MAOA,"['MESH:D020912', 'UniProt:P21397', 'GO:0042402', 'MESH:D009638', 'MESH:D012701', 'GO:0099153', 'GO:0099155', 'MESH:D003866']",8,8,1,['Drug - Protein - BiologicalProcess - Disease'],['Drug - negatively regulates - Protein - positively regulates - BiologicalProcess - disrupted by - Disease'],What gene is most mechanistically related to the indication of Drug Moclobemide to Disease Depressive disorder?
2337,DB01271_MESH_D016532_1,DB:DB01271,DB:DB01271,MESH:D016532,UniProt:P22304,Idursulfase,"Mucopolysaccharidosis, MPS-II",Iduronate 2-sulfatase,IDS,"['DB:DB01271', 'UniProt:P22304', 'MESH:D006497', 'MESH:D003871', 'MESH:D016532']",5,5,1,['Drug - Protein - ChemicalSubstance - Disease'],['Drug - chemically similar to - Protein - decreases abundance of - ChemicalSubstance - contributes to - Disease'],"What gene is most mechanistically related to the indication of Drug Idursulfase to Disease Mucopolysaccharidosis, MPS-II?"
2338,DB01406_MESH_D005348_1,DB:DB01406,MESH:D003613,MESH:D005348,UniProt:P30968,Danazol,Fibrocystic breast changes,Gonadotropin-releasing hormone receptor,GNRHR,"['MESH:D003613', 'UniProt:P30968', 'MESH:D006065', 'GO:0006703', 'MESH:D004967', 'MESH:D005348']",6,5,1,['Drug - Protein - ChemicalSubstance - Disease'],['Drug - decreases activity of - Protein - increases abundance of - ChemicalSubstance - positively correlated with - Disease'],What gene is most mechanistically related to the indication of Drug Danazol to Disease Fibrocystic breast changes?
2341,DB13140_MESH_D003015_1,DB:DB13140,MESH:C000613978,MESH:D003015,UniProt:P18177,Bezlotoxumab,Clostridium difficile infection,Toxin B,N/A,"['MESH:C000613978', 'UniProt:P18177', 'taxonomy:1496', 'MESH:D003015']",4,3,1,['Drug - Protein - OrganismTaxon - Disease'],['Drug - decreases activity of - Protein - produced by - OrganismTaxon - causes - Disease'],What gene is most mechanistically related to the indication of Drug Bezlotoxumab to Disease Clostridium difficile infection?
2349,DB00525_MESH_D014008_1,DB:DB00525,MESH:D014047,MESH:D014008,UniProt:Q92206,Tolnaftate,Tinea Pedis,Squalene monooxygenase (Candida albicans),N/A,"['MESH:D014047', 'UniProt:Q92206', 'GO:0006696', 'MESH:D004875', 'GO:0042546', 'taxonomy:4751', 'MESH:D014008']",7,6,1,['Drug - Protein - BiologicalProcess - OrganismTaxon - Disease'],['Drug - decreases activity of - Protein - positively regulates - BiologicalProcess - occurs in - OrganismTaxon - causes - Disease'],What gene is most mechanistically related to the indication of Drug Tolnaftate to Disease Tinea Pedis?
2352,DB00672_MESH_D003924_1,DB:DB00672,MESH:D002747,MESH:D003924,UniProt:Q09428,Chlorpropamide,"Diabetes Mellitus, Type 2",ATP-binding cassette sub-family C member 8,ABCC8,"['MESH:D002747', 'UniProt:Q09428', 'GO:0005267', 'GO:0060081', 'GO:0070509', 'GO:0030073', 'HP:0003074', 'MESH:D003924']",8,7,1,['Drug - Protein - MolecularActivity - BiologicalProcess - PhenotypicFeature - Disease'],['Drug - decreases activity of - Protein - regulates - MolecularActivity - participates in - BiologicalProcess - negatively correlated with - PhenotypicFeature - manifestation of - Disease'],"What gene is most mechanistically related to the indication of Drug Chlorpropamide to Disease Diabetes Mellitus, Type 2?"
2354,DB00927_MESH_D013276_1,DB:DB00927,MESH:D015738,MESH:D013276,UniProt:P25021,Famotidine,Stomach Ulcer,Histamine H2 receptor,HRH2,"['MESH:D015738', 'UniProt:P25021', 'GO:0001696', 'MESH:D005744', 'InterPro:IPR034162', 'MESH:D013276']",6,5,1,['Drug - Protein - BiologicalProcess - ChemicalSubstance - GeneFamily - Disease'],['Drug - decreases activity of - Protein - positively regulates - BiologicalProcess - increases abundance of - ChemicalSubstance - positively regulates - GeneFamily - contributes to - Disease'],What gene is most mechanistically related to the indication of Drug Famotidine to Disease Stomach Ulcer?
2355,DB00927_MESH_D006356_1,DB:DB00927,MESH:D015738,MESH:D006356,UniProt:P25021,Famotidine,Heartburn,Histamine H2 receptor,HRH2,"['MESH:D015738', 'UniProt:P25021', 'GO:0001696', 'MESH:D005744', 'MESH:D006356']",5,4,1,['Drug - Protein - BiologicalProcess - ChemicalSubstance - Disease'],['Drug - decreases activity of - Protein - positively regulates - BiologicalProcess - increases abundance of - ChemicalSubstance - contributes to - Disease'],What gene is most mechanistically related to the indication of Drug Famotidine to Disease Heartburn?
2356,DB00927_MESH_D004415_1,DB:DB00927,MESH:D015738,MESH:D004415,UniProt:P25021,Famotidine,Dyspepsia,Histamine H2 receptor,HRH2,"['MESH:D015738', 'UniProt:P25021', 'GO:0001696', 'MESH:D005744', 'MESH:D006356', 'MESH:D004415']",6,5,1,['Drug - Protein - BiologicalProcess - ChemicalSubstance - Disease'],['Drug - decreases activity of - Protein - positively regulates - BiologicalProcess - increases abundance of - ChemicalSubstance - contributes to - Disease'],What gene is most mechanistically related to the indication of Drug Famotidine to Disease Dyspepsia?
2357,DB00927_MESH_D015043_1,DB:DB00927,MESH:D015738,MESH:D015043,UniProt:P25021,Famotidine,Zollinger-Ellison Syndrome,Histamine H2 receptor,HRH2,"['MESH:D015738', 'UniProt:P25021', 'GO:0001696', 'MESH:D005744', 'InterPro:IPR034162', 'HP:0004398', 'MESH:D015043']",7,6,1,['Drug - Protein - BiologicalProcess - ChemicalSubstance - GeneFamily - PhenotypicFeature - Disease'],['Drug - decreases activity of - Protein - positively regulates - BiologicalProcess - increases abundance of - ChemicalSubstance - positively regulates - GeneFamily - contributes to - PhenotypicFeature - manifestation of - Disease'],What gene is most mechanistically related to the indication of Drug Famotidine to Disease Zollinger-Ellison Syndrome?
2358,DB00927_MESH_D004381_1,DB:DB00927,MESH:D015738,MESH:D004381,UniProt:P25021,Famotidine,Duodenal Ulcer,Histamine H2 receptor,HRH2,"['MESH:D015738', 'UniProt:P25021', 'GO:0001696', 'MESH:D005744', 'InterPro:IPR034162', 'MESH:D004381']",6,5,1,['Drug - Protein - BiologicalProcess - ChemicalSubstance - GeneFamily - Disease'],['Drug - decreases activity of - Protein - positively regulates - BiologicalProcess - increases abundance of - ChemicalSubstance - positively regulates - GeneFamily - contributes to - Disease'],What gene is most mechanistically related to the indication of Drug Famotidine to Disease Duodenal Ulcer?
2359,DB00927_MESH_D004942_1,DB:DB00927,MESH:D015738,MESH:D004942,UniProt:P25021,Famotidine,"Esophagitis, Peptic",Histamine H2 receptor,HRH2,"['MESH:D015738', 'UniProt:P25021', 'GO:0001696', 'MESH:D005744', 'MESH:D004942']",5,4,1,['Drug - Protein - BiologicalProcess - ChemicalSubstance - Disease'],['Drug - decreases activity of - Protein - positively regulates - BiologicalProcess - increases abundance of - ChemicalSubstance - contributes to - Disease'],"What gene is most mechanistically related to the indication of Drug Famotidine to Disease Esophagitis, Peptic?"
2360,DB00927_MESH_D005764_1,DB:DB00927,MESH:D015738,MESH:D005764,UniProt:P25021,Famotidine,Gastroesophageal Reflux,Histamine H2 receptor,HRH2,"['MESH:D015738', 'UniProt:P25021', 'GO:0001696', 'MESH:D005744', 'MESH:D005764']",5,4,1,['Drug - Protein - BiologicalProcess - ChemicalSubstance - Disease'],['Drug - decreases activity of - Protein - positively regulates - BiologicalProcess - increases abundance of - ChemicalSubstance - contributes to - Disease'],What gene is most mechanistically related to the indication of Drug Famotidine to Disease Gastroesophageal Reflux?
2374,DB01285_MESH_D013262_1,DB:DB01285,DB:DB01285,MESH:D013262,UniProt:Q01718,corticotropin,Stevens-Johnson Syndrome,Adrenocorticotropic hormone receptor,MC2R,"['DB:DB01285', 'UniProt:Q01718', 'GO:0006954', 'HP:0100326', 'MESH:D013262']",5,4,1,['Drug - Protein - BiologicalProcess - PhenotypicFeature - Disease'],['Drug - positively regulates - Protein - negatively regulates - BiologicalProcess - correlated with - PhenotypicFeature - manifestation of - Disease'],What gene is most mechanistically related to the indication of Drug corticotropin to Disease Stevens-Johnson Syndrome?
2376,DB01438_MESH_D053159_1,DB:DB01438,MESH:D010621,MESH:D053159,UniProt:P35498,Phenazopyridine,Dysuria,sodium voltage-gated channel alpha subunit 1,SCN1A,"['MESH:D010621', 'UniProt:P35498', 'GO:0019233', 'HP:0012531', 'MESH:D053159']",5,4,1,['Drug - Protein - BiologicalProcess - PhenotypicFeature - Disease'],['Drug - disrupts - Protein - regulates - BiologicalProcess - correlated with - PhenotypicFeature - manifestation of - Disease'],What gene is most mechanistically related to the indication of Drug Phenazopyridine to Disease Dysuria?
2377,DB06643_MESH_D015663_1,DB:DB06643,MESH:D000069448,MESH:D015663,UniProt:O14788,denosumab,Postmenopausal osteoporosis,Tumor necrosis factor ligand superfamily member 11,TNFSF11,"['MESH:D000069448', 'UniProt:O14788', 'GO:0030316', 'GO:0045453', 'MESH:D015663']",5,4,1,['Drug - Protein - BiologicalProcess - Disease'],['Drug - disrupts - Protein - positively regulates - BiologicalProcess - positively correlated with - Disease'],What gene is most mechanistically related to the indication of Drug denosumab to Disease Postmenopausal osteoporosis?
2378,DB06643_MESH_D010024_1,DB:DB06643,MESH:D000069448,MESH:D010024,UniProt:O14788,denosumab,Osteoporosis,Tumor necrosis factor ligand superfamily member 11,TNFSF11,"['MESH:D000069448', 'UniProt:O14788', 'GO:0030316', 'GO:0045453', 'MESH:D010024']",5,4,1,['Drug - Protein - BiologicalProcess - Disease'],['Drug - disrupts - Protein - positively regulates - BiologicalProcess - positively correlated with - Disease'],What gene is most mechanistically related to the indication of Drug denosumab to Disease Osteoporosis?
2382,DB09070_MESH_D015663_1,DB:DB09070,MESH:C027385,MESH:D015663,UniProt:P03372,tibolone,Postmenopausal osteoporosis,Estrogen receptor,ESR1,"['MESH:C027385', 'UniProt:P03372', 'GO:0030520', 'GO:0045453', 'MESH:D015663']",5,4,1,['Drug - Protein - BiologicalProcess - Disease'],['Drug - increases activity of - Protein - positively regulates - BiologicalProcess - positively correlated with - Disease'],What gene is most mechanistically related to the indication of Drug tibolone to Disease Postmenopausal osteoporosis?
2387,DB01129_MESH_D005764_1,DB:DB01129,MESH:D064750,MESH:D005764,UniProt:P20648,rabeprazole,Gastroesophageal Reflux,Potassium-transporting ATPase alpha chain 1,ATP4A,"['MESH:D064750', 'UniProt:P20648', 'GO:0008900', 'UBERON:0000325', 'GO:0001696', 'MESH:D006356', 'MESH:D005764']",7,6,1,['Drug - Protein - MolecularActivity - GrossAnatomicalStructure - BiologicalProcess - PhenotypicFeature - Disease'],['Drug - decreases activity of - Protein - positively correlated with - MolecularActivity - located in - GrossAnatomicalStructure - location of - BiologicalProcess - positively correlated with - PhenotypicFeature - manifestation of - Disease'],What gene is most mechanistically related to the indication of Drug rabeprazole to Disease Gastroesophageal Reflux?
2388,DB01129_MESH_D010437_1,DB:DB01129,MESH:D064750,MESH:D010437,UniProt:P20648,rabeprazole,Peptic Ulcer,Potassium-transporting ATPase alpha chain 1,ATP4A,"['MESH:D064750', 'UniProt:P20648', 'GO:0001696', 'MESH:D005744', 'MESH:D010437']",5,4,1,['Drug - Protein - BiologicalProcess - ChemicalSubstance - Disease'],['Drug - decreases activity of - Protein - positively regulates - BiologicalProcess - increases abundance of - ChemicalSubstance - positively correlated with - Disease'],What gene is most mechanistically related to the indication of Drug rabeprazole to Disease Peptic Ulcer?
2389,DB01129_MESH_D015043_1,DB:DB01129,MESH:D064750,MESH:D015043,UniProt:P20648,rabeprazole,Zollinger-Ellison Syndrome,Potassium-transporting ATPase alpha chain 1,ATP4A,"['MESH:D064750', 'UniProt:P20648', 'GO:0001696', 'MESH:D005744', 'HP:0002588', 'HP:0004398', 'MESH:D015043']",7,7,1,['Drug - Protein - BiologicalProcess - ChemicalSubstance - PhenotypicFeature - Disease'],['Drug - decreases activity of - Protein - positively regulates - BiologicalProcess - increases abundance of - ChemicalSubstance - positively correlated with - PhenotypicFeature - manifestation of - Disease'],What gene is most mechanistically related to the indication of Drug rabeprazole to Disease Zollinger-Ellison Syndrome?
2390,DB01129_MESH_D034721_1,DB:DB01129,MESH:D064750,MESH:D034721,UniProt:P20648,rabeprazole,Systemic mast cell disease,Potassium-transporting ATPase alpha chain 1,ATP4A,"['MESH:D064750', 'UniProt:P20648', 'GO:0001696', 'MESH:D005744', 'HP:0004398', 'MESH:D034721']",6,5,1,['Drug - Protein - BiologicalProcess - ChemicalSubstance - PhenotypicFeature - Disease'],['Drug - decreases activity of - Protein - positively regulates - BiologicalProcess - increases abundance of - ChemicalSubstance - positively correlated with - PhenotypicFeature - manifestation of - Disease'],What gene is most mechanistically related to the indication of Drug rabeprazole to Disease Systemic mast cell disease?
2391,DB01129_MESH_D009377_1,DB:DB01129,MESH:D064750,MESH:D009377,UniProt:P20648,rabeprazole,Multiple endocrine adenomas,Potassium-transporting ATPase alpha chain 1,ATP4A,"['MESH:D064750', 'UniProt:P20648', 'GO:0001696', 'MESH:D005744', 'HP:0004398', 'MESH:D009377']",6,5,1,['Drug - Protein - BiologicalProcess - ChemicalSubstance - PhenotypicFeature - Disease'],['Drug - decreases activity of - Protein - positively regulates - BiologicalProcess - increases abundance of - ChemicalSubstance - positively correlated with - PhenotypicFeature - manifestation of - Disease'],What gene is most mechanistically related to the indication of Drug rabeprazole to Disease Multiple endocrine adenomas?
2392,DB01129_MESH_D004381_1,DB:DB01129,MESH:D064750,MESH:D004381,UniProt:P20648,rabeprazole,Duodenal Ulcer,Potassium-transporting ATPase alpha chain 1,ATP4A,"['MESH:D064750', 'UniProt:P20648', 'GO:0001696', 'MESH:D005744', 'MESH:D004381']",5,4,1,['Drug - Protein - BiologicalProcess - ChemicalSubstance - Disease'],['Drug - decreases activity of - Protein - positively regulates - BiologicalProcess - increases abundance of - ChemicalSubstance - positively correlated with - Disease'],What gene is most mechanistically related to the indication of Drug rabeprazole to Disease Duodenal Ulcer?
2394,DB00482_MESH_D010003_1,DB:DB00482,MESH:D000068579,MESH:D010003,UniProt:P35354,celecoxib,Osteoarthritis,Prostaglandin G/H synthase 2,PTGS2,"['MESH:D000068579', 'UniProt:P35354', 'reactome:R-HSA-2162123', 'MESH:D011453', 'HP:0002829', 'HP:0001386', 'MESH:D010003']",7,7,1,['Drug - Protein - Pathway - ChemicalSubstance - PhenotypicFeature - Disease'],['Drug - decreases activity of - Protein - participates in - Pathway - increases abundance of - ChemicalSubstance - positively correlated with - PhenotypicFeature - manifestation of - Disease'],What gene is most mechanistically related to the indication of Drug celecoxib to Disease Osteoarthritis?
2395,DB00482_MESH_D013167_1,DB:DB00482,MESH:D000068579,MESH:D013167,UniProt:P35354,celecoxib,Ankylosing spondylitis,Prostaglandin G/H synthase 2,PTGS2,"['MESH:D000068579', 'UniProt:P35354', 'reactome:R-HSA-2162123', 'MESH:D011453', 'HP:0001369', 'HP:0002829', 'HP:0001386', 'MESH:D013167']",8,9,1,['Drug - Protein - Pathway - ChemicalSubstance - PhenotypicFeature - Disease'],['Drug - decreases activity of - Protein - participates in - Pathway - increases abundance of - ChemicalSubstance - positively correlated with - PhenotypicFeature - manifestation of - Disease'],What gene is most mechanistically related to the indication of Drug celecoxib to Disease Ankylosing spondylitis?
2396,DB00482_MESH_D001172_1,DB:DB00482,MESH:D000068579,MESH:D001172,UniProt:P35354,celecoxib,Rheumatoid arthritis,Prostaglandin G/H synthase 2,PTGS2,"['MESH:D000068579', 'UniProt:P35354', 'reactome:R-HSA-2162123', 'MESH:D011453', 'HP:0002829', 'HP:0001386', 'MESH:D001172']",7,7,1,['Drug - Protein - Pathway - ChemicalSubstance - PhenotypicFeature - Disease'],['Drug - decreases activity of - Protein - participates in - Pathway - increases abundance of - ChemicalSubstance - positively correlated with - PhenotypicFeature - manifestation of - Disease'],What gene is most mechanistically related to the indication of Drug celecoxib to Disease Rheumatoid arthritis?
2397,DB00482_MESH_D004412_1,DB:DB00482,MESH:D000068579,MESH:D004412,UniProt:P35354,celecoxib,Dysmenorrhea,Prostaglandin G/H synthase 2,PTGS2,"['MESH:D000068579', 'UniProt:P35354', 'reactome:R-HSA-2162123', 'MESH:D011453', 'HP:0012531', 'MESH:D004412']",6,5,1,['Drug - Protein - BiologicalProcess - ChemicalSubstance - PhenotypicFeature - Disease'],['Drug - decreases activity of - Protein - participates in - BiologicalProcess - increases abundance of - ChemicalSubstance - positively correlated with - PhenotypicFeature - manifestation of - Disease'],What gene is most mechanistically related to the indication of Drug celecoxib to Disease Dysmenorrhea?
2398,DB00482_MESH_D001171_1,DB:DB00482,MESH:D000068579,MESH:D001171,UniProt:P35354,celecoxib,"Arthritis, Juvenile",Prostaglandin G/H synthase 2,PTGS2,"['MESH:D000068579', 'UniProt:P35354', 'reactome:R-HSA-2162123', 'MESH:D011453', 'HP:0002829', 'HP:0001386', 'MESH:D001171']",7,7,1,['Drug - Protein - Pathway - ChemicalSubstance - PhenotypicFeature - Disease'],['Drug - decreases activity of - Protein - participates in - Pathway - increases abundance of - ChemicalSubstance - positively correlated with - PhenotypicFeature - manifestation of - Disease'],"What gene is most mechanistically related to the indication of Drug celecoxib to Disease Arthritis, Juvenile?"
2400,DB00376_MESH_D010300_1,DB:DB00376,MESH:D014282,MESH:D010300,UniProt:P11229,trihexyphenidyl,Parkinson's disease,Muscarinic acetylcholine receptor M1,CHRM1,"['MESH:D014282', 'UniProt:P11229', 'GO:0007274', 'HP:0003394', 'MESH:D010300']",5,4,1,['Drug - Protein - BiologicalProcess - PhenotypicFeature - Disease'],['Drug - negatively regulates - Protein - positively regulates - BiologicalProcess - precedes - PhenotypicFeature - manifestation of - Disease'],What gene is most mechanistically related to the indication of Drug trihexyphenidyl to Disease Parkinson's disease?
2401,DB00376_MESH_D010301_1,DB:DB00376,MESH:D014282,MESH:D010301,UniProt:P11229,trihexyphenidyl,Postencephalitic parkinsonism,Muscarinic acetylcholine receptor M1,CHRM1,"['MESH:D014282', 'UniProt:P11229', 'GO:0007274', 'HP:0002071', 'MESH:D010301']",5,4,1,['Drug - Protein - BiologicalProcess - PhenotypicFeature - Disease'],['Drug - negatively regulates - Protein - positively regulates - BiologicalProcess - precedes - PhenotypicFeature - manifestation of - Disease'],What gene is most mechanistically related to the indication of Drug trihexyphenidyl to Disease Postencephalitic parkinsonism?
2402,DB00376_MESH_D001480_1,DB:DB00376,MESH:D014282,MESH:D001480,UniProt:P11229,trihexyphenidyl,Extrapyramidal disease,Muscarinic acetylcholine receptor M1,CHRM1,"['MESH:D014282', 'UniProt:P11229', 'GO:0007274', 'HP:0002071', 'MESH:D001480']",5,4,1,['Drug - Protein - BiologicalProcess - PhenotypicFeature - Disease'],['Drug - negatively regulates - Protein - positively regulates - BiologicalProcess - precedes - PhenotypicFeature - manifestation of - Disease'],What gene is most mechanistically related to the indication of Drug trihexyphenidyl to Disease Extrapyramidal disease?
2403,DB00376_MESH_D020734_1,DB:DB00376,MESH:D014282,MESH:D020734,UniProt:P11229,trihexyphenidyl,Parkinsonism,Muscarinic acetylcholine receptor M1,CHRM1,"['MESH:D014282', 'UniProt:P11229', 'GO:0007274', 'HP:0100022', 'MESH:D020734']",5,4,1,['Drug - Protein - BiologicalProcess - PhenotypicFeature - Disease'],['Drug - negatively regulates - Protein - positively regulates - BiologicalProcess - precedes - PhenotypicFeature - manifestation of - Disease'],What gene is most mechanistically related to the indication of Drug trihexyphenidyl to Disease Parkinsonism?
2417,DB00934_MESH_D003866_1,DB:DB00934,MESH:D008376,MESH:D003866,UniProt:P23975,Maprotiline,Depressive disorder,Sodium-dependent noradrenaline transporter,SLC6A2,"['MESH:D008376', 'UniProt:P23975', 'GO:0051620', 'UBERON:0027221', 'HP:0000716', 'MESH:D003866']",6,5,1,['Drug - Protein - BiologicalProcess - GrossAnatomicalStructure - PhenotypicFeature - Disease'],['Drug - decreases activity of - Protein - participates in - BiologicalProcess - located in - GrossAnatomicalStructure - participates in - PhenotypicFeature - correlated with - Disease'],What gene is most mechanistically related to the indication of Drug Maprotiline to Disease Depressive disorder?
2418,DB08907_MESH_D003924_2,DB:DB08907,MESH:C529054,MESH:D003924,UniProt:P31639,dapagliflozin,"Diabetes Mellitus, Type 2",Sodium/glucose cotransporter 2,SLC5A2,"['MESH:C529054', 'UniProt:P31639', 'GO:0035623', 'HP:0003076', 'MESH:D001786', 'MESH:D003924']",6,5,1,['Drug - Protein - BiologicalProcess - PhenotypicFeature - ChemicalSubstance - Disease'],['Drug - decreases activity of - Protein - participates in - BiologicalProcess - prevents - PhenotypicFeature - decreases abundance of - ChemicalSubstance - correlated with - Disease'],"What gene is most mechanistically related to the indication of Drug dapagliflozin to Disease Diabetes Mellitus, Type 2?"
2423,DB13132_MESH_D016778_1,DB:DB13132,MESH:C031327,MESH:D016778,UniProt:Q8I3Z5,artemisinin,Falciparum malaria,Translationally controlled tumor protein (TCTP) homolog,N/A,"['MESH:C031327', 'CHEBI:207229', 'UniProt:Q8I3Z5', 'taxonomy:5833', 'MESH:D016778']",5,4,1,['Drug - ChemicalSubstance - Protein - OrganismTaxon - Disease'],['Drug - has metabolite - ChemicalSubstance - decreases activity of - Protein - part of - OrganismTaxon - causes - Disease'],What gene is most mechanistically related to the indication of Drug artemisinin to Disease Falciparum malaria?
2424,DB08872_MESH_D051474_2,DB:DB08872,MESH:C493250,MESH:D051474,UniProt:Q9NY47,Gabapentin enacarbil,Postherpetic neuralgia,Voltage-dependent calcium channel subunit alpha-2/delta-2,CACNA2D2,"['MESH:C493250', 'CHEBI:42797', 'UniProt:Q9NY47', 'GO:0098793', 'GO:0070509', 'GO:0007269', 'HP:0012531', 'MESH:D051474']",8,7,1,['Drug - ChemicalSubstance - Protein - CellularComponent - BiologicalProcess - PhenotypicFeature - Disease'],['Drug - has metabolite - ChemicalSubstance - decreases activity of - Protein - located in - CellularComponent - participates in - BiologicalProcess - participates in - PhenotypicFeature - correlated with - Disease'],What gene is most mechanistically related to the indication of Drug Gabapentin enacarbil to Disease Postherpetic neuralgia?
2425,DB08872_MESH_D012148_2,DB:DB08872,MESH:C493250,MESH:D012148,UniProt:Q9NY47,Gabapentin enacarbil,Restless legs,Voltage-dependent calcium channel subunit alpha-2/delta-2,CACNA2D2,"['MESH:C493250', 'CHEBI:42797', 'UniProt:Q9NY47', 'GO:0098793', 'GO:0070509', 'GO:0007269', 'HP:0012514', 'MESH:D012148']",8,7,1,['Drug - ChemicalSubstance - Protein - CellularComponent - BiologicalProcess - PhenotypicFeature - Disease'],['Drug - has metabolite - ChemicalSubstance - decreases activity of - Protein - located in - CellularComponent - participates in - BiologicalProcess - participates in - PhenotypicFeature - correlated with - Disease'],What gene is most mechanistically related to the indication of Drug Gabapentin enacarbil to Disease Restless legs?
2426,DB00396_MESH_D059268_1,DB:DB00396,MESH:D011374,MESH:D059268,UniProt:P06401,Progesterone,Atrophic Vaginitis,Progesterone receptor,PGR,"['MESH:D011374', 'UniProt:P06401', 'GO:0050847', 'MESH:D059268']",4,3,1,['Drug - Protein - BiologicalProcess - Disease'],['Drug - increases activity of - Protein - participates in - BiologicalProcess - treats - Disease'],What gene is most mechanistically related to the indication of Drug Progesterone to Disease Atrophic Vaginitis?
2427,DB00396_MESH_D008796_1,DB:DB00396,DB:DB00396,MESH:D008796,UniProt:P06401,Progesterone,Dysfunctional uterine bleeding,Progesterone receptor,PGR,"['DB:DB00396', 'UniProt:P06401', 'GO:0050847', 'UBERON:0001295', 'HP:0030126', 'GO:0050673', 'MESH:D008796']",7,6,1,['Drug - Protein - BiologicalProcess - GrossAnatomicalStructure - PhenotypicFeature - Disease'],['Drug - increases activity of - Protein - participates in - BiologicalProcess - located in - GrossAnatomicalStructure - correlated with - PhenotypicFeature - causes - Disease'],What gene is most mechanistically related to the indication of Drug Progesterone to Disease Dysfunctional uterine bleeding?
2429,DB00396_MESH_D004715_1,DB:DB00396,DB:DB00396,MESH:D004715,UniProt:P06401,Progesterone,Endometriosis,Progesterone receptor,PGR,"['DB:DB00396', 'UniProt:P06401', 'GO:0050847', 'UBERON:0001295', 'GO:0050673', 'MESH:D004715']",6,5,1,['Drug - Protein - BiologicalProcess - GrossAnatomicalStructure - Disease'],['Drug - increases activity of - Protein - participates in - BiologicalProcess - located in - GrossAnatomicalStructure - positively correlated with - Disease'],What gene is most mechanistically related to the indication of Drug Progesterone to Disease Endometriosis?
2431,DB00396_MESH_D016889_1,DB:DB00396,DB:DB00396,MESH:D016889,UniProt:P06401,Progesterone,Endometrial carcinoma,Progesterone receptor,PGR,"['DB:DB00396', 'UniProt:P06401', 'GO:0050847', 'GO:0008283', 'UBERON:0001295', 'MESH:D016889']",6,5,1,['Drug - Protein - BiologicalProcess - GrossAnatomicalStructure - Disease'],['Drug - increases activity of - Protein - participates in - BiologicalProcess - located in - GrossAnatomicalStructure - positively correlated with - Disease'],What gene is most mechanistically related to the indication of Drug Progesterone to Disease Endometrial carcinoma?
2436,DB01257_MESH_D006457_1,DB:DB01257,MESH:C481642,MESH:D006457,UniProt:P01031,Eculizumab,Paroxysmal nocturnal hemoglobinuria,Complement C5,C5,"['MESH:C481642', 'UniProt:P01031', 'GO:0006956', 'HP:0001878', 'MESH:D006457']",5,4,1,['Drug - Protein - BiologicalProcess - PhenotypicFeature - Disease'],['Drug - decreases activity of - Protein - participates in - BiologicalProcess - contributes to - PhenotypicFeature - manifestation of - Disease'],What gene is most mechanistically related to the indication of Drug Eculizumab to Disease Paroxysmal nocturnal hemoglobinuria?
2441,DB06168_MESH_D015210_1,DB:DB06168,MESH:C541220,MESH:D015210,UniProt:P01584,Canakinumab,Articular gout,Interleukin-1 beta,IL1B,"['MESH:C541220', 'UniProt:P01584', 'HP:0005059', 'GO:0006954', 'MESH:D015210']",5,4,1,['Drug - Protein - BiologicalProcess - PhenotypicFeature - Disease'],['Drug - decreases activity of - Protein - positively regulates - BiologicalProcess - has phenotype - PhenotypicFeature - manifestation of - Disease'],What gene is most mechanistically related to the indication of Drug Canakinumab to Disease Articular gout?
2446,DB06267_MESH_D007172_1,DB:DB06267,MESH:C419664,MESH:D007172,UniProt:O76074,Udenafil,Impotence,"cGMP-specific 3',5'-cyclic phosphodiesterase",PDE5A,"['MESH:C419664', 'UniProt:O76074', 'CHEBI:16356', 'GO:0044557', 'GO:0008015', 'GO:0043084', 'MESH:D007172']",7,6,1,['Drug - Protein - ChemicalSubstance - BiologicalProcess - Disease'],['Drug - decreases activity of - Protein - decreases abundance of - ChemicalSubstance - positively regulates - BiologicalProcess - negatively correlated with - Disease'],What gene is most mechanistically related to the indication of Drug Udenafil to Disease Impotence?
2447,DB08819_MESH_D009798_1,DB:DB08819,MESH:C485333,MESH:D009798,UniProt:P43088,Tafluprost,Ocular hypertension,Prostaglandin F2-alpha receptor,PTGFR,"['MESH:C485333', 'UniProt:P43088', 'GO:0008237', 'GO:0031012', 'UBERON:0001796', 'MESH:D009798']",6,5,1,['Drug - Protein - BiologicalProcess - CellularComponent - GrossAnatomicalStructure - Disease'],['Drug - increases activity of - Protein - positively regulates - BiologicalProcess - decreases abundance of - CellularComponent - positively correlated with - GrossAnatomicalStructure - positively correlated with - Disease'],What gene is most mechanistically related to the indication of Drug Tafluprost to Disease Ocular hypertension?
2448,DB08819_MESH_D005902_1,DB:DB08819,MESH:C485333,MESH:D005902,UniProt:P43088,Tafluprost,Open-angle glaucoma,Prostaglandin F2-alpha receptor,PTGFR,"['MESH:C485333', 'UniProt:P43088', 'GO:0008237', 'GO:0031012', 'UBERON:0001796', 'HP:0007906', 'MESH:D005902']",7,6,1,['Drug - Protein - BiologicalProcess - CellularComponent - GrossAnatomicalStructure - PhenotypicFeature - Disease'],['Drug - increases activity of - Protein - positively regulates - BiologicalProcess - decreases abundance of - CellularComponent - positively correlated with - GrossAnatomicalStructure - positively correlated with - PhenotypicFeature - affects risk for - Disease'],What gene is most mechanistically related to the indication of Drug Tafluprost to Disease Open-angle glaucoma?
2449,DB09037_MESH_D002289_1,DB:DB09037,DB:DB09037,MESH:D002289,UniProt:Q15116,Pembrolizumab,Non-small cell lung cancer,Programmed cell death protein 1,PDCD1,"['DB:DB09037', 'UniProt:Q15116', 'GO:0042098', 'GO:0042110', 'GO:0002424', 'MESH:D002289']",6,6,1,['Drug - Protein - BiologicalProcess - Disease'],['Drug - decreases activity of - Protein - negatively regulates - BiologicalProcess - negatively correlated with - Disease'],What gene is most mechanistically related to the indication of Drug Pembrolizumab to Disease Non-small cell lung cancer?
2458,DB00446_MESH_D014435_1,DB:DB00446,MESH:D002701,MESH:D014435,UniProt:Q8XET6,chloramphenicol,Typhoid fever,50S ribosomal protein L16,N/A,"['MESH:D002701', 'UniProt:Q8XET6', 'GO:0006412', 'taxonomy:90370', 'MESH:D014435']",5,4,1,['Drug - Protein - BiologicalProcess - OrganismTaxon - Disease'],['Drug - negatively regulates - Protein - positively regulates - BiologicalProcess - in taxon - OrganismTaxon - causes - Disease'],What gene is most mechanistically related to the indication of Drug chloramphenicol to Disease Typhoid fever?
2466,DB01283_MESH_D010003_1,DB:DB01283,MESH:C473384,MESH:D010003,UniProt:P35354,lumiracoxib,Osteoarthritis,Prostaglandin G/H synthase 2,PTGS2,"['MESH:C473384', 'UniProt:P35354', 'reactome:R-HSA-2162123', 'MESH:D011453', 'HP:0002829', 'HP:0001386', 'MESH:D010003']",7,7,1,['Drug - Protein - Pathway - ChemicalSubstance - PhenotypicFeature - Disease'],['Drug - decreases activity of - Protein - participates in - Pathway - increases abundance of - ChemicalSubstance - positively correlated with - PhenotypicFeature - manifestation of - Disease'],What gene is most mechanistically related to the indication of Drug lumiracoxib to Disease Osteoarthritis?
2469,DB05018_MESH_D000795_1,DB:DB05018,MESH:C090092,MESH:D000795,UniProt:P06280,migalastat,Fabry's disease,Alpha-galactosidase A,GLA,"['MESH:C090092', 'UniProt:P06280', 'GO:0046479', 'MESH:D013107', 'MESH:D000795']",5,4,1,['Drug - Protein - BiologicalProcess - ChemicalSubstance - Disease'],['Drug - decreases activity of - Protein - positively regulates - BiologicalProcess - increases abundance of - ChemicalSubstance - positively correlated with - Disease'],What gene is most mechanistically related to the indication of Drug migalastat to Disease Fabry's disease?
2470,DB09331_MESH_D009101_1,DB:DB09331,MESH:C556306,MESH:D009101,UniProt:P28907,daratumumab,Multiple myeloma,ADP-ribosyl cyclase/cyclic ADP-ribose hydrolase 1,CD38,"['MESH:C556306', 'UniProt:P28907', 'GO:0016049', 'GO:0006915', 'GO:0042100', 'MESH:D009101']",6,7,1,['Drug - Protein - BiologicalProcess - Disease'],['Drug - decreases activity of - Protein - positively regulates - BiologicalProcess - positively correlated with - Disease'],What gene is most mechanistically related to the indication of Drug daratumumab to Disease Multiple myeloma?
2475,DB00436_MESH_D006973_1,DB:DB00436,MESH:D001539,MESH:D006973,UniProt:P55017,Bendroflumethiazide,Hypertension,Solute carrier family 12 member 3,SLC12A3,"['MESH:D001539', 'UniProt:P55017', 'GO:0070294', 'GO:0003092', 'HP:0011104', 'GO:0045777', 'MESH:D006973']",7,6,1,['Drug - Protein - BiologicalProcess - Disease'],['Drug - decreases activity of - Protein - participates in - BiologicalProcess - affects risk for - Disease'],What gene is most mechanistically related to the indication of Drug Bendroflumethiazide to Disease Hypertension?
2477,DB00524_MESH_D006973_2,DB:DB00524,MESH:D008788,MESH:D006973,UniProt:P55017,Metolazone,Hypertension,Solute carrier family 12 member 3,SLC12A3,"['MESH:D008788', 'UniProt:P55017', 'GO:0070294', 'GO:0003092', 'HP:0011104', 'GO:0045777', 'MESH:D006973']",7,6,1,['Drug - Protein - BiologicalProcess - Disease'],['Drug - decreases activity of - Protein - participates in - BiologicalProcess - affects risk for - Disease'],What gene is most mechanistically related to the indication of Drug Metolazone to Disease Hypertension?
2478,DB00816_MESH_D001249_1,DB:DB00816,MESH:D009921,MESH:D001249,UniProt:P07550,Orciprenaline,Asthma,Beta-2 adrenergic receptor,ADRB2,"['MESH:D009921', 'UniProt:P07550', 'InterPro:IPR030672', 'MESH:D000242', 'GO:0044557', 'GO:0097366', 'MESH:D001249']",7,6,1,['Drug - Protein - GeneFamily - ChemicalSubstance - BiologicalProcess - Disease'],['Drug - increases activity of - Protein - positively regulates - GeneFamily - increases abundance of - ChemicalSubstance - causes - BiologicalProcess - negatively correlated with - Disease'],What gene is most mechanistically related to the indication of Drug Orciprenaline to Disease Asthma?
2479,DB00816_MESH_D001991_1,DB:DB00816,MESH:D009921,MESH:D001991,UniProt:P07550,Orciprenaline,Bronchitis,Beta-2 adrenergic receptor,ADRB2,"['MESH:D009921', 'UniProt:P07550', 'InterPro:IPR030672', 'MESH:D000242', 'GO:0044557', 'GO:0097366', 'MESH:D001991']",7,6,1,['Drug - Protein - GeneFamily - ChemicalSubstance - BiologicalProcess - Disease'],['Drug - increases activity of - Protein - positively regulates - GeneFamily - increases abundance of - ChemicalSubstance - causes - BiologicalProcess - negatively correlated with - Disease'],What gene is most mechanistically related to the indication of Drug Orciprenaline to Disease Bronchitis?
2497,DB09075_MESH_D011655_1,DB:DB09075,MESH:C552171,MESH:D011655,UniProt:P00742,Edoxaban,Pulmonary embolism,Coagulation factor X,F10,"['MESH:C552171', 'UniProt:P00742', 'GO:0072378', 'UBERON:0010210', 'MESH:D011655']",5,4,1,['Drug - Protein - BiologicalProcess - GrossAnatomicalStructure - Disease'],['Drug - decreases activity of - Protein - positively regulates - BiologicalProcess - has output - GrossAnatomicalStructure - occurs in - Disease'],What gene is most mechanistically related to the indication of Drug Edoxaban to Disease Pulmonary embolism?
2498,DB09075_MESH_D004617_1,DB:DB09075,MESH:C552171,MESH:D004617,UniProt:P00742,Edoxaban,Embolism,Coagulation factor X,F10,"['MESH:C552171', 'UniProt:P00742', 'GO:0072378', 'UBERON:0010210', 'MESH:D004617']",5,4,1,['Drug - Protein - BiologicalProcess - GrossAnatomicalStructure - Disease'],['Drug - decreases activity of - Protein - positively regulates - BiologicalProcess - has output - GrossAnatomicalStructure - occurs in - Disease'],What gene is most mechanistically related to the indication of Drug Edoxaban to Disease Embolism?
2509,DB00737_MESH_D009041_1,DB:DB00737,MESH:D008468,MESH:D009041,UniProt:P35367,meclozine,Motion sickness,Histamine H1 receptor,HRH1,"['MESH:D008468', 'UniProt:P35367', 'GO:0007271', 'HP:0002017', 'MESH:D009041']",5,4,1,['Drug - Protein - BiologicalProcess - PhenotypicFeature - Disease'],['Drug - decreases activity of - Protein - positively regulates - BiologicalProcess - positively correlated with - PhenotypicFeature - manifestation of - Disease'],What gene is most mechanistically related to the indication of Drug meclozine to Disease Motion sickness?
2510,DB00737_MESH_D014717_1,DB:DB00737,MESH:D008468,MESH:D014717,UniProt:P35367,meclozine,Vertigo,Histamine H1 receptor,HRH1,"['MESH:D008468', 'UniProt:P35367', 'GO:0007271', 'HP:0002017', 'MESH:D014717']",5,4,1,['Drug - Protein - BiologicalProcess - PhenotypicFeature - Disease'],['Drug - decreases activity of - Protein - positively regulates - BiologicalProcess - positively correlated with - PhenotypicFeature - manifestation of - Disease'],What gene is most mechanistically related to the indication of Drug meclozine to Disease Vertigo?
2511,DB00985_MESH_D009041_1,DB:DB00985,MESH:D004111,MESH:D009041,UniProt:P35367,dimenhydrinate,Motion sickness,Histamine H1 receptor,HRH1,"['MESH:D004111', 'UniProt:P35367', 'GO:0007271', 'HP:0002017', 'MESH:D009041']",5,4,1,['Drug - Protein - BiologicalProcess - PhenotypicFeature - Disease'],['Drug - decreases activity of - Protein - positively regulates - BiologicalProcess - positively correlated with - PhenotypicFeature - manifestation of - Disease'],What gene is most mechanistically related to the indication of Drug dimenhydrinate to Disease Motion sickness?
2512,DB00985_MESH_D009325_1,DB:DB00985,MESH:D004111,MESH:D009325,UniProt:P35367,dimenhydrinate,Nausea,Histamine H1 receptor,HRH1,"['MESH:D004111', 'UniProt:P35367', 'GO:0007271', 'MESH:D009325']",4,3,1,['Drug - Protein - BiologicalProcess - Disease'],['Drug - decreases activity of - Protein - positively regulates - BiologicalProcess - positively correlated with - Disease'],What gene is most mechanistically related to the indication of Drug dimenhydrinate to Disease Nausea?
2513,DB00985_MESH_D014717_1,DB:DB00985,MESH:D004111,MESH:D014717,UniProt:P35367,dimenhydrinate,Vertigo,Histamine H1 receptor,HRH1,"['MESH:D004111', 'UniProt:P35367', 'GO:0007271', 'HP:0002017', 'MESH:D014717']",5,4,1,['Drug - Protein - BiologicalProcess - PhenotypicFeature - Disease'],['Drug - decreases activity of - Protein - positively regulates - BiologicalProcess - positively correlated with - PhenotypicFeature - manifestation of - Disease'],What gene is most mechanistically related to the indication of Drug dimenhydrinate to Disease Vertigo?
2514,DB00985_MESH_D014839_1,DB:DB00985,MESH:D004111,MESH:D014839,UniProt:P35367,dimenhydrinate,Vomiting,Histamine H1 receptor,HRH1,"['MESH:D004111', 'UniProt:P35367', 'GO:0007271', 'MESH:D014839']",4,3,1,['Drug - Protein - BiologicalProcess - Disease'],['Drug - decreases activity of - Protein - positively regulates - BiologicalProcess - positively correlated with - Disease'],What gene is most mechanistically related to the indication of Drug dimenhydrinate to Disease Vomiting?
2515,DB00774_MESH_D004487_1,DB:DB00774,MESH:D006857,MESH:D004487,UniProt:P55017,hydroflumethiazide,Edema,Solute carrier family 12 member 3,SLC12A3,"['MESH:D006857', 'UniProt:P55017', 'GO:0070294', 'GO:0003092', 'MESH:D004487']",5,4,1,['Drug - Protein - BiologicalProcess - Disease'],['Drug - decreases activity of - Protein - positively regulates - BiologicalProcess - positively correlated with - Disease'],What gene is most mechanistically related to the indication of Drug hydroflumethiazide to Disease Edema?
2517,DB01081_MESH_D003967_1,DB:DB01081,MESH:D004157,MESH:D003967,UniProt:P35372,diphenoxylate,Diarrhea,Mu-type opioid receptor,OPRM1,"['MESH:D004157', 'DB:DB01501', 'UniProt:P35372', 'GO:0120054', 'MESH:D003967']",5,4,1,['Drug - ChemicalSubstance - Protein - BiologicalProcess - Disease'],['Drug - has metabolite - ChemicalSubstance - increases activity of - Protein - negatively regulates - BiologicalProcess - positively correlated with - Disease'],What gene is most mechanistically related to the indication of Drug diphenoxylate to Disease Diarrhea?
2519,DB09027_MESH_D019698_1,DB:DB09027,MESH:C586541,MESH:D019698,UniProt:Q5L478,ledipasvir,Chronic hepatitis C,Nonstructural protein 5A,N/A,"['MESH:C586541', 'UniProt:Q5L478', 'GO:0003968', 'taxonomy:11103', 'MESH:D019698']",5,4,1,['Drug - Protein - MolecularActivity - OrganismTaxon - Disease'],['Drug - negatively regulates - Protein - positively regulates - MolecularActivity - in taxon - OrganismTaxon - causes - Disease'],What gene is most mechanistically related to the indication of Drug ledipasvir to Disease Chronic hepatitis C?
2531,DB01291_MESH_D001991_1,DB:DB01291,MESH:C009118,MESH:D001991,UniProt:P07550,Pirbuterol,Bronchitis,Beta-2 adrenergic receptor,ADRB2,"['MESH:C009118', 'UniProt:P07550', 'InterPro:IPR030672', 'MESH:D000242', 'GO:0006939', 'UBERON:0002185', 'MESH:D001991']",7,6,1,['Drug - Protein - GeneFamily - ChemicalSubstance - BiologicalProcess - GrossAnatomicalStructure - Disease'],['Drug - increases activity of - Protein - increases activity of - GeneFamily - increases abundance of - ChemicalSubstance - negatively correlated with - BiologicalProcess - occurs in - GrossAnatomicalStructure - affected by - Disease'],What gene is most mechanistically related to the indication of Drug Pirbuterol to Disease Bronchitis?
2532,DB01291_MESH_D001249_1,DB:DB01291,MESH:C009118,MESH:D001249,UniProt:P07550,Pirbuterol,Asthma,Beta-2 adrenergic receptor,ADRB2,"['MESH:C009118', 'UniProt:P07550', 'InterPro:IPR030672', 'MESH:D000242', 'GO:0006939', 'UBERON:0002185', 'MESH:D001249']",7,6,1,['Drug - Protein - GeneFamily - ChemicalSubstance - BiologicalProcess - GrossAnatomicalStructure - Disease'],['Drug - increases activity of - Protein - increases activity of - GeneFamily - increases abundance of - ChemicalSubstance - negatively correlated with - BiologicalProcess - occurs in - GrossAnatomicalStructure - affected by - Disease'],What gene is most mechanistically related to the indication of Drug Pirbuterol to Disease Asthma?
2534,DB01291_MESH_D001987_1,DB:DB01291,MESH:C009118,MESH:D001987,UniProt:P07550,Pirbuterol,Bronchiectasis,Beta-2 adrenergic receptor,ADRB2,"['MESH:C009118', 'UniProt:P07550', 'InterPro:IPR030672', 'MESH:D000242', 'GO:0006939', 'UBERON:0002185', 'MESH:D001987']",7,6,1,['Drug - Protein - GeneFamily - ChemicalSubstance - BiologicalProcess - GrossAnatomicalStructure - Disease'],['Drug - increases activity of - Protein - increases activity of - GeneFamily - increases abundance of - ChemicalSubstance - negatively correlated with - BiologicalProcess - occurs in - GrossAnatomicalStructure - affected by - Disease'],What gene is most mechanistically related to the indication of Drug Pirbuterol to Disease Bronchiectasis?
2560,DB00505_MESH_D010437_1,DB:DB00505,MESH:C005386,MESH:D010437,UniProt:P20309,Tridihexethyl,Peptic Ulcer,Muscarinic acetylcholine receptor M3,CHRM3,"['MESH:C005386', 'UniProt:P20309', 'GO:0001699', 'MESH:D005744', 'InterPro:IPR034162', 'MESH:D010437']",6,5,1,['Drug - Protein - BiologicalProcess - ChemicalSubstance - GeneFamily - Disease'],['Drug - decreases activity of - Protein - participates in - BiologicalProcess - increases abundance of - ChemicalSubstance - positively regulates - GeneFamily - positively correlated with - Disease'],What gene is most mechanistically related to the indication of Drug Tridihexethyl to Disease Peptic Ulcer?
2561,DB00505_MESH_D013276_1,DB:DB00505,MESH:C005386,MESH:D013276,UniProt:P20309,Tridihexethyl,Stomach Ulcer,Muscarinic acetylcholine receptor M3,CHRM3,"['MESH:C005386', 'UniProt:P20309', 'GO:0001699', 'MESH:D005744', 'InterPro:IPR034162', 'MESH:D013276']",6,5,1,['Drug - Protein - BiologicalProcess - ChemicalSubstance - GeneFamily - Disease'],['Drug - decreases activity of - Protein - participates in - BiologicalProcess - increases abundance of - ChemicalSubstance - positively regulates - GeneFamily - positively correlated with - Disease'],What gene is most mechanistically related to the indication of Drug Tridihexethyl to Disease Stomach Ulcer?
2562,DB00733_MESH_D062025_1,DB:DB00733,MESH:C028797,MESH:D062025,UniProt:P22303,Pralidoxime,Organophosphate poisoning,Acetylcholinesterase,ACHE,"['MESH:C028797', 'UniProt:P22303', 'GO:0006581', 'MESH:D000109', 'GO:0032224', 'MESH:D062025']",6,5,1,['Drug - Protein - BiologicalProcess - Disease'],['Drug - increases activity of - Protein - positively regulates - BiologicalProcess - occurs in - Disease'],What gene is most mechanistically related to the indication of Drug Pralidoxime to Disease Organophosphate poisoning?
2565,DB05311_MESH_D054179_1,DB:DB05311,MESH:C511194,MESH:D054179,UniProt:P03952,Ecallantide,Hereditary angioneurotic edema,Plasma kallikrein,KLKB1,"['MESH:C511194', 'UniProt:P03952', 'MESH:D001920', 'GO:0043117', 'GO:0006954', 'HP:0000969', 'HP:0012531', 'MESH:D054179']",8,8,1,['Drug - Protein - ChemicalSubstance - BiologicalProcess - PhenotypicFeature - Disease'],['Drug - decreases activity of - Protein - increases abundance of - ChemicalSubstance - contributes to - BiologicalProcess - contributes to - PhenotypicFeature - manifestation of - Disease'],What gene is most mechanistically related to the indication of Drug Ecallantide to Disease Hereditary angioneurotic edema?
2571,DB08816_MESH_D054058_1,DB:DB08816,MESH:C503700,MESH:D054058,UniProt:Q9H244,Ticagrelor,Acute coronary syndrome,P2Y purinoceptor 12,P2RY12,"['MESH:C503700', 'UniProt:Q9H244', 'GO:0007193', 'GO:0070527', 'GO:0072378', 'MESH:D054058']",6,5,1,['Drug - Protein - BiologicalProcess - Disease'],['Drug - decreases activity of - Protein - positively regulates - BiologicalProcess - contributes to - Disease'],What gene is most mechanistically related to the indication of Drug Ticagrelor to Disease Acute coronary syndrome?
2572,DB08816_MESH_D016491_1,DB:DB08816,MESH:C503700,MESH:D016491,UniProt:Q9H244,Ticagrelor,Peripheral vascular disease,P2Y purinoceptor 12,P2RY12,"['MESH:C503700', 'UniProt:Q9H244', 'GO:0007193', 'GO:0070527', 'GO:0072378', 'MESH:D016491']",6,5,1,['Drug - Protein - BiologicalProcess - Disease'],['Drug - decreases activity of - Protein - positively regulates - BiologicalProcess - contributes to - Disease'],What gene is most mechanistically related to the indication of Drug Ticagrelor to Disease Peripheral vascular disease?
2574,DB13064_MESH_D006255_1,DB:DB13064,MESH:C005370,MESH:D006255,UniProt:P08913,Tramazoline,"Rhinitis, Allergic, Seasonal",Alpha-2A adrenergic receptor,ADRA2A,"['MESH:C005370', 'UniProt:P08913', 'GO:0042310', 'HP:0001742', 'MESH:D006255']",5,4,1,['Drug - Protein - BiologicalProcess - PhenotypicFeature - Disease'],['Drug - increases activity of - Protein - positively regulates - BiologicalProcess - negatively correlated with - PhenotypicFeature - positively correlated with - Disease'],"What gene is most mechanistically related to the indication of Drug Tramazoline to Disease Rhinitis, Allergic, Seasonal?"
2575,DB13064_MESH_D065631_1,DB:DB13064,MESH:C005370,MESH:D065631,UniProt:P08913,Tramazoline,Allergic rhinitis,Alpha-2A adrenergic receptor,ADRA2A,"['MESH:C005370', 'UniProt:P08913', 'GO:0042310', 'HP:0001742', 'MESH:D065631']",5,4,1,['Drug - Protein - BiologicalProcess - PhenotypicFeature - Disease'],['Drug - increases activity of - Protein - positively regulates - BiologicalProcess - negatively correlated with - PhenotypicFeature - positively correlated with - Disease'],What gene is most mechanistically related to the indication of Drug Tramazoline to Disease Allergic rhinitis?
2576,DB13064_MESH_D003233_1,DB:DB13064,MESH:C005370,MESH:D003233,UniProt:P08913,Tramazoline,Allergic conjunctivitis,Alpha-2A adrenergic receptor,ADRA2A,"['MESH:C005370', 'UniProt:P08913', 'GO:0042310', 'HP:0010783', 'MESH:D003233']",5,4,1,['Drug - Protein - BiologicalProcess - PhenotypicFeature - Disease'],['Drug - increases activity of - Protein - positively regulates - BiologicalProcess - negatively correlated with - PhenotypicFeature - positively correlated with - Disease'],What gene is most mechanistically related to the indication of Drug Tramazoline to Disease Allergic conjunctivitis?
2577,DB13064_MESH_D012912_1,DB:DB13064,MESH:C005370,MESH:D012912,UniProt:P08913,Tramazoline,Sneezing,Alpha-2A adrenergic receptor,ADRA2A,"['MESH:C005370', 'UniProt:P08913', 'GO:0042310', 'HP:0001742', 'MESH:D012220', 'MESH:D012912']",6,5,1,['Drug - Protein - BiologicalProcess - PhenotypicFeature - Disease'],['Drug - increases activity of - Protein - positively regulates - BiologicalProcess - negatively correlated with - PhenotypicFeature - positively correlated with - Disease'],What gene is most mechanistically related to the indication of Drug Tramazoline to Disease Sneezing?
2578,DB13064_MESH_D012223_1,DB:DB13064,MESH:C005370,MESH:D012223,UniProt:P08913,Tramazoline,"Rhinitis, Vasomotor",Alpha-2A adrenergic receptor,ADRA2A,"['MESH:C005370', 'UniProt:P08913', 'GO:0042310', 'HP:0001742', 'MESH:D012223']",5,4,1,['Drug - Protein - BiologicalProcess - PhenotypicFeature - Disease'],['Drug - increases activity of - Protein - positively regulates - BiologicalProcess - negatively correlated with - PhenotypicFeature - positively correlated with - Disease'],"What gene is most mechanistically related to the indication of Drug Tramazoline to Disease Rhinitis, Vasomotor?"
2579,DB13064_MESH_D003139_1,DB:DB13064,MESH:C005370,MESH:D003139,UniProt:P08913,Tramazoline,Common Cold,Alpha-2A adrenergic receptor,ADRA2A,"['MESH:C005370', 'UniProt:P08913', 'GO:0042310', 'HP:0001742', 'MESH:D003139']",5,4,1,['Drug - Protein - BiologicalProcess - PhenotypicFeature - Disease'],['Drug - increases activity of - Protein - positively regulates - BiologicalProcess - negatively correlated with - PhenotypicFeature - occurs in - Disease'],What gene is most mechanistically related to the indication of Drug Tramazoline to Disease Common Cold?
2587,DB00902_MESH_D012912_1,DB:DB00902,MESH:C044642,MESH:D012912,UniProt:P35367,methdilazine,Sneezing,Histamine H1 receptor,HRH1,"['MESH:C044642', 'UniProt:P35367', 'GO:0004969', 'GO:0002441', 'MESH:D012912']",5,4,1,['Drug - Protein - MolecularActivity - BiologicalProcess - Disease'],['Drug - decreases activity of - Protein - positively regulates - MolecularActivity - participates in - BiologicalProcess - positively correlated with - Disease'],What gene is most mechanistically related to the indication of Drug methdilazine to Disease Sneezing?
2588,DB00902_MESH_D003233_1,DB:DB00902,MESH:C044642,MESH:D003233,UniProt:P35367,methdilazine,Allergic conjunctivitis,Histamine H1 receptor,HRH1,"['MESH:C044642', 'UniProt:P35367', 'GO:0004969', 'GO:0002441', 'MESH:D003233']",5,4,1,['Drug - Protein - MolecularActivity - BiologicalProcess - Disease'],['Drug - decreases activity of - Protein - positively regulates - MolecularActivity - participates in - BiologicalProcess - positively correlated with - Disease'],What gene is most mechanistically related to the indication of Drug methdilazine to Disease Allergic conjunctivitis?
2589,DB00902_MESH_D000799_1,DB:DB00902,MESH:C044642,MESH:D000799,UniProt:P35367,methdilazine,Angioedema,Histamine H1 receptor,HRH1,"['MESH:C044642', 'UniProt:P35367', 'GO:0004969', 'GO:0002441', 'HP:0000282', 'MESH:D000799']",6,5,1,['Drug - Protein - MolecularActivity - BiologicalProcess - PhenotypicFeature - Disease'],['Drug - decreases activity of - Protein - positively regulates - MolecularActivity - participates in - BiologicalProcess - positively correlated with - PhenotypicFeature - manifestation of - Disease'],What gene is most mechanistically related to the indication of Drug methdilazine to Disease Angioedema?
2590,DB00902_MESH_D065631_1,DB:DB00902,MESH:C044642,MESH:D065631,UniProt:P35367,methdilazine,Allergic rhinitis,Histamine H1 receptor,HRH1,"['MESH:C044642', 'UniProt:P35367', 'GO:0004969', 'GO:0002441', 'MESH:D065631']",5,4,1,['Drug - Protein - MolecularActivity - BiologicalProcess - Disease'],['Drug - decreases activity of - Protein - positively regulates - MolecularActivity - participates in - BiologicalProcess - positively correlated with - Disease'],What gene is most mechanistically related to the indication of Drug methdilazine to Disease Allergic rhinitis?
2591,DB00902_MESH_D011537_1,DB:DB00902,MESH:C044642,MESH:D011537,UniProt:P35367,methdilazine,Pruritus,Histamine H1 receptor,HRH1,"['MESH:C044642', 'UniProt:P35367', 'GO:0004969', 'GO:0002441', 'MESH:D011537']",5,4,1,['Drug - Protein - MolecularActivity - BiologicalProcess - Disease'],['Drug - decreases activity of - Protein - positively regulates - MolecularActivity - participates in - BiologicalProcess - positively correlated with - Disease'],What gene is most mechanistically related to the indication of Drug methdilazine to Disease Pruritus?
2592,DB00902_MESH_D014581_1,DB:DB00902,MESH:C044642,MESH:D014581,UniProt:P35367,methdilazine,Urticaria,Histamine H1 receptor,HRH1,"['MESH:C044642', 'UniProt:P35367', 'GO:0004969', 'GO:0002441', 'MESH:D014581']",5,4,1,['Drug - Protein - MolecularActivity - BiologicalProcess - Disease'],['Drug - decreases activity of - Protein - positively regulates - MolecularActivity - participates in - BiologicalProcess - positively correlated with - Disease'],What gene is most mechanistically related to the indication of Drug methdilazine to Disease Urticaria?
2593,DB01252_MESH_D003924_1,DB:DB01252,MESH:C087255,MESH:D003924,UniProt:Q09428,mitiglinide,"Diabetes Mellitus, Type 2",ATP-binding cassette sub-family C member 8,ABCC8,"['MESH:C087255', 'UniProt:Q09428', 'reactome:R-HSA-422356', 'GO:0006006', 'MESH:D003924']",5,4,1,['Drug - Protein - Pathway - BiologicalProcess - Disease'],['Drug - decreases activity of - Protein - participates in - Pathway - regulates - BiologicalProcess - correlated with - Disease'],"What gene is most mechanistically related to the indication of Drug mitiglinide to Disease Diabetes Mellitus, Type 2?"
2594,DB01556_MESH_D009765_1,DB:DB01556,MESH:D002745,MESH:D009765,UniProt:P31645,chlorphentermine,Obesity,Sodium-dependent serotonin transporter,SLC6A4,"['MESH:D002745', 'UniProt:P31645', 'GO:0001820', 'HP:0004396', 'MESH:D009765']",5,4,1,['Drug - Protein - BiologicalProcess - PhenotypicFeature - Disease'],['Drug - molecularly interacts with - Protein - positively regulates - BiologicalProcess - positively correlated with - PhenotypicFeature - negatively correlated with - Disease'],What gene is most mechanistically related to the indication of Drug chlorphentermine to Disease Obesity?
2596,DB05829_MESH_D007011_1,DB:DB05829,MESH:D010281,MESH:D007011,UniProt:Q03431,parathyroid hormone,Hypoparathyroidism,Parathyroid hormone/parathyroid hormone-related peptide receptor,PTH1R,"['MESH:D010281', 'UniProt:Q03431', 'GO:0055074', 'HP:0004363', 'MESH:D007011']",5,4,1,['Drug - Protein - BiologicalProcess - PhenotypicFeature - Disease'],['Drug - positively regulates - Protein - regulates - BiologicalProcess - negatively correlated with - PhenotypicFeature - manifestation of - Disease'],What gene is most mechanistically related to the indication of Drug parathyroid hormone to Disease Hypoparathyroidism?
2611,DB00731_MESH_D003924_1,DB:DB00731,MESH:C060142,MESH:D003924,UniProt:Q09428,Nateglinide,"Diabetes Mellitus, Type 2",ATP-binding cassette sub-family C member 8,ABCC8,"['MESH:C060142', 'UniProt:Q09428', 'GO:0005267', 'GO:0060081', 'GO:0070509', 'GO:0030073', 'HP:0003074', 'MESH:D003924']",8,7,1,['Drug - Protein - MolecularActivity - BiologicalProcess - PhenotypicFeature - Disease'],['Drug - decreases activity of - Protein - regulates - MolecularActivity - participates in - BiologicalProcess - negatively correlated with - PhenotypicFeature - manifestation of - Disease'],"What gene is most mechanistically related to the indication of Drug Nateglinide to Disease Diabetes Mellitus, Type 2?"
2613,DB00852_MESH_D065631_1,DB:DB00852,MESH:D054199,MESH:D065631,UniProt:P35348,Pseudoephedrine,Allergic rhinitis,Alpha-1A adrenergic receptor,ADRA1A,"['MESH:D054199', 'UniProt:P35348', 'GO:0042310', 'GO:0070254', 'MESH:D065631']",5,4,1,['Drug - Protein - BiologicalProcess - Disease'],['Drug - increases activity of - Protein - positively regulates - BiologicalProcess - positively correlated with - Disease'],What gene is most mechanistically related to the indication of Drug Pseudoephedrine to Disease Allergic rhinitis?
2614,DB00852_MESH_D012223_1,DB:DB00852,MESH:D054199,MESH:D012223,UniProt:P35348,Pseudoephedrine,"Rhinitis, Vasomotor",Alpha-1A adrenergic receptor,ADRA1A,"['MESH:D054199', 'UniProt:P35348', 'GO:0042310', 'GO:0070254', 'MESH:D012223']",5,4,1,['Drug - Protein - BiologicalProcess - Disease'],['Drug - increases activity of - Protein - positively regulates - BiologicalProcess - positively correlated with - Disease'],"What gene is most mechanistically related to the indication of Drug Pseudoephedrine to Disease Rhinitis, Vasomotor?"
2615,DB00852_MESH_D006255_1,DB:DB00852,MESH:D054199,MESH:D006255,UniProt:P35348,Pseudoephedrine,"Rhinitis, Allergic, Seasonal",Alpha-1A adrenergic receptor,ADRA1A,"['MESH:D054199', 'UniProt:P35348', 'GO:0042310', 'GO:0070254', 'MESH:D006255']",5,4,1,['Drug - Protein - BiologicalProcess - Disease'],['Drug - increases activity of - Protein - positively regulates - BiologicalProcess - positively correlated with - Disease'],"What gene is most mechanistically related to the indication of Drug Pseudoephedrine to Disease Rhinitis, Allergic, Seasonal?"
2616,DB00852_MESH_D003233_1,DB:DB00852,MESH:D054199,MESH:D003233,UniProt:P35348,Pseudoephedrine,Allergic conjunctivitis,Alpha-1A adrenergic receptor,ADRA1A,"['MESH:D054199', 'UniProt:P35348', 'GO:0042310', 'GO:0070254', 'HP:0012393', 'MESH:D003233']",6,5,1,['Drug - Protein - BiologicalProcess - PhenotypicFeature - Disease'],['Drug - increases activity of - Protein - positively regulates - BiologicalProcess - positively correlated with - PhenotypicFeature - positively correlated with - Disease'],What gene is most mechanistically related to the indication of Drug Pseudoephedrine to Disease Allergic conjunctivitis?
2617,DB00852_MESH_D012220_1,DB:DB00852,MESH:D054199,MESH:D012220,UniProt:P35348,Pseudoephedrine,Rhinitis,Alpha-1A adrenergic receptor,ADRA1A,"['MESH:D054199', 'UniProt:P35348', 'GO:0042310', 'GO:0070254', 'MESH:D012220']",5,4,1,['Drug - Protein - BiologicalProcess - Disease'],['Drug - increases activity of - Protein - positively regulates - BiologicalProcess - positively correlated with - Disease'],What gene is most mechanistically related to the indication of Drug Pseudoephedrine to Disease Rhinitis?
2618,DB00852_MESH_D020773_1,DB:DB00852,MESH:D054199,MESH:D020773,UniProt:P35348,Pseudoephedrine,Headache Disorders,Alpha-1A adrenergic receptor,ADRA1A,"['MESH:D054199', 'UniProt:P35348', 'GO:0042310', 'MESH:D020773']",4,3,1,['Drug - Protein - BiologicalProcess - Disease'],['Drug - increases activity of - Protein - positively regulates - BiologicalProcess - treats - Disease'],What gene is most mechanistically related to the indication of Drug Pseudoephedrine to Disease Headache Disorders?
2624,DB00397_MESH_D065631_1,DB:DB00397,MESH:D010665,MESH:D065631,UniProt:P35348,Phenylpropanolamine,Allergic rhinitis,Alpha-1A adrenergic receptor,ADRA1A,"['MESH:D010665', 'UniProt:P35348', 'GO:0042310', 'GO:0070254', 'MESH:D065631']",5,4,1,['Drug - Protein - BiologicalProcess - Disease'],['Drug - increases activity of - Protein - positively regulates - BiologicalProcess - positively correlated with - Disease'],What gene is most mechanistically related to the indication of Drug Phenylpropanolamine to Disease Allergic rhinitis?
2625,DB00397_MESH_D012220_1,DB:DB00397,MESH:D010665,MESH:D012220,UniProt:P35348,Phenylpropanolamine,Rhinitis,Alpha-1A adrenergic receptor,ADRA1A,"['MESH:D010665', 'UniProt:P35348', 'GO:0042310', 'GO:0070254', 'MESH:D012220']",5,4,1,['Drug - Protein - BiologicalProcess - Disease'],['Drug - increases activity of - Protein - positively regulates - BiologicalProcess - positively correlated with - Disease'],What gene is most mechanistically related to the indication of Drug Phenylpropanolamine to Disease Rhinitis?
2626,DB00397_MESH_D003233_1,DB:DB00397,MESH:D010665,MESH:D003233,UniProt:P35348,Phenylpropanolamine,Allergic conjunctivitis,Alpha-1A adrenergic receptor,ADRA1A,"['MESH:D010665', 'UniProt:P35348', 'GO:0042310', 'GO:0070254', 'HP:0012393', 'MESH:D003233']",6,5,1,['Drug - Protein - BiologicalProcess - PhenotypicFeature - Disease'],['Drug - increases activity of - Protein - positively regulates - BiologicalProcess - positively correlated with - PhenotypicFeature - positively correlated with - Disease'],What gene is most mechanistically related to the indication of Drug Phenylpropanolamine to Disease Allergic conjunctivitis?
2628,DB00397_MESH_D003371_1,DB:DB00397,MESH:D010665,MESH:D003371,UniProt:P35348,Phenylpropanolamine,Cough,Alpha-1A adrenergic receptor,ADRA1A,"['MESH:D010665', 'UniProt:P35348', 'GO:0042310', 'GO:0070254', 'MESH:D003371']",5,4,1,['Drug - Protein - BiologicalProcess - Disease'],['Drug - increases activity of - Protein - positively regulates - BiologicalProcess - positively correlated with - Disease'],What gene is most mechanistically related to the indication of Drug Phenylpropanolamine to Disease Cough?
2629,DB00397_MESH_D012912_1,DB:DB00397,MESH:D010665,MESH:D012912,UniProt:P35348,Phenylpropanolamine,Sneezing,Alpha-1A adrenergic receptor,ADRA1A,"['MESH:D010665', 'UniProt:P35348', 'GO:0042310', 'GO:0070254', 'MESH:D012912']",5,4,1,['Drug - Protein - BiologicalProcess - Disease'],['Drug - increases activity of - Protein - positively regulates - BiologicalProcess - positively correlated with - Disease'],What gene is most mechanistically related to the indication of Drug Phenylpropanolamine to Disease Sneezing?
2630,DB00397_MESH_D006255_1,DB:DB00397,MESH:D010665,MESH:D006255,UniProt:P35348,Phenylpropanolamine,"Rhinitis, Allergic, Seasonal",Alpha-1A adrenergic receptor,ADRA1A,"['MESH:D010665', 'UniProt:P35348', 'GO:0042310', 'GO:0070254', 'MESH:D006255']",5,4,1,['Drug - Protein - BiologicalProcess - Disease'],['Drug - increases activity of - Protein - positively regulates - BiologicalProcess - positively correlated with - Disease'],"What gene is most mechanistically related to the indication of Drug Phenylpropanolamine to Disease Rhinitis, Allergic, Seasonal?"
2631,DB00397_MESH_D012223_1,DB:DB00397,MESH:D010665,MESH:D012223,UniProt:P35348,Phenylpropanolamine,"Rhinitis, Vasomotor",Alpha-1A adrenergic receptor,ADRA1A,"['MESH:D010665', 'UniProt:P35348', 'GO:0042310', 'GO:0070254', 'MESH:D012223']",5,4,1,['Drug - Protein - BiologicalProcess - Disease'],['Drug - increases activity of - Protein - positively regulates - BiologicalProcess - positively correlated with - Disease'],"What gene is most mechanistically related to the indication of Drug Phenylpropanolamine to Disease Rhinitis, Vasomotor?"
2639,DB00929_MESH_D006473_1,DB:DB00929,MESH:D016595,MESH:D006473,UniProt:P35408,Misoprostol,Postpartum hemorrhage,Prostaglandin E2 receptor EP4 subtype,PTGER4,"['MESH:D016595', 'UniProt:P35408', 'GO:0070471', 'GO:0042310', 'MESH:D006473']",5,4,1,['Drug - Protein - BiologicalProcess - Disease'],['Drug - increases activity of - Protein - positively regulates - BiologicalProcess - negatively correlated with - Disease'],What gene is most mechanistically related to the indication of Drug Misoprostol to Disease Postpartum hemorrhage?
2640,DB01265_MESH_D019694_1,DB:DB01265,MESH:C487779,MESH:D019694,UniProt:Q05486,Telbivudine,Chronic type B viral hepatitis,Protein P,N/A,"['MESH:C487779', 'UniProt:Q05486', 'GO:0003887', 'GO:0003964', 'GO:0019079', 'taxonomy:10407', 'MESH:D019694']",7,7,1,['Drug - Protein - MolecularActivity - BiologicalProcess - OrganismTaxon - Disease'],['Drug - decreases activity of - Protein - capable of - MolecularActivity - positively correlated with - BiologicalProcess - in taxon - OrganismTaxon - causes - Disease'],What gene is most mechanistically related to the indication of Drug Telbivudine to Disease Chronic type B viral hepatitis?
2645,DB11698_MESH_D003924_1,DB:DB11698,MESH:C572941,MESH:D003924,UniProt:P31639,ipragliflozin,"Diabetes Mellitus, Type 2",Sodium/glucose cotransporter 2,SLC5A2,"['MESH:C572941', 'UniProt:P31639', 'reactome:R-HSA-189200', 'GO:0035623', 'MESH:D003924']",5,4,1,['Drug - Protein - Pathway - BiologicalProcess - Disease'],['Drug - decreases activity of - Protein - participates in - Pathway - regulates - BiologicalProcess - positively correlated with - Disease'],"What gene is most mechanistically related to the indication of Drug ipragliflozin to Disease Diabetes Mellitus, Type 2?"
2646,DB00448_MESH_D005764_1,DB:DB00448,MESH:D064747,MESH:D005764,UniProt:P20648,lansoprazole,Gastroesophageal Reflux,Potassium-transporting ATPase alpha chain 1,ATP4A,"['MESH:D064747', 'UniProt:P20648', 'GO:0001696', 'MESH:D005744', 'MESH:D005764']",5,4,1,['Drug - Protein - BiologicalProcess - ChemicalSubstance - Disease'],['Drug - decreases activity of - Protein - positively regulates - BiologicalProcess - increases abundance of - ChemicalSubstance - positively correlated with - Disease'],What gene is most mechanistically related to the indication of Drug lansoprazole to Disease Gastroesophageal Reflux?
2647,DB00448_MESH_D015043_1,DB:DB00448,MESH:D064747,MESH:D015043,UniProt:P20648,lansoprazole,Zollinger-Ellison Syndrome,Potassium-transporting ATPase alpha chain 1,ATP4A,"['MESH:D064747', 'UniProt:P20648', 'GO:0001696', 'HP:0004398', 'HP:0002588', 'MESH:D015043']",6,6,1,['Drug - Protein - BiologicalProcess - PhenotypicFeature - Disease'],['Drug - decreases activity of - Protein - positively regulates - BiologicalProcess - positively correlated with - PhenotypicFeature - manifestation of - Disease'],What gene is most mechanistically related to the indication of Drug lansoprazole to Disease Zollinger-Ellison Syndrome?
2648,DB00448_MESH_D013276_1,DB:DB00448,MESH:D064747,MESH:D013276,UniProt:P20648,lansoprazole,Stomach Ulcer,Potassium-transporting ATPase alpha chain 1,ATP4A,"['MESH:D064747', 'UniProt:P20648', 'GO:0001696', 'MESH:D005744', 'MESH:D013276']",5,4,1,['Drug - Protein - BiologicalProcess - ChemicalSubstance - Disease'],['Drug - decreases activity of - Protein - positively regulates - BiologicalProcess - increases abundance of - ChemicalSubstance - contributes to - Disease'],What gene is most mechanistically related to the indication of Drug lansoprazole to Disease Stomach Ulcer?
2649,DB00448_MESH_D010437_1,DB:DB00448,MESH:D064747,MESH:D010437,UniProt:P20648,lansoprazole,Peptic Ulcer,Potassium-transporting ATPase alpha chain 1,ATP4A,"['MESH:D064747', 'UniProt:P20648', 'GO:0001696', 'MESH:D005744', 'MESH:D010437']",5,4,1,['Drug - Protein - BiologicalProcess - ChemicalSubstance - Disease'],['Drug - decreases activity of - Protein - positively regulates - BiologicalProcess - increases abundance of - ChemicalSubstance - contributes to - Disease'],What gene is most mechanistically related to the indication of Drug lansoprazole to Disease Peptic Ulcer?
2650,DB00448_MESH_D004381_1,DB:DB00448,MESH:D064747,MESH:D004381,UniProt:P20648,lansoprazole,Duodenal Ulcer,Potassium-transporting ATPase alpha chain 1,ATP4A,"['MESH:D064747', 'UniProt:P20648', 'GO:0001696', 'MESH:D005744', 'MESH:D004381']",5,4,1,['Drug - Protein - BiologicalProcess - ChemicalSubstance - Disease'],['Drug - decreases activity of - Protein - positively regulates - BiologicalProcess - increases abundance of - ChemicalSubstance - contributes to - Disease'],What gene is most mechanistically related to the indication of Drug lansoprazole to Disease Duodenal Ulcer?
2653,DB00585_MESH_D004381_1,DB:DB00585,MESH:D016567,MESH:D004381,UniProt:P25021,nizatidine,Duodenal Ulcer,Histamine H2 receptor,HRH2,"['MESH:D016567', 'UniProt:P25021', 'GO:0001696', 'MESH:D005744', 'MESH:D004381']",5,4,1,['Drug - Protein - BiologicalProcess - ChemicalSubstance - Disease'],['Drug - decreases activity of - Protein - positively regulates - BiologicalProcess - increases abundance of - ChemicalSubstance - contributes to - Disease'],What gene is most mechanistically related to the indication of Drug nizatidine to Disease Duodenal Ulcer?
2654,DB00585_MESH_D013276_1,DB:DB00585,MESH:D016567,MESH:D013276,UniProt:P25021,nizatidine,Stomach Ulcer,Histamine H2 receptor,HRH2,"['MESH:D016567', 'UniProt:P25021', 'GO:0001696', 'MESH:D005744', 'MESH:D013276']",5,4,1,['Drug - Protein - BiologicalProcess - ChemicalSubstance - Disease'],['Drug - decreases activity of - Protein - positively regulates - BiologicalProcess - increases abundance of - ChemicalSubstance - contributes to - Disease'],What gene is most mechanistically related to the indication of Drug nizatidine to Disease Stomach Ulcer?
2655,DB00585_MESH_D005764_1,DB:DB00585,MESH:D016567,MESH:D005764,UniProt:P25021,nizatidine,Gastroesophageal Reflux,Histamine H2 receptor,HRH2,"['MESH:D016567', 'UniProt:P25021', 'GO:0001696', 'MESH:D005744', 'MESH:D005764']",5,4,1,['Drug - Protein - BiologicalProcess - ChemicalSubstance - Disease'],['Drug - decreases activity of - Protein - positively regulates - BiologicalProcess - increases abundance of - ChemicalSubstance - contributes to - Disease'],What gene is most mechanistically related to the indication of Drug nizatidine to Disease Gastroesophageal Reflux?
2656,DB00585_MESH_D006356_1,DB:DB00585,MESH:D016567,MESH:D006356,UniProt:P25021,nizatidine,Heartburn,Histamine H2 receptor,HRH2,"['MESH:D016567', 'UniProt:P25021', 'GO:0001696', 'MESH:D005744', 'MESH:D006356']",5,4,1,['Drug - Protein - BiologicalProcess - ChemicalSubstance - Disease'],['Drug - decreases activity of - Protein - positively regulates - BiologicalProcess - increases abundance of - ChemicalSubstance - contributes to - Disease'],What gene is most mechanistically related to the indication of Drug nizatidine to Disease Heartburn?
2657,DB00585_MESH_D004942_1,DB:DB00585,MESH:D016567,MESH:D004942,UniProt:P25021,nizatidine,"Esophagitis, Peptic",Histamine H2 receptor,HRH2,"['MESH:D016567', 'UniProt:P25021', 'GO:0001696', 'MESH:D005744', 'MESH:D004942']",5,4,1,['Drug - Protein - BiologicalProcess - ChemicalSubstance - Disease'],['Drug - decreases activity of - Protein - positively regulates - BiologicalProcess - increases abundance of - ChemicalSubstance - contributes to - Disease'],"What gene is most mechanistically related to the indication of Drug nizatidine to Disease Esophagitis, Peptic?"
2658,DB00585_MESH_D010437_1,DB:DB00585,MESH:D016567,MESH:D010437,UniProt:P25021,nizatidine,Peptic Ulcer,Histamine H2 receptor,HRH2,"['MESH:D016567', 'UniProt:P25021', 'GO:0001696', 'MESH:D005744', 'MESH:D010437']",5,4,1,['Drug - Protein - BiologicalProcess - ChemicalSubstance - Disease'],['Drug - decreases activity of - Protein - positively regulates - BiologicalProcess - increases abundance of - ChemicalSubstance - contributes to - Disease'],What gene is most mechanistically related to the indication of Drug nizatidine to Disease Peptic Ulcer?
2659,DB00585_MESH_D004415_1,DB:DB00585,MESH:D016567,MESH:D004415,UniProt:P25021,nizatidine,Dyspepsia,Histamine H2 receptor,HRH2,"['MESH:D016567', 'UniProt:P25021', 'GO:0001696', 'MESH:D005744', 'MESH:D004415']",5,4,1,['Drug - Protein - BiologicalProcess - ChemicalSubstance - Disease'],['Drug - decreases activity of - Protein - positively regulates - BiologicalProcess - increases abundance of - ChemicalSubstance - correlated with - Disease'],What gene is most mechanistically related to the indication of Drug nizatidine to Disease Dyspepsia?
2667,DB00103_MESH_D000795_1,DB:DB00103,MESH:C459420,MESH:D000795,UniProt:P06280,Agalsidase beta,Fabry's disease,Alpha-galactosidase A,GLA,"['MESH:C459420', 'UniProt:P06280', 'MESH:D006028', 'MESH:D000795']",4,3,1,['Drug - Protein - ChemicalSubstance - Disease'],['Drug - chemically similar to - Protein - decreases abundance of - ChemicalSubstance - contributes to - Disease'],What gene is most mechanistically related to the indication of Drug Agalsidase beta to Disease Fabry's disease?
2670,DB00410_MESH_D007169_1,DB:DB00410,MESH:D016712,MESH:D007169,UniProt:41972,Mupirocin,Impetigo,Isoleucine--tRNA ligase,N/A,"['MESH:D016712', 'UniProt:41972', 'GO:0043039', 'GO:0006412', 'taxonomy:1280', 'MESH:D007169']",6,6,1,['Drug - Protein - BiologicalProcess - OrganismTaxon - Disease'],['Drug - decreases activity of - Protein - positively regulates - BiologicalProcess - in taxon - OrganismTaxon - causes - Disease'],What gene is most mechanistically related to the indication of Drug Mupirocin to Disease Impetigo?
2673,DB00877_MESH_D002292_1,DB:DB00877,UniProt:P42345,MESH:D002292,UniProt:P42345,Serine/threonine-protein kinase mTOR,Renal cell carcinoma,Serine/threonine-protein kinase mTOR,MTOR,"['UniProt:P42345', 'MESH:D020123', 'GO:0031929', 'HP:0031377', 'MESH:D002292']",5,4,1,['Drug - Protein - BiologicalProcess - PhenotypicFeature - Disease'],['Drug - decreases activity of - Protein - positively regulates - BiologicalProcess - positively correlated with - PhenotypicFeature - causes - Disease'],What gene is most mechanistically related to the indication of Drug Serine/threonine-protein kinase mTOR to Disease Renal cell carcinoma?
2683,DB04871_MESH_D009765_1,DB:DB04871,MESH:C506658,MESH:D009765,UniProt:P28335,Lorcaserin,Obesity,5-hydroxytryptamine receptor 2C,HTR2C,"['MESH:C506658', 'UniProt:P28335', 'MESH:D012701', 'GO:0032100', 'MESH:D009765']",5,4,1,['Drug - Protein - ChemicalSubstance - BiologicalProcess - Disease'],['Drug - increases activity of - Protein - positively correlated with - ChemicalSubstance - negatively correlated with - BiologicalProcess - positively correlated with - Disease'],What gene is most mechanistically related to the indication of Drug Lorcaserin to Disease Obesity?
2685,DB06650_MESH_D015451_1,DB:DB06650,MESH:C527517,MESH:D015451,UniProt:P11836,Ofatumumab,"Leukemia, Lymphocytic, Chronic, B-Cell",B-lymphocyte antigen CD20,MS4A1,"['MESH:C527517', 'UniProt:P11836', 'GO:0042100', 'MESH:D015451']",4,3,1,['Drug - Protein - BiologicalProcess - Disease'],['Drug - decreases activity of - Protein - positively regulates - BiologicalProcess - positively correlated with - Disease'],"What gene is most mechanistically related to the indication of Drug Ofatumumab to Disease Leukemia, Lymphocytic, Chronic, B-Cell?"
2692,DB05316_MESH_D010300_1,DB:DB05316,MESH:C510793,MESH:D010300,UniProt:P28223,Pimavanserin,Parkinson's disease,5-hydroxytryptamine receptor 2A,HTR2A,"['MESH:C510793', 'UniProt:P28223', 'MESH:D012701', 'GO:0060096', 'HP:0000709', 'MESH:D010300']",6,5,1,['Drug - Protein - ChemicalSubstance - BiologicalProcess - PhenotypicFeature - Disease'],['Drug - decreases activity of - Protein - positively correlated with - ChemicalSubstance - positively correlated with - BiologicalProcess - positively correlated with - PhenotypicFeature - occurs in - Disease'],What gene is most mechanistically related to the indication of Drug Pimavanserin to Disease Parkinson's disease?
2693,DB06014_MESH_D020388_1,DB:DB06014,MESH:C000611335,MESH:D020388,UniProt:P11532,Eteplirsen,Duchenne muscular dystrophy,Dystrophin,DMD,"['MESH:C000611335', 'GO:0010467', 'UniProt:P11532', 'MESH:D020388']",4,3,1,['Drug - BiologicalProcess - Protein - Disease'],['Drug - positively regulates - BiologicalProcess - positively regulates - Protein - disrupted by - Disease'],What gene is most mechanistically related to the indication of Drug Eteplirsen to Disease Duchenne muscular dystrophy?
2700,DB01289_MESH_D003924_1,DB:DB01289,MESH:C100171,MESH:D003924,UniProt:Q15842,Glisoxepide,"Diabetes Mellitus, Type 2",ATP-sensitive inward rectifier potassium channel 8,KCNJ8,"['MESH:C100171', 'UniProt:Q15842', 'GO:0015272', 'GO:0051899', 'GO:0070509', 'GO:0030073', 'HP:0003074', 'MESH:D003924']",8,7,1,['Drug - Protein - BiologicalProcess - PhenotypicFeature - Disease'],['Drug - decreases activity of - Protein - positively correlated with - BiologicalProcess - negatively correlated with - PhenotypicFeature - manifestation of - Disease'],"What gene is most mechanistically related to the indication of Drug Glisoxepide to Disease Diabetes Mellitus, Type 2?"
2701,DB04876_MESH_D003924_1,DB:DB04876,MESH:C502012,MESH:D003924,UniProt:P27487,Evogliptin,"Diabetes Mellitus, Type 2",Dipeptidyl peptidase 4,DPP4,"['MESH:C502012', 'UniProt:P27487', 'CHEBI:80270', 'GO:0030073', 'GO:0070091', 'HP:0003074', 'MESH:D003924']",7,7,1,['Drug - Protein - ChemicalSubstance - BiologicalProcess - PhenotypicFeature - Disease'],['Drug - negatively regulates - Protein - negatively regulates - ChemicalSubstance - negatively regulates - BiologicalProcess - positively correlated with - PhenotypicFeature - positively correlated with - Disease'],"What gene is most mechanistically related to the indication of Drug Evogliptin to Disease Diabetes Mellitus, Type 2?"
2702,DB08897_MESH_D029424_1,DB:DB08897,MESH:C542859,MESH:D029424,UniProt:P20309,Aclidinium bromide,Chronic obstructive lung disease,Muscarinic acetylcholine receptor M3,CHRM3,"['MESH:C542859', 'UniProt:P20309', 'HP:4000007', 'GO:0006954', 'MESH:D029424']",5,4,1,['Drug - Protein - PhenotypicFeature - BiologicalProcess - Disease'],['Drug - decreases activity of - Protein - positively regulates - PhenotypicFeature - positively correlated with - BiologicalProcess - contributes to - Disease'],What gene is most mechanistically related to the indication of Drug Aclidinium bromide to Disease Chronic obstructive lung disease?
2703,DB06155_MESH_D009765_1,DB:DB06155,MESH:C089032,MESH:D009765,UniProt:P21554,Rimonabant,Obesity,Cannabinoid receptor 1,CNR1,"['MESH:C089032', 'UniProt:P21554', 'GO:0032100', 'MESH:D009765']",4,3,1,['Drug - Protein - BiologicalProcess - Disease'],['Drug - decreases activity of - Protein - positively correlated with - BiologicalProcess - positively correlated with - Disease'],What gene is most mechanistically related to the indication of Drug Rimonabant to Disease Obesity?
2704,DB09258_MESH_D020246_1,DB:DB09258,MESH:C411345,MESH:D020246,UniProt:P00742,Bemiparin,Deep venous thrombosis,Coagulation factor X,F10,"['MESH:C411345', 'UniProt:P00742', 'GO:0072378', 'MESH:D020246']",4,3,1,['Drug - Protein - BiologicalProcess - Disease'],['Drug - decreases activity of - Protein - positively regulates - BiologicalProcess - occurs in - Disease'],What gene is most mechanistically related to the indication of Drug Bemiparin to Disease Deep venous thrombosis?
2705,DB09258_MESH_D011655_1,DB:DB09258,MESH:C411345,MESH:D011655,UniProt:P00742,Bemiparin,Pulmonary embolism,Coagulation factor X,F10,"['MESH:C411345', 'UniProt:P00742', 'GO:0072378', 'MESH:D011655']",4,3,1,['Drug - Protein - BiologicalProcess - Disease'],['Drug - decreases activity of - Protein - positively regulates - BiologicalProcess - occurs in - Disease'],What gene is most mechanistically related to the indication of Drug Bemiparin to Disease Pulmonary embolism?
2706,DB11363_MESH_D002289_1,DB:DB11363,MESH:C582670,MESH:D002289,UniProt:Q9UM73,Alectinib,Non-small cell lung cancer,ALK tyrosine kinase receptor,ALK,"['MESH:C582670', 'UniProt:Q9UM73', 'reactome:R-HSA-9701898', 'reactome:R-HSA-109704', 'GO:1904019', 'GO:0050673', 'UBERON:0002048', 'MESH:D002289']",8,8,1,['Drug - Protein - Pathway - BiologicalProcess - GrossAnatomicalStructure - Disease'],['Drug - decreases activity of - Protein - positively regulates - Pathway - positively regulates - BiologicalProcess - occurs in - GrossAnatomicalStructure - location of - Disease'],What gene is most mechanistically related to the indication of Drug Alectinib to Disease Non-small cell lung cancer?
2720,DB00887_MESH_D004487_1,DB:DB00887,MESH:D002034,MESH:D004487,UniProt:Q13621,bumetanide,Edema,Solute carrier family 12 member 1,SLC12A1,"['MESH:D002034', 'UniProt:Q13621', 'GO:0070294', 'GO:0003092', 'MESH:D004487']",5,4,1,['Drug - Protein - BiologicalProcess - Disease'],['Drug - negatively regulates - Protein - positively regulates - BiologicalProcess - positively correlated with - Disease'],What gene is most mechanistically related to the indication of Drug bumetanide to Disease Edema?
2725,DB08934_MESH_D019698_1,DB:DB08934,MESH:D000069474,MESH:D019698,UniProt:O39930,sofosbuvir,Chronic hepatitis C,RNA-directed RNA polymerase,N/A,"['MESH:D000069474', 'UniProt:O39930', 'GO:0039694', 'taxonomy:11103', 'MESH:D019698']",5,4,1,['Drug - Protein - BiologicalProcess - OrganismTaxon - Disease'],['Drug - negatively regulates - Protein - positively regulates - BiologicalProcess - in taxon - OrganismTaxon - causes - Disease'],What gene is most mechanistically related to the indication of Drug sofosbuvir to Disease Chronic hepatitis C?
2727,DB09564_MESH_D003920_1,DB:DB09564,MESH:C571886,MESH:D003920,UniProt:P06213,insulin degludec,Diabetes mellitus,Insulin receptor,INSR,"['MESH:C571886', 'UniProt:P06213', 'GO:0004714', 'reactome:R-HSA-74713', 'GO:0046323', 'MESH:D003920']",6,5,1,['Drug - Protein - MolecularActivity - Pathway - BiologicalProcess - Disease'],['Drug - increases activity of - Protein - positively regulates - MolecularActivity - participates in - Pathway - positively correlated with - BiologicalProcess - negatively correlated with - Disease'],What gene is most mechanistically related to the indication of Drug insulin degludec to Disease Diabetes mellitus?
2736,DB00879_MESH_D015658_1,DB:DB00879,MESH:D000068679,MESH:D015658,UniProt:Q72547,emtricitabine,Human immunodeficiency virus infection,Reverse transcriptase/RNaseH,N/A,"['MESH:D000068679', 'UniProt:Q72547', 'GO:0003964', 'GO:0019079', 'taxonomy:11676', 'MESH:D015658']",6,5,1,['Drug - Protein - MolecularActivity - BiologicalProcess - OrganismTaxon - Disease'],['Drug - decreases activity of - Protein - positively regulates - MolecularActivity - positively correlated with - BiologicalProcess - in taxon - OrganismTaxon - causes - Disease'],What gene is most mechanistically related to the indication of Drug emtricitabine to Disease Human immunodeficiency virus infection?
2737,DB01124_MESH_D003924_1,DB:DB01124,MESH:D014044,MESH:D003924,UniProt:Q09428,Tolbutamide,"Diabetes Mellitus, Type 2",ATP-binding cassette sub-family C member 8,ABCC8,"['MESH:D014044', 'UniProt:Q09428', 'GO:0015272', 'GO:0051899', 'GO:0070509', 'GO:0030073', 'HP:0003074', 'MESH:D003924']",8,7,1,['Drug - Protein - BiologicalProcess - PhenotypicFeature - Disease'],['Drug - decreases activity of - Protein - positively correlated with - BiologicalProcess - negatively correlated with - PhenotypicFeature - manifestation of - Disease'],"What gene is most mechanistically related to the indication of Drug Tolbutamide to Disease Diabetes Mellitus, Type 2?"
2738,DB01625_MESH_D010437_1,DB:DB01625,MESH:C084831,MESH:D010437,UniProt:P20309,Isopropamide,Peptic Ulcer,Muscarinic acetylcholine receptor M3,CHRM3,"['MESH:C084831', 'UniProt:P20309', 'GO:0001699', 'MESH:D005744', 'InterPro:IPR034162', 'MESH:D010437']",6,5,1,['Drug - Protein - BiologicalProcess - ChemicalSubstance - GeneFamily - Disease'],['Drug - decreases activity of - Protein - participates in - BiologicalProcess - increases abundance of - ChemicalSubstance - positively regulates - GeneFamily - positively correlated with - Disease'],What gene is most mechanistically related to the indication of Drug Isopropamide to Disease Peptic Ulcer?
2741,DB06283_MESH_D059350_1,DB:DB06283,MESH:C078452,MESH:D059350,UniProt:Q00975,Ziconotide,Chronic Pain,Voltage-dependent N-type calcium channel subunit alpha-1B,CACNA1B,"['MESH:C078452', 'UniProt:Q00975', 'GO:0007268', 'GO:1990793', 'GO:0061535', 'InterPro:IPR015476', 'GO:0019233', 'MESH:D059350']",8,9,1,['Drug - Protein - BiologicalProcess - Disease'],['Drug - decreases activity of - Protein - positively regulates - BiologicalProcess - occurs in - Disease'],What gene is most mechanistically related to the indication of Drug Ziconotide to Disease Chronic Pain?
2742,DB12863_MESH_D055371_1,DB:DB12863,MESH:C069195,MESH:D055371,UniProt:P08246,Sivelestat,Acute lung injury,Neutrophil elastase,ELANE,"['MESH:C069195', 'UniProt:P08246', 'GO:0002438', 'GO:0006954', 'MESH:D055371']",5,5,1,['Drug - Protein - BiologicalProcess - Disease'],['Drug - decreases activity of - Protein - positively regulates - BiologicalProcess - positively correlated with - Disease'],What gene is most mechanistically related to the indication of Drug Sivelestat to Disease Acute lung injury?
2748,DB09063_MESH_D002289_1,DB:DB09063,MESH:C586847,MESH:D002289,UniProt:Q9UM73,ceritinib,Non-small cell lung cancer,ALK tyrosine kinase receptor,ALK,"['MESH:C586847', 'UniProt:Q9UM73', 'GO:0008283', 'MESH:D002289']",4,3,1,['Drug - Protein - BiologicalProcess - Disease'],['Drug - decreases activity of - Protein - positively regulates - BiologicalProcess - positively correlated with - Disease'],What gene is most mechanistically related to the indication of Drug ceritinib to Disease Non-small cell lung cancer?
2749,DB00869_MESH_D009798_1,DB:DB00869,MESH:C062765,MESH:D009798,UniProt:P00918,dorzolamide,Ocular hypertension,Carbonic anhydrase 2,CA2,"['MESH:C062765', 'UniProt:P00918', 'GO:0015701', 'UBERON:0001796', 'MESH:D009798']",5,4,1,['Drug - Protein - BiologicalProcess - GrossAnatomicalStructure - Disease'],['Drug - negatively regulates - Protein - positively regulates - BiologicalProcess - increases abundance of - GrossAnatomicalStructure - positively correlated with - Disease'],What gene is most mechanistically related to the indication of Drug dorzolamide to Disease Ocular hypertension?
2750,DB00869_MESH_D005902_1,DB:DB00869,MESH:C062765,MESH:D005902,UniProt:P00918,dorzolamide,Open-angle glaucoma,Carbonic anhydrase 2,CA2,"['MESH:C062765', 'UniProt:P00918', 'GO:0015701', 'UBERON:0001796', 'HP:0007906', 'MESH:D005902']",6,5,1,['Drug - Protein - BiologicalProcess - GrossAnatomicalStructure - PhenotypicFeature - Disease'],['Drug - negatively regulates - Protein - positively regulates - BiologicalProcess - increases abundance of - GrossAnatomicalStructure - positively correlated with - PhenotypicFeature - manifestation of - Disease'],What gene is most mechanistically related to the indication of Drug dorzolamide to Disease Open-angle glaucoma?
2751,DB00841_MESH_D012770_1,DB:DB00841,MESH:D004280,MESH:D012770,UniProt:P08588,dobutamine,Cardiogenic shock,Beta-1 adrenergic receptor,ADRB1,"['MESH:D004280', 'UniProt:P08588', 'GO:0060047', 'HP:0002615', 'MESH:D012770']",5,4,1,['Drug - Protein - BiologicalProcess - PhenotypicFeature - Disease'],['Drug - positively regulates - Protein - positively regulates - BiologicalProcess - negatively correlated with - PhenotypicFeature - manifestation of - Disease'],What gene is most mechanistically related to the indication of Drug dobutamine to Disease Cardiogenic shock?
2765,DB00637_MESH_D012912_1,DB:DB00637,MESH:D016589,MESH:D012912,UniProt:P35367,Astemizole,Sneezing,Histamine H1 receptor,HRH1,"['MESH:D016589', 'UniProt:P35367', 'GO:0051381', 'GO:0023041', 'UBERON:0000004', 'UBERON:0001645', 'MESH:D012912']",7,6,1,['Drug - Protein - MolecularActivity - BiologicalProcess - GrossAnatomicalStructure - Disease'],['Drug - decreases activity of - Protein - participates in - MolecularActivity - positively regulates - BiologicalProcess - located in - GrossAnatomicalStructure - contributes to - Disease'],What gene is most mechanistically related to the indication of Drug Astemizole to Disease Sneezing?
2766,DB00637_MESH_D003233_1,DB:DB00637,MESH:D016589,MESH:D003233,UniProt:P35367,Astemizole,Allergic conjunctivitis,Histamine H1 receptor,HRH1,"['MESH:D016589', 'UniProt:P35367', 'GO:0004969', 'GO:0071420', 'GO:0006954', 'MESH:D003233']",6,5,1,['Drug - Protein - MolecularActivity - BiologicalProcess - Disease'],['Drug - negatively regulates - Protein - positively regulates - MolecularActivity - participates in - BiologicalProcess - causes - Disease'],What gene is most mechanistically related to the indication of Drug Astemizole to Disease Allergic conjunctivitis?
2768,DB00637_MESH_D065631_1,DB:DB00637,MESH:D016589,MESH:D065631,UniProt:P35367,Astemizole,Allergic rhinitis,Histamine H1 receptor,HRH1,"['MESH:D016589', 'UniProt:P35367', 'GO:0004969', 'GO:0071420', 'GO:0006954', 'HP:0031417', 'MESH:D065631']",7,6,1,['Drug - Protein - MolecularActivity - BiologicalProcess - PhenotypicFeature - Disease'],['Drug - decreases activity of - Protein - positively regulates - MolecularActivity - participates in - BiologicalProcess - has phenotype - PhenotypicFeature - manifestation of - Disease'],What gene is most mechanistically related to the indication of Drug Astemizole to Disease Allergic rhinitis?
2786,DB11611_MESH_D015352_1,DB:DB11611,MESH:C575157,MESH:D015352,UniProt:P20701,Lifitegrast,Tear film insufficiency,Integrin alpha-L,ITGAL,"['MESH:C575157', 'UniProt:P20701', 'GO:0042098', 'GO:0042110', 'GO:0006954', 'MESH:D015352']",6,6,1,['Drug - Protein - BiologicalProcess - Disease'],['Drug - decreases activity of - Protein - positively correlated with - BiologicalProcess - occurs in - Disease'],What gene is most mechanistically related to the indication of Drug Lifitegrast to Disease Tear film insufficiency?
2787,DB12148_MESH_D006475_1,DB:DB12148,MESH:C030814,MESH:D006475,UniProt:P38435,Menatetrenone,Hemorrhagic disease of the newborn due to vitamin K deficiency,Vitamin K-dependent gamma-carboxylase,GGCX,"['MESH:C030814', 'UniProt:P38435', 'GO:0007596', 'MESH:D006475']",4,3,1,['Drug - Protein - BiologicalProcess - Disease'],['Drug - increases activity of - Protein - positively regulates - BiologicalProcess - negatively correlated with - Disease'],What gene is most mechanistically related to the indication of Drug Menatetrenone to Disease Hemorrhagic disease of the newborn due to vitamin K deficiency?
2788,DB01110_MESH_D002179_1,DB:DB01110,MESH:D008825,MESH:D002179,UniProt:P10613,miconazole,"Candidiasis, Cutaneous",Lanosterol 14-alpha-demethylase,N/A,"['MESH:D008825', 'UniProt:P10613', 'GO:0006696', 'taxonomy:237561', 'MESH:D002179']",5,4,1,['Drug - Protein - BiologicalProcess - OrganismTaxon - Disease'],['Drug - negatively regulates - Protein - positively regulates - BiologicalProcess - in taxon - OrganismTaxon - causes - Disease'],"What gene is most mechanistically related to the indication of Drug miconazole to Disease Candidiasis, Cutaneous?"
2790,DB01110_MESH_D002181_1,DB:DB01110,MESH:D008825,MESH:D002181,UniProt:P10613,miconazole,"Candidiasis, Vulvovaginal",Lanosterol 14-alpha-demethylase,N/A,"['MESH:D008825', 'UniProt:P10613', 'GO:0006696', 'taxonomy:237561', 'MESH:D002181']",5,4,1,['Drug - Protein - BiologicalProcess - OrganismTaxon - Disease'],['Drug - negatively regulates - Protein - positively regulates - BiologicalProcess - in taxon - OrganismTaxon - causes - Disease'],"What gene is most mechanistically related to the indication of Drug miconazole to Disease Candidiasis, Vulvovaginal?"
2793,DB01110_MESH_D003963_1,DB:DB01110,MESH:D008825,MESH:D003963,UniProt:P10613,miconazole,Diaper Rash,Lanosterol 14-alpha-demethylase,N/A,"['MESH:D008825', 'UniProt:P10613', 'GO:0006696', 'taxonomy:237561', 'MESH:D003963']",5,4,1,['Drug - Protein - BiologicalProcess - OrganismTaxon - Disease'],['Drug - negatively regulates - Protein - positively regulates - BiologicalProcess - in taxon - OrganismTaxon - causes - Disease'],What gene is most mechanistically related to the indication of Drug miconazole to Disease Diaper Rash?
2794,DB04819_MESH_D014581_1,DB:DB04819,MESH:D008701,MESH:D014581,UniProt:P35367,methapyrilene,Urticaria,Histamine H1 receptor,HRH1,"['MESH:D008701', 'UniProt:P35367', 'GO:0004969', 'GO:0002441', 'MESH:D014581']",5,4,1,['Drug - Protein - MolecularActivity - BiologicalProcess - Disease'],['Drug - negatively regulates - Protein - positively regulates - MolecularActivity - positively correlated with - BiologicalProcess - positively correlated with - Disease'],What gene is most mechanistically related to the indication of Drug methapyrilene to Disease Urticaria?
2795,DB04819_MESH_D012223_1,DB:DB04819,MESH:D008701,MESH:D012223,UniProt:P35367,methapyrilene,"Rhinitis, Vasomotor",Histamine H1 receptor,HRH1,"['MESH:D008701', 'UniProt:P35367', 'GO:0004969', 'GO:0042311', 'MESH:D012223']",5,4,1,['Drug - Protein - MolecularActivity - BiologicalProcess - Disease'],['Drug - negatively regulates - Protein - positively regulates - MolecularActivity - positively correlated with - BiologicalProcess - positively correlated with - Disease'],"What gene is most mechanistically related to the indication of Drug methapyrilene to Disease Rhinitis, Vasomotor?"
2796,DB04819_MESH_D065631_1,DB:DB04819,MESH:D008701,MESH:D065631,UniProt:P35367,methapyrilene,Allergic rhinitis,Histamine H1 receptor,HRH1,"['MESH:D008701', 'UniProt:P35367', 'GO:0004969', 'GO:0002441', 'MESH:D065631']",5,4,1,['Drug - Protein - MolecularActivity - BiologicalProcess - Disease'],['Drug - negatively regulates - Protein - positively regulates - MolecularActivity - positively correlated with - BiologicalProcess - positively correlated with - Disease'],What gene is most mechanistically related to the indication of Drug methapyrilene to Disease Allergic rhinitis?
2797,DB04819_MESH_D012912_1,DB:DB04819,MESH:D008701,MESH:D012912,UniProt:P35367,methapyrilene,Sneezing,Histamine H1 receptor,HRH1,"['MESH:D008701', 'UniProt:P35367', 'GO:0004969', 'GO:0002441', 'MESH:D012912']",5,4,1,['Drug - Protein - MolecularActivity - BiologicalProcess - Disease'],['Drug - negatively regulates - Protein - positively regulates - MolecularActivity - positively correlated with - BiologicalProcess - positively correlated with - Disease'],What gene is most mechanistically related to the indication of Drug methapyrilene to Disease Sneezing?
2798,DB04819_MESH_D003233_1,DB:DB04819,MESH:D008701,MESH:D003233,UniProt:P35367,methapyrilene,Allergic conjunctivitis,Histamine H1 receptor,HRH1,"['MESH:D008701', 'UniProt:P35367', 'GO:0004969', 'GO:0002441', 'MESH:D003233']",5,4,1,['Drug - Protein - MolecularActivity - BiologicalProcess - Disease'],['Drug - negatively regulates - Protein - positively regulates - MolecularActivity - positively correlated with - BiologicalProcess - positively correlated with - Disease'],What gene is most mechanistically related to the indication of Drug methapyrilene to Disease Allergic conjunctivitis?
2799,DB04819_MESH_D011537_1,DB:DB04819,MESH:D008701,MESH:D011537,UniProt:P35367,methapyrilene,Pruritus,Histamine H1 receptor,HRH1,"['MESH:D008701', 'UniProt:P35367', 'GO:0004969', 'GO:0002441', 'MESH:D011537']",5,4,1,['Drug - Protein - MolecularActivity - BiologicalProcess - Disease'],['Drug - negatively regulates - Protein - positively regulates - MolecularActivity - positively correlated with - BiologicalProcess - positively correlated with - Disease'],What gene is most mechanistically related to the indication of Drug methapyrilene to Disease Pruritus?
2803,DB00419_MESH_D005776_1,DB:DB00419,MESH:C059896,MESH:D005776,UniProt:Q16739,miglustat,Gaucher Disease,Ceramide glucosyltransferase,UGCG,"['MESH:C059896', 'UniProt:Q16739', 'GO:0006679', 'CHEBI:36500', 'MESH:D005776']",5,4,1,['Drug - Protein - BiologicalProcess - ChemicalSubstance - Disease'],['Drug - decreases activity of - Protein - positively regulates - BiologicalProcess - increases abundance of - ChemicalSubstance - positively correlated with - Disease'],What gene is most mechanistically related to the indication of Drug miglustat to Disease Gaucher Disease?
2804,DB00419_MESH_D052556_1,DB:DB00419,MESH:C059896,MESH:D052556,UniProt:Q16739,miglustat,"Niemann-Pick disease, type C",Ceramide glucosyltransferase,UGCG,"['MESH:C059896', 'UniProt:Q16739', 'GO:0006679', 'CHEBI:36500', 'HP:0000707', 'MESH:D052556']",6,5,1,['Drug - Protein - BiologicalProcess - ChemicalSubstance - PhenotypicFeature - Disease'],['Drug - decreases activity of - Protein - positively regulates - BiologicalProcess - increases abundance of - ChemicalSubstance - positively correlated with - PhenotypicFeature - manifestation of - Disease'],"What gene is most mechanistically related to the indication of Drug miglustat to Disease Niemann-Pick disease, type C?"
2805,DB00674_MESH_D000544_1,DB:DB00674,MESH:D005702,MESH:D000544,UniProt:P22303,galantamine,Alzheimer Disease,Acetylcholinesterase,ACHE,"['MESH:D005702', 'UniProt:P22303', 'GO:0006581', 'CHEBI:15355', 'HP:0100543', 'MESH:D000544']",6,5,1,['Drug - Protein - BiologicalProcess - ChemicalSubstance - PhenotypicFeature - Disease'],['Drug - decreases activity of - Protein - positively regulates - BiologicalProcess - decreases abundance of - ChemicalSubstance - negatively correlated with - PhenotypicFeature - manifestation of - Disease'],What gene is most mechanistically related to the indication of Drug galantamine to Disease Alzheimer Disease?
2808,DB06043_MESH_D012509_1,DB:DB06043,MESH:C000589393,MESH:D012509,UniProt:P16234,olaratumab,Sarcoma of soft tissue,Platelet-derived growth factor receptor alpha,PDGFRA,"['MESH:C000589393', 'UniProt:P16234', 'GO:0008283', 'MESH:D012509']",4,3,1,['Drug - Protein - BiologicalProcess - Disease'],['Drug - decreases activity of - Protein - positively regulates - BiologicalProcess - positively correlated with - Disease'],What gene is most mechanistically related to the indication of Drug olaratumab to Disease Sarcoma of soft tissue?
2817,DB00735_MESH_D014008_1,DB:DB00735,MESH:C029178,MESH:D014008,UniProt:Q14534,Naftifine,Tinea Pedis,Squalene monooxygenase,SQLE,"['MESH:C029178', 'UniProt:Q14534', 'GO:0006696', 'MESH:D004875', 'GO:0042546', 'taxonomy:4751', 'MESH:D014008']",7,6,1,['Drug - Protein - BiologicalProcess - OrganismTaxon - Disease'],['Drug - decreases activity of - Protein - positively regulates - BiologicalProcess - occurs in - OrganismTaxon - causes - Disease'],What gene is most mechanistically related to the indication of Drug Naftifine to Disease Tinea Pedis?
2828,DB08806_MESH_D005764_1,DB:DB08806,MESH:C053742,MESH:D005764,UniProt:P25021,Roxatidine acetate,Gastroesophageal Reflux,Histamine H2 receptor,HRH2,"['MESH:C053742', 'UniProt:P25021', 'GO:0001696', 'MESH:D005744', 'MESH:D005764']",5,4,1,['Drug - Protein - BiologicalProcess - ChemicalSubstance - Disease'],['Drug - decreases activity of - Protein - positively regulates - BiologicalProcess - increases abundance of - ChemicalSubstance - contributes to - Disease'],What gene is most mechanistically related to the indication of Drug Roxatidine acetate to Disease Gastroesophageal Reflux?
2829,DB08806_MESH_D015043_1,DB:DB08806,MESH:C053742,MESH:D015043,UniProt:P25021,Roxatidine acetate,Zollinger-Ellison Syndrome,Histamine H2 receptor,HRH2,"['MESH:C053742', 'UniProt:P25021', 'GO:0001696', 'MESH:D005744', 'InterPro:IPR034162', 'HP:0004398', 'MESH:D015043']",7,6,1,['Drug - Protein - BiologicalProcess - ChemicalSubstance - GeneFamily - PhenotypicFeature - Disease'],['Drug - decreases activity of - Protein - positively regulates - BiologicalProcess - increases abundance of - ChemicalSubstance - positively regulates - GeneFamily - contributes to - PhenotypicFeature - manifestation of - Disease'],What gene is most mechanistically related to the indication of Drug Roxatidine acetate to Disease Zollinger-Ellison Syndrome?
2830,DB08806_MESH_D013276_1,DB:DB08806,MESH:C053742,MESH:D013276,UniProt:P25021,Roxatidine acetate,Stomach Ulcer,Histamine H2 receptor,HRH2,"['MESH:C053742', 'UniProt:P25021', 'GO:0001696', 'MESH:D005744', 'InterPro:IPR034162', 'MESH:D013276']",6,5,1,['Drug - Protein - BiologicalProcess - ChemicalSubstance - GeneFamily - Disease'],['Drug - decreases activity of - Protein - positively regulates - BiologicalProcess - increases abundance of - ChemicalSubstance - positively regulates - GeneFamily - contributes to - Disease'],What gene is most mechanistically related to the indication of Drug Roxatidine acetate to Disease Stomach Ulcer?
2840,DB00297_MESH_D011537_1,DB:DB00297,DB:DB00297,MESH:D011537,UniProt:Q9Y5Y9,Bupivacaine,Pruritus,Sodium channel protein type 10 subunit alpha,SCN10A,"['DB:DB00297', 'UniProt:Q9Y5Y9', 'GO:0086010', 'CL:0000197', 'MESH:D011537']",5,4,1,['Drug - Protein - BiologicalProcess - Cell - Disease'],['Drug - decreases activity of - Protein - positively regulates - BiologicalProcess - occurs in - Cell - positively correlated with - Disease'],What gene is most mechanistically related to the indication of Drug Bupivacaine to Disease Pruritus?
2855,DB09257_MESH_D013274_1,DB:DB09257,MESH:C104201,MESH:D013274,UniProt:Q12882,Gimeracil,Malignant tumor of stomach,Dihydropyrimidine dehydrogenase,DPYD,"['MESH:C104201', 'UniProt:Q12882', 'MESH:D005472', 'MESH:D013274']",4,3,1,['Drug - Disease'],['Drug - treats - Disease'],What gene is most mechanistically related to the indication of Drug Gimeracil to Disease Malignant tumor of stomach?
2856,DB11888_MESH_D007251_1,DB:DB11888,MESH:C546918,MESH:D007251,UniProt:P03468,Laninamivir octanoate hydrate,"Influenza, Human",Neuraminidase,N/A,"['MESH:C546918', 'DB:DB12791', 'UniProt:P03468', 'GO:0019076', 'taxonomy:11320', 'MESH:D007251']",6,5,1,['Drug - Protein - BiologicalProcess - OrganismTaxon - Disease'],['Drug - decreases activity of - Protein - positively regulates - BiologicalProcess - in taxon - OrganismTaxon - causes - Disease'],"What gene is most mechanistically related to the indication of Drug Laninamivir octanoate hydrate to Disease Influenza, Human?"
2857,DB00514_MESH_D012223_1,DB:DB00514,MESH:D003915,MESH:D012223,UniProt:P35367,dextromethorphan,"Rhinitis, Vasomotor",Histamine H1 receptor,HRH1,"['MESH:D003915', 'DB:DB14682', 'UniProt:P35367', 'GO:0004969', 'GO:0042311', 'MESH:D012223']",6,5,1,['Drug - ChemicalSubstance - Protein - MolecularActivity - BiologicalProcess - Disease'],['Drug - has metabolite - ChemicalSubstance - decreases activity of - Protein - positively regulates - MolecularActivity - participates in - BiologicalProcess - positively correlated with - Disease'],"What gene is most mechanistically related to the indication of Drug dextromethorphan to Disease Rhinitis, Vasomotor?"
2858,DB00514_MESH_D012912_1,DB:DB00514,MESH:D003915,MESH:D012912,UniProt:P35367,dextromethorphan,Sneezing,Histamine H1 receptor,HRH1,"['MESH:D003915', 'DB:DB14682', 'UniProt:P35367', 'GO:0004969', 'GO:0042311', 'MESH:D012912']",6,5,1,['Drug - ChemicalSubstance - Protein - MolecularActivity - BiologicalProcess - Disease'],['Drug - has metabolite - ChemicalSubstance - decreases activity of - Protein - positively regulates - MolecularActivity - participates in - BiologicalProcess - positively correlated with - Disease'],What gene is most mechanistically related to the indication of Drug dextromethorphan to Disease Sneezing?
2859,DB00514_MESH_D065631_1,DB:DB00514,MESH:D003915,MESH:D065631,UniProt:P35367,dextromethorphan,Allergic rhinitis,Histamine H1 receptor,HRH1,"['MESH:D003915', 'DB:DB14682', 'UniProt:P35367', 'GO:0004969', 'GO:0042311', 'MESH:D065631']",6,5,1,['Drug - ChemicalSubstance - Protein - MolecularActivity - BiologicalProcess - Disease'],['Drug - has metabolite - ChemicalSubstance - decreases activity of - Protein - positively regulates - MolecularActivity - participates in - BiologicalProcess - positively correlated with - Disease'],What gene is most mechanistically related to the indication of Drug dextromethorphan to Disease Allergic rhinitis?
2860,DB00514_MESH_D012220_1,DB:DB00514,MESH:D003915,MESH:D012220,UniProt:P35367,dextromethorphan,Rhinitis,Histamine H1 receptor,HRH1,"['MESH:D003915', 'DB:DB14682', 'UniProt:P35367', 'GO:0004969', 'GO:0042311', 'MESH:D012220']",6,5,1,['Drug - ChemicalSubstance - Protein - MolecularActivity - BiologicalProcess - Disease'],['Drug - has metabolite - ChemicalSubstance - decreases activity of - Protein - positively regulates - MolecularActivity - participates in - BiologicalProcess - positively correlated with - Disease'],What gene is most mechanistically related to the indication of Drug dextromethorphan to Disease Rhinitis?
2862,DB00514_MESH_D003139_1,DB:DB00514,MESH:D003915,MESH:D003139,UniProt:P35367,dextromethorphan,Common Cold,Histamine H1 receptor,HRH1,"['MESH:D003915', 'DB:DB14682', 'UniProt:P35367', 'GO:0004969', 'GO:0006954', 'MESH:D003139']",6,5,1,['Drug - ChemicalSubstance - Protein - MolecularActivity - BiologicalProcess - Disease'],['Drug - has metabolite - ChemicalSubstance - decreases activity of - Protein - positively regulates - MolecularActivity - participates in - BiologicalProcess - positively correlated with - Disease'],What gene is most mechanistically related to the indication of Drug dextromethorphan to Disease Common Cold?
2863,DB00514_MESH_D005334_1,DB:DB00514,MESH:D003915,MESH:D005334,UniProt:P35367,dextromethorphan,Fever,Histamine H1 receptor,HRH1,"['MESH:D003915', 'DB:DB14682', 'UniProt:P35367', 'GO:0004969', 'GO:0006954', 'MESH:D005334']",6,5,1,['Drug - ChemicalSubstance - Protein - MolecularActivity - BiologicalProcess - Disease'],['Drug - has metabolite - ChemicalSubstance - decreases activity of - Protein - positively regulates - MolecularActivity - participates in - BiologicalProcess - positively correlated with - Disease'],What gene is most mechanistically related to the indication of Drug dextromethorphan to Disease Fever?
2864,DB00514_MESH_D010612_1,DB:DB00514,MESH:D003915,MESH:D010612,UniProt:P35367,dextromethorphan,Pharyngitis,Histamine H1 receptor,HRH1,"['MESH:D003915', 'DB:DB14682', 'UniProt:P35367', 'GO:0004969', 'GO:0006954', 'MESH:D010612']",6,5,1,['Drug - ChemicalSubstance - Protein - MolecularActivity - BiologicalProcess - Disease'],['Drug - has metabolite - ChemicalSubstance - decreases activity of - Protein - positively regulates - MolecularActivity - participates in - BiologicalProcess - positively correlated with - Disease'],What gene is most mechanistically related to the indication of Drug dextromethorphan to Disease Pharyngitis?
2865,DB00514_MESH_D020773_1,DB:DB00514,MESH:D003915,MESH:D020773,UniProt:P35367,dextromethorphan,Headache Disorders,Histamine H1 receptor,HRH1,"['MESH:D003915', 'DB:DB14682', 'UniProt:P35367', 'GO:0004969', 'GO:0006954', 'HP:0012531', 'MESH:D020773']",7,6,1,['Drug - ChemicalSubstance - Protein - MolecularActivity - BiologicalProcess - PhenotypicFeature - Disease'],['Drug - has metabolite - ChemicalSubstance - decreases activity of - Protein - positively regulates - MolecularActivity - participates in - BiologicalProcess - positively correlated with - PhenotypicFeature - manifestation of - Disease'],What gene is most mechanistically related to the indication of Drug dextromethorphan to Disease Headache Disorders?
2869,DB00052_MESH_D014424_1,DB:DB00052,MESH:D019382,MESH:D014424,UniProt:P10912,somatropin,Turner syndrome,Growth hormone receptor,GHR,"['MESH:D019382', 'UniProt:P10912', 'GO:0060396', 'GO:0098868', 'HP:0004322', 'MESH:D014424']",6,5,1,['Drug - Protein - BiologicalProcess - PhenotypicFeature - Disease'],['Drug - increases activity of - Protein - positively regulates - BiologicalProcess - negatively correlated with - PhenotypicFeature - manifestation of - Disease'],What gene is most mechanistically related to the indication of Drug somatropin to Disease Turner syndrome?
2870,DB00052_MESH_D004393_1,DB:DB00052,MESH:D019382,MESH:D004393,UniProt:P10912,somatropin,Pituitary dwarfism,Growth hormone receptor,GHR,"['MESH:D019382', 'UniProt:P10912', 'GO:0060396', 'GO:0098868', 'HP:0004322', 'MESH:D004393']",6,5,1,['Drug - Protein - BiologicalProcess - PhenotypicFeature - Disease'],['Drug - increases activity of - Protein - positively regulates - BiologicalProcess - negatively correlated with - PhenotypicFeature - manifestation of - Disease'],What gene is most mechanistically related to the indication of Drug somatropin to Disease Pituitary dwarfism?
2871,DB00052_MESH_D011218_1,DB:DB00052,MESH:D019382,MESH:D011218,UniProt:P10912,somatropin,Prader-Willi syndrome,Growth hormone receptor,GHR,"['MESH:D019382', 'UniProt:P10912', 'GO:0060396', 'GO:0098868', 'HP:0004322', 'MESH:D011218']",6,5,1,['Drug - Protein - BiologicalProcess - PhenotypicFeature - Disease'],['Drug - increases activity of - Protein - positively regulates - BiologicalProcess - negatively correlated with - PhenotypicFeature - manifestation of - Disease'],What gene is most mechanistically related to the indication of Drug somatropin to Disease Prader-Willi syndrome?
2872,DB01411_MESH_D001249_1,DB:DB01411,MESH:C047681,MESH:D001249,UniProt:Q9Y271,pranlukast,Asthma,Cysteinyl leukotriene receptor 1,CYSLTR1,"['MESH:C047681', 'UniProt:Q9Y271', 'GO:0061737', 'HP:4000007', 'MESH:D001249']",5,4,1,['Drug - Protein - BiologicalProcess - PhenotypicFeature - Disease'],['Drug - decreases activity of - Protein - participates in - BiologicalProcess - positively correlated with - PhenotypicFeature - positively correlated with - Disease'],What gene is most mechanistically related to the indication of Drug pranlukast to Disease Asthma?
2873,DB01411_MESH_D065631_1,DB:DB01411,MESH:C047681,MESH:D065631,UniProt:Q9Y271,pranlukast,Allergic rhinitis,Cysteinyl leukotriene receptor 1,CYSLTR1,"['MESH:C047681', 'UniProt:Q9Y271', 'GO:0061737', 'GO:0002437', 'MESH:D065631']",5,4,1,['Drug - Protein - BiologicalProcess - Disease'],['Drug - decreases activity of - Protein - participates in - BiologicalProcess - positively correlated with - Disease'],What gene is most mechanistically related to the indication of Drug pranlukast to Disease Allergic rhinitis?
2877,DB00009_MESH_D011655_1,DB:DB00009,MESH:D010959,MESH:D011655,UniProt:P00747,Alteplase,Pulmonary embolism,Plasminogen,PLG,"['MESH:D010959', 'UniProt:P00747', 'GO:0042730', 'GO:0072378', 'MESH:D011655']",5,4,1,['Drug - Protein - BiologicalProcess - Disease'],['Drug - increases activity of - Protein - positively regulates - BiologicalProcess - positively correlated with - Disease'],What gene is most mechanistically related to the indication of Drug Alteplase to Disease Pulmonary embolism?
2878,DB00030_MESH_D003922_1,DB:DB00030,MESH:D007328,MESH:D003922,UniProt:P06213,Insulin human,Diabetes mellitus type 1,Insulin receptor,INSR,"['MESH:D007328', 'UniProt:P06213', 'GO:0005975', 'GO:0032869', 'GO:0042593', 'MESH:D003922']",6,7,1,['Drug - Protein - BiologicalProcess - Disease'],['Drug - increases activity of - Protein - positively regulates - BiologicalProcess - negatively correlated with - Disease'],What gene is most mechanistically related to the indication of Drug Insulin human to Disease Diabetes mellitus type 1?
2879,DB00030_MESH_D003924_1,DB:DB00030,MESH:D007328,MESH:D003924,UniProt:P06213,Insulin human,"Diabetes Mellitus, Type 2",Insulin receptor,INSR,"['MESH:D007328', 'UniProt:P06213', 'GO:0005975', 'GO:0032869', 'GO:0042593', 'MESH:D003924']",6,7,1,['Drug - Protein - BiologicalProcess - Disease'],['Drug - increases activity of - Protein - positively regulates - BiologicalProcess - negatively correlated with - Disease'],"What gene is most mechanistically related to the indication of Drug Insulin human to Disease Diabetes Mellitus, Type 2?"
2881,DB00541_MESH_D012208_1,DB:DB00541,MESH:D014750,MESH:D012208,UniProt:P07437,Vincristine,Rhabdomyosarcoma,Tubulin beta chain,TUBB,"['MESH:D014750', 'UniProt:P07437', 'GO:1902850', 'GO:0140014', 'GO:0008283', 'MESH:D012208']",6,5,1,['Drug - Protein - BiologicalProcess - Disease'],['Drug - decreases activity of - Protein - part of - BiologicalProcess - positively correlated with - Disease'],What gene is most mechanistically related to the indication of Drug Vincristine to Disease Rhabdomyosarcoma?
2882,DB00541_MESH_D008228_1,DB:DB00541,MESH:D014750,MESH:D008228,UniProt:P07437,Vincristine,Non-Hodgkin's lymphoma,Tubulin beta chain,TUBB,"['MESH:D014750', 'UniProt:P07437', 'GO:1902850', 'GO:0140014', 'GO:0008283', 'MESH:D008228']",6,5,1,['Drug - Protein - BiologicalProcess - Disease'],['Drug - decreases activity of - Protein - part of - BiologicalProcess - positively correlated with - Disease'],What gene is most mechanistically related to the indication of Drug Vincristine to Disease Non-Hodgkin's lymphoma?
2883,DB00541_MESH_D009447_1,DB:DB00541,MESH:D014750,MESH:D009447,UniProt:P07437,Vincristine,Neuroblastoma,Tubulin beta chain,TUBB,"['MESH:D014750', 'UniProt:P07437', 'GO:1902850', 'GO:0140014', 'GO:0008283', 'MESH:D009447']",6,5,1,['Drug - Protein - BiologicalProcess - Disease'],['Drug - decreases activity of - Protein - part of - BiologicalProcess - positively correlated with - Disease'],What gene is most mechanistically related to the indication of Drug Vincristine to Disease Neuroblastoma?
2884,DB00541_MESH_D002051_1,DB:DB00541,MESH:D014750,MESH:D002051,UniProt:P07437,Vincristine,Burkitt's lymphoma,Tubulin beta chain,TUBB,"['MESH:D014750', 'UniProt:P07437', 'GO:1902850', 'GO:0140014', 'GO:0008283', 'MESH:D002051']",6,5,1,['Drug - Protein - BiologicalProcess - Disease'],['Drug - decreases activity of - Protein - part of - BiologicalProcess - positively correlated with - Disease'],What gene is most mechanistically related to the indication of Drug Vincristine to Disease Burkitt's lymphoma?
2885,DB00541_MESH_D006689_1,DB:DB00541,MESH:D014750,MESH:D006689,UniProt:P07437,Vincristine,Hodgkin disease,Tubulin beta chain,TUBB,"['MESH:D014750', 'UniProt:P07437', 'GO:1902850', 'GO:0140014', 'GO:0008283', 'MESH:D006689']",6,5,1,['Drug - Protein - BiologicalProcess - Disease'],['Drug - decreases activity of - Protein - part of - BiologicalProcess - positively correlated with - Disease'],What gene is most mechanistically related to the indication of Drug Vincristine to Disease Hodgkin disease?
2886,DB00541_MESH_D008224_1,DB:DB00541,MESH:D014750,MESH:D008224,UniProt:P07437,Vincristine,Follicular non-Hodgkin's lymphoma,Tubulin beta chain,TUBB,"['MESH:D014750', 'UniProt:P07437', 'GO:1902850', 'GO:0140014', 'GO:0008283', 'MESH:D008224']",6,5,1,['Drug - Protein - BiologicalProcess - Disease'],['Drug - decreases activity of - Protein - part of - BiologicalProcess - positively correlated with - Disease'],What gene is most mechanistically related to the indication of Drug Vincristine to Disease Follicular non-Hodgkin's lymphoma?
2887,DB00541_MESH_D009396_1,DB:DB00541,MESH:D014750,MESH:D009396,UniProt:P07437,Vincristine,Wilms Tumor,Tubulin beta chain,TUBB,"['MESH:D014750', 'UniProt:P07437', 'GO:1902850', 'GO:0140014', 'GO:0008283', 'MESH:D009396']",6,5,1,['Drug - Protein - BiologicalProcess - Disease'],['Drug - decreases activity of - Protein - part of - BiologicalProcess - positively correlated with - Disease'],What gene is most mechanistically related to the indication of Drug Vincristine to Disease Wilms Tumor?
2888,DB00541_MESH_D016403_1,DB:DB00541,MESH:D014750,MESH:D016403,UniProt:P07437,Vincristine,"Diffuse non-Hodgkin's lymphoma, large cell",Tubulin beta chain,TUBB,"['MESH:D014750', 'UniProt:P07437', 'GO:1902850', 'GO:0140014', 'GO:0008283', 'MESH:D016403']",6,5,1,['Drug - Protein - BiologicalProcess - Disease'],['Drug - decreases activity of - Protein - part of - BiologicalProcess - positively correlated with - Disease'],"What gene is most mechanistically related to the indication of Drug Vincristine to Disease Diffuse non-Hodgkin's lymphoma, large cell?"
2899,DB01220_MESH_D006501_1,DB:DB01220,MESH:C042734,MESH:D006501,UniProt:P0A8V2,Rifaximin,Hepatic Encephalopathy,DNA-directed RNA polymerase subunit beta,N/A,"['MESH:C042734', 'UniProt:P0A8V2', 'GO:0003899', 'GO:0006351', 'taxonomy:2', 'MESH:D000641', 'MESH:D006501']",7,6,1,['Drug - Protein - MolecularActivity - BiologicalProcess - OrganismTaxon - ChemicalSubstance - Disease'],['Drug - decreases activity of - Protein - positively regulates - MolecularActivity - positively correlated with - BiologicalProcess - in taxon - OrganismTaxon - produces - ChemicalSubstance - contributes to - Disease'],What gene is most mechanistically related to the indication of Drug Rifaximin to Disease Hepatic Encephalopathy?
2903,DB00087_MESH_D020529_1,DB:DB00087,MESH:C096529,MESH:D020529,UniProt:P31358,alemtuzumab,Relapsing remitting multiple sclerosis,CAMPATH-1 antigen,CD52,"['MESH:C096529', 'UniProt:P31358', 'GO:0006959', 'GO:0001788', 'GO:0008219', 'CL:0001063', 'MESH:D020529']",7,6,1,['Drug - Protein - BiologicalProcess - Cell - Disease'],['Drug - molecularly interacts with - Protein - positively regulates - BiologicalProcess - decreases abundance of - Cell - manifestation of - Disease'],What gene is most mechanistically related to the indication of Drug alemtuzumab to Disease Relapsing remitting multiple sclerosis?
2919,DB00265_MESH_D011537_1,DB:DB00265,MESH:C005553,MESH:D011537,UniProt:Q9HBA0,Crotamiton,Pruritus,Transient receptor potential cation channel subfamily V member 4,TRPV4,"['MESH:C005553', 'UniProt:Q9HBA0', 'CL:0000101', 'MESH:D011537']",4,3,1,['Drug - Protein - Cell - Disease'],['Drug - decreases activity of - Protein - expressed in - Cell - positively correlated with - Disease'],What gene is most mechanistically related to the indication of Drug Crotamiton to Disease Pruritus?
2920,DB00265_MESH_D012532_1,DB:DB00265,MESH:C005553,MESH:D012532,UniProt:Q9HBA0,Crotamiton,Infestation by Sarcoptes scabiei var hominis,Transient receptor potential cation channel subfamily V member 4,TRPV4,"['MESH:C005553', 'UniProt:Q9HBA0', 'CL:0000101', 'MESH:D011537', 'MESH:D012532']",5,4,1,['Drug - Protein - Cell - Disease'],['Drug - decreases activity of - Protein - expressed in - Cell - positively correlated with - Disease'],What gene is most mechanistically related to the indication of Drug Crotamiton to Disease Infestation by Sarcoptes scabiei var hominis?
2921,DB00338_MESH_D010437_1,DB:DB00338,MESH:D009853,MESH:D010437,UniProt:P20648,Omeprazole,Peptic Ulcer,Potassium-transporting ATPase alpha chain 1,ATP4A,"['MESH:D009853', 'UniProt:P20648', 'GO:0001696', 'MESH:D005744', 'MESH:D010437']",5,4,1,['Drug - Protein - BiologicalProcess - ChemicalSubstance - Disease'],['Drug - decreases activity of - Protein - positively regulates - BiologicalProcess - increases abundance of - ChemicalSubstance - positively correlated with - Disease'],What gene is most mechanistically related to the indication of Drug Omeprazole to Disease Peptic Ulcer?
2922,DB00338_MESH_D013276_1,DB:DB00338,MESH:D009853,MESH:D013276,UniProt:P20648,Omeprazole,Stomach Ulcer,Potassium-transporting ATPase alpha chain 1,ATP4A,"['MESH:D009853', 'UniProt:P20648', 'GO:0001696', 'MESH:D005744', 'InterPro:IPR034162', 'MESH:D013276']",6,5,1,['Drug - Protein - BiologicalProcess - ChemicalSubstance - GeneFamily - Disease'],['Drug - decreases activity of - Protein - positively regulates - BiologicalProcess - increases abundance of - ChemicalSubstance - positively regulates - GeneFamily - contributes to - Disease'],What gene is most mechanistically related to the indication of Drug Omeprazole to Disease Stomach Ulcer?
2923,DB00338_MESH_D004381_1,DB:DB00338,MESH:D009853,MESH:D004381,UniProt:P20648,Omeprazole,Duodenal Ulcer,Potassium-transporting ATPase alpha chain 1,ATP4A,"['MESH:D009853', 'UniProt:P20648', 'GO:0001696', 'MESH:D005744', 'InterPro:IPR034162', 'MESH:D004381']",6,5,1,['Drug - Protein - BiologicalProcess - ChemicalSubstance - GeneFamily - Disease'],['Drug - decreases activity of - Protein - positively regulates - BiologicalProcess - increases abundance of - ChemicalSubstance - positively regulates - GeneFamily - contributes to - Disease'],What gene is most mechanistically related to the indication of Drug Omeprazole to Disease Duodenal Ulcer?
2924,DB00338_MESH_D015043_1,DB:DB00338,MESH:D009853,MESH:D015043,UniProt:P20648,Omeprazole,Zollinger-Ellison Syndrome,Potassium-transporting ATPase alpha chain 1,ATP4A,"['MESH:D009853', 'UniProt:P20648', 'GO:0001696', 'MESH:D005744', 'MESH:D010437', 'MESH:D015043']",6,5,1,['Drug - Protein - BiologicalProcess - ChemicalSubstance - Disease'],['Drug - decreases activity of - Protein - positively regulates - BiologicalProcess - increases abundance of - ChemicalSubstance - positively correlated with - Disease'],What gene is most mechanistically related to the indication of Drug Omeprazole to Disease Zollinger-Ellison Syndrome?
2925,DB00338_MESH_D005764_1,DB:DB00338,MESH:D009853,MESH:D005764,UniProt:P20648,Omeprazole,Gastroesophageal Reflux,Potassium-transporting ATPase alpha chain 1,ATP4A,"['MESH:D009853', 'UniProt:P20648', 'GO:0001696', 'MESH:D005744', 'MESH:D005764']",5,4,1,['Drug - Protein - BiologicalProcess - ChemicalSubstance - Disease'],['Drug - decreases activity of - Protein - positively regulates - BiologicalProcess - increases abundance of - ChemicalSubstance - positively correlated with - Disease'],What gene is most mechanistically related to the indication of Drug Omeprazole to Disease Gastroesophageal Reflux?
2926,DB00338_MESH_D004942_1,DB:DB00338,MESH:D009853,MESH:D004942,UniProt:P20648,Omeprazole,"Esophagitis, Peptic",Potassium-transporting ATPase alpha chain 1,ATP4A,"['MESH:D009853', 'UniProt:P20648', 'GO:0001696', 'MESH:D005744', 'MESH:D004942']",5,4,1,['Drug - Protein - BiologicalProcess - ChemicalSubstance - Disease'],['Drug - decreases activity of - Protein - positively regulates - BiologicalProcess - increases abundance of - ChemicalSubstance - positively correlated with - Disease'],"What gene is most mechanistically related to the indication of Drug Omeprazole to Disease Esophagitis, Peptic?"
2930,DB00662_MESH_D014839_1,DB:DB00662,MESH:C100146,MESH:D014839,UniProt:P14416,Trimethobenzamide,Vomiting,D(2) dopamine receptor,DRD2,"['MESH:C100146', 'UniProt:P14416', 'MESH:D014839']",3,2,1,['Drug - Protein - Disease'],['Drug - decreases activity of - Protein - positively regulates - Disease'],What gene is most mechanistically related to the indication of Drug Trimethobenzamide to Disease Vomiting?
2931,DB00662_MESH_D009325_1,DB:DB00662,MESH:C100146,MESH:D009325,UniProt:P14416,Trimethobenzamide,Nausea,D(2) dopamine receptor,DRD2,"['MESH:C100146', 'UniProt:P14416', 'MESH:D009325']",3,2,1,['Drug - Protein - Disease'],['Drug - decreases activity of - Protein - positively regulates - Disease'],What gene is most mechanistically related to the indication of Drug Trimethobenzamide to Disease Nausea?
2936,DB01254_MESH_D015466_1,DB:DB01254,MESH:D000069439,MESH:D015466,UniProt:P00519,Dasatinib,Chronic phase chronic myeloid leukemia,Tyrosine-protein kinase ABL1,ABL1,"['MESH:D000069439', 'UniProt:P00519', 'GO:0004714', 'HP:0031377', 'MESH:D015466']",5,4,1,['Drug - Protein - MolecularActivity - PhenotypicFeature - Disease'],['Drug - decreases activity of - Protein - positively regulates - MolecularActivity - positively regulates - PhenotypicFeature - positively correlated with - Disease'],What gene is most mechanistically related to the indication of Drug Dasatinib to Disease Chronic phase chronic myeloid leukemia?
2937,DB01254_MESH_D001752_1,DB:DB01254,MESH:D000069439,MESH:D001752,UniProt:P00519,Dasatinib,Blastic phase chronic myeloid leukemia,Tyrosine-protein kinase ABL1,ABL1,"['MESH:D000069439', 'UniProt:P00519', 'GO:0004714', 'HP:0031377', 'MESH:D001752']",5,4,1,['Drug - Protein - MolecularActivity - PhenotypicFeature - Disease'],['Drug - decreases activity of - Protein - positively regulates - MolecularActivity - positively regulates - PhenotypicFeature - positively correlated with - Disease'],What gene is most mechanistically related to the indication of Drug Dasatinib to Disease Blastic phase chronic myeloid leukemia?
2942,DB09247_MESH_D003866_1,DB:DB09247,MESH:C010474,MESH:D003866,UniProt:P21397,Iproclozide,Depressive disorder,Amine oxidase [flavin-containing] A,MAOA,"['MESH:C010474', 'UniProt:P21397', 'GO:0042402', 'MESH:D009638', 'MESH:D012701', 'GO:0099153', 'GO:0099155', 'MESH:D003866']",8,8,1,['Drug - Protein - BiologicalProcess - Disease'],['Drug - decreases activity of - Protein - positively regulates - BiologicalProcess - negatively correlated with - Disease'],What gene is most mechanistically related to the indication of Drug Iproclozide to Disease Depressive disorder?
2945,DB00832_MESH_D004827_1,DB:DB00832,MESH:C100129,MESH:D004827,UniProt:O43497,Phensuximide,Epilepsy,Voltage-dependent T-type calcium channel subunit alpha-1G,CACNA1G,"['MESH:C100129', 'UniProt:O43497', 'GO:0070509', 'GO:0019228', 'UBERON:0000955', 'MESH:D004827']",6,5,1,['Drug - Protein - BiologicalProcess - GrossAnatomicalStructure - Disease'],['Drug - decreases activity of - Protein - positively regulates - BiologicalProcess - located in - GrossAnatomicalStructure - positively correlated with - Disease'],What gene is most mechanistically related to the indication of Drug Phensuximide to Disease Epilepsy?
2946,DB00832_MESH_D004832_1,DB:DB00832,MESH:C100129,MESH:D004832,UniProt:O43497,Phensuximide,Absence seizure,Voltage-dependent T-type calcium channel subunit alpha-1G,CACNA1G,"['MESH:C100129', 'UniProt:O43497', 'GO:0070509', 'GO:0019228', 'UBERON:0000955', 'MESH:D004832']",6,5,1,['Drug - Protein - BiologicalProcess - GrossAnatomicalStructure - Disease'],['Drug - decreases activity of - Protein - positively regulates - BiologicalProcess - located in - GrossAnatomicalStructure - positively correlated with - Disease'],What gene is most mechanistically related to the indication of Drug Phensuximide to Disease Absence seizure?
2947,DB00040_MESH_D007003_1,DB:DB00040,MESH:D005934,MESH:D007003,UniProt:P47871,Glucagon,Hypoglycemia,Glucagon receptor,GCGR,"['MESH:D005934', 'UniProt:P47871', 'GO:0071377', 'GO:0042593', 'MESH:D007003']",5,4,1,['Drug - Protein - BiologicalProcess - Disease'],['Drug - increases activity of - Protein - positively regulates - BiologicalProcess - negatively correlated with - Disease'],What gene is most mechanistically related to the indication of Drug Glucagon to Disease Hypoglycemia?
2948,DB00431_MESH_D012532_1,DB:DB00431,MESH:D001556,MESH:D012532,UniProt:A0A132A3X0,Lindane,Infestation by Sarcoptes scabiei var hominis,Gamma-aminobutyric acid receptor subunit beta-like protein 1 (Sarcoptes scabiei),N/A,"['MESH:D001556', 'UniProt:A0A132A3X0', 'GO:0007214', 'HP:0002069', 'taxonomy:52283', 'MESH:D012532']",6,5,1,['Drug - Protein - BiologicalProcess - PhenotypicFeature - OrganismTaxon - Disease'],['Drug - decreases activity of - Protein - positively regulates - BiologicalProcess - negatively correlated with - PhenotypicFeature - in taxon - OrganismTaxon - causes - Disease'],What gene is most mechanistically related to the indication of Drug Lindane to Disease Infestation by Sarcoptes scabiei var hominis?
2949,DB00632_MESH_D006560_1,DB:DB00632,MESH:C529236,MESH:D006560,UniProt:P03200,Docosanol,Herpes labialis,Envelope glycoprotein GP350 (Epstein-Barr virus),N/A,"['MESH:C529236', 'UniProt:P03200', 'GO:0016032', 'taxonomy:10298', 'MESH:D006560']",5,4,1,['Drug - Protein - BiologicalProcess - OrganismTaxon - Disease'],['Drug - decreases activity of - Protein - participates in - BiologicalProcess - in taxon - OrganismTaxon - causes - Disease'],What gene is most mechanistically related to the indication of Drug Docosanol to Disease Herpes labialis?
2954,DB01126_MESH_D011470_2,DB:DB01126,MESH:D018120,MESH:D011470,UniProt:P31213,Finasteride,Benign prostatic hyperplasia,3-oxo-5-alpha-steroid 4-dehydrogenase 2,SRD5A2,"['MESH:D018120', 'UniProt:P31213', 'MESH:D013196', 'MESH:D011470']",4,3,1,['Drug - Protein - ChemicalSubstance - Disease'],['Drug - decreases activity of - Protein - increases abundance of - ChemicalSubstance - positively correlated with - Disease'],What gene is most mechanistically related to the indication of Drug Finasteride to Disease Benign prostatic hyperplasia?
2960,DB08799_MESH_D012912_1,DB:DB08799,MESH:D000865,MESH:D012912,UniProt:P35367,Antazoline,Sneezing,Histamine H1 receptor,HRH1,"['MESH:D000865', 'UniProt:P35367', 'GO:0051381', 'GO:0023041', 'UBERON:0000004', 'UBERON:0001645', 'MESH:D012912']",7,6,1,['Drug - Protein - MolecularActivity - BiologicalProcess - GrossAnatomicalStructure - Disease'],['Drug - decreases activity of - Protein - participates in - MolecularActivity - positively regulates - BiologicalProcess - located in - GrossAnatomicalStructure - contributes to - Disease'],What gene is most mechanistically related to the indication of Drug Antazoline to Disease Sneezing?
2961,DB08799_MESH_D014581_1,DB:DB08799,MESH:D000865,MESH:D014581,UniProt:P35367,Antazoline,Urticaria,Histamine H1 receptor,HRH1,"['MESH:D000865', 'UniProt:P35367', 'MESH:D006632', 'GO:0043117', 'HP:0000969', 'MESH:D014581']",6,5,1,['Drug - Protein - ChemicalSubstance - BiologicalProcess - PhenotypicFeature - Disease'],['Drug - negatively regulates - Protein - positively correlated with - ChemicalSubstance - causes - BiologicalProcess - positively correlated with - PhenotypicFeature - occurs in - Disease'],What gene is most mechanistically related to the indication of Drug Antazoline to Disease Urticaria?
2963,DB08799_MESH_D065631_1,DB:DB08799,MESH:D000865,MESH:D065631,UniProt:P35367,Antazoline,Allergic rhinitis,Histamine H1 receptor,HRH1,"['MESH:D000865', 'UniProt:P35367', 'GO:0004969', 'GO:0002441', 'MESH:D065631']",5,4,1,['Drug - Protein - MolecularActivity - BiologicalProcess - Disease'],['Drug - decreases activity of - Protein - positively regulates - MolecularActivity - participates in - BiologicalProcess - positively correlated with - Disease'],What gene is most mechanistically related to the indication of Drug Antazoline to Disease Allergic rhinitis?
2964,DB08799_MESH_D012223_2,DB:DB08799,MESH:D000865,MESH:D012223,UniProt:P35367,Antazoline,"Rhinitis, Vasomotor",Histamine H1 receptor,HRH1,"['MESH:D000865', 'UniProt:P35367', 'GO:0034776', 'MESH:D013373', 'MESH:D020078', 'MESH:D012223']",6,5,1,['Drug - Protein - BiologicalProcess - ChemicalSubstance - Disease'],['Drug - decreases activity of - Protein - participates in - BiologicalProcess - increases abundance of - ChemicalSubstance - participates in - Disease'],"What gene is most mechanistically related to the indication of Drug Antazoline to Disease Rhinitis, Vasomotor?"
2965,DB08799_MESH_D003233_1,DB:DB08799,MESH:D000865,MESH:D003233,UniProt:P35367,Antazoline,Allergic conjunctivitis,Histamine H1 receptor,HRH1,"['MESH:D000865', 'UniProt:P35367', 'GO:0004969', 'GO:0002441', 'MESH:D003233']",5,4,1,['Drug - Protein - MolecularActivity - BiologicalProcess - Disease'],['Drug - decreases activity of - Protein - positively regulates - MolecularActivity - participates in - BiologicalProcess - positively correlated with - Disease'],What gene is most mechanistically related to the indication of Drug Antazoline to Disease Allergic conjunctivitis?
2966,DB11929_MESH_D019698_1,DB:DB11929,MESH:C540393,MESH:D019698,UniProt:B0B3C9,Vaniprevir,Chronic hepatitis C,Genome polyprotein,N/A,"['MESH:C540393', 'UniProt:B0B3C9', 'GO:0006260', 'taxonomy:11103', 'MESH:D019698']",5,4,1,['Drug - Protein - BiologicalProcess - OrganismTaxon - Disease'],['Drug - decreases activity of - Protein - negatively regulates - BiologicalProcess - in taxon - OrganismTaxon - causes - Disease'],What gene is most mechanistically related to the indication of Drug Vaniprevir to Disease Chronic hepatitis C?
2967,DB00002_MESH_D003110_1,DB:DB00002,MESH:D000068818,MESH:D003110,UniProt:P00533,cetuximab,Malignant tumor of colon,Epidermal growth factor receptor,EGFR,"['MESH:D000068818', 'UniProt:P00533', 'GO:0004697', 'GO:0050673', 'GO:0006915', 'MESH:D003110']",6,6,1,['Drug - Protein - MolecularActivity - BiologicalProcess - Disease'],['Drug - decreases activity of - Protein - positively regulates - MolecularActivity - negatively regulates - BiologicalProcess - negatively correlated with - Disease'],What gene is most mechanistically related to the indication of Drug cetuximab to Disease Malignant tumor of colon?
2968,DB00146_MESH_D012080_1,DB:DB00146,MESH:D002112,MESH:D012080,UniProt:P11473,calcifediol,Renal osteodystrophy,Vitamin D3 receptor,VDR,"['MESH:D002112', 'MESH:D002117', 'UniProt:P11473', 'GO:0004498', 'GO:0055074', 'HP:0004363', 'HP:0002901', 'MESH:D012080']",8,7,1,['Drug - ChemicalSubstance - Protein - MolecularActivity - BiologicalProcess - PhenotypicFeature - Disease'],['Drug - produces - ChemicalSubstance - increases activity of - Protein - positively regulates - MolecularActivity - positively correlated with - BiologicalProcess - negatively correlated with - PhenotypicFeature - manifestation of - Disease'],What gene is most mechanistically related to the indication of Drug calcifediol to Disease Renal osteodystrophy?
2969,DB00146_MESH_D006996_1,DB:DB00146,MESH:D002112,MESH:D006996,UniProt:P11473,calcifediol,Hypocalcemia,Vitamin D3 receptor,VDR,"['MESH:D002112', 'MESH:D002117', 'UniProt:P11473', 'GO:0004498', 'GO:0055074', 'HP:0004363', 'MESH:D006996']",7,6,1,['Drug - ChemicalSubstance - Protein - MolecularActivity - BiologicalProcess - PhenotypicFeature - Disease'],['Drug - produces - ChemicalSubstance - increases activity of - Protein - positively regulates - MolecularActivity - positively correlated with - BiologicalProcess - negatively correlated with - PhenotypicFeature - superclass of - Disease'],What gene is most mechanistically related to the indication of Drug calcifediol to Disease Hypocalcemia?
2970,DB00146_MESH_D017674_1,DB:DB00146,MESH:D002112,MESH:D017674,UniProt:P11473,calcifediol,Hypophosphatemia,Vitamin D3 receptor,VDR,"['MESH:D002112', 'MESH:D002117', 'UniProt:P11473', 'GO:0004498', 'GO:0055074', 'GO:0055062', 'MESH:D017674']",7,6,1,['Drug - ChemicalSubstance - Protein - MolecularActivity - BiologicalProcess - Disease'],['Drug - produces - ChemicalSubstance - increases activity of - Protein - positively regulates - MolecularActivity - positively correlated with - BiologicalProcess - negatively correlated with - Disease'],What gene is most mechanistically related to the indication of Drug calcifediol to Disease Hypophosphatemia?
2971,DB00146_MESH_D012279_1,DB:DB00146,MESH:D002112,MESH:D012279,UniProt:P11473,calcifediol,Rickets,Vitamin D3 receptor,VDR,"['MESH:D002112', 'MESH:D002117', 'UniProt:P11473', 'GO:0004498', 'GO:0055074', 'GO:0030282', 'MESH:D012279']",7,6,1,['Drug - ChemicalSubstance - Protein - MolecularActivity - BiologicalProcess - Disease'],['Drug - produces - ChemicalSubstance - increases activity of - Protein - positively regulates - MolecularActivity - positively correlated with - BiologicalProcess - negatively correlated with - Disease'],What gene is most mechanistically related to the indication of Drug calcifediol to Disease Rickets?
2985,DB00649_MESH_D015658_1,DB:DB00649,MESH:D018119,MESH:D015658,UniProt:Q72547,stavudine,Human immunodeficiency virus infection,Reverse transcriptase/RNaseH,N/A,"['MESH:D018119', 'UniProt:Q72547', 'GO:0003964', 'taxonomy:11676', 'MESH:D015658']",5,4,1,['Drug - Protein - MolecularActivity - OrganismTaxon - Disease'],['Drug - decreases activity of - Protein - positively regulates - MolecularActivity - in taxon - OrganismTaxon - causes - Disease'],What gene is most mechanistically related to the indication of Drug stavudine to Disease Human immunodeficiency virus infection?
3006,DB01007_MESH_D002181_1,DB:DB01007,MESH:C020527,MESH:D002181,UniProt:P10613,Tioconazole,"Candidiasis, Vulvovaginal",Lanosterol 14-alpha-demethylase,N/A,"['MESH:C020527', 'UniProt:P10613', 'GO:0006696', 'GO:0042546', 'taxonomy:1535326', 'MESH:D002181']",6,5,1,['Drug - Protein - BiologicalProcess - OrganismTaxon - Disease'],['Drug - decreases activity of - Protein - positively regulates - BiologicalProcess - occurs in - OrganismTaxon - causes - Disease'],"What gene is most mechanistically related to the indication of Drug Tioconazole to Disease Candidiasis, Vulvovaginal?"
3008,DB08935_MESH_D015451_1,DB:DB08935,MESH:C543332,MESH:D015451,UniProt:P11836,Obinutuzumab,"Leukemia, Lymphocytic, Chronic, B-Cell",B-lymphocyte antigen CD20,MS4A1,"['MESH:C543332', 'UniProt:P11836', 'CL:0000236', 'MESH:D015451']",4,3,1,['Drug - Protein - Cell - Disease'],['Drug - negatively regulates - Protein - expressed in - Cell - positively correlated with - Disease'],"What gene is most mechanistically related to the indication of Drug Obinutuzumab to Disease Leukemia, Lymphocytic, Chronic, B-Cell?"
3015,DB00603_MESH_D016889_1,DB:DB00603,DB:DB00603,MESH:D016889,UniProt:P06401,Medroxyprogesterone,Endometrial carcinoma,Progesterone receptor,PGR,"['DB:DB00603', 'UniProt:P06401', 'GO:0050847', 'GO:0008283', 'UBERON:0001295', 'MESH:D016889']",6,5,1,['Drug - Protein - BiologicalProcess - GrossAnatomicalStructure - Disease'],['Drug - increases activity of - Protein - participates in - BiologicalProcess - located in - GrossAnatomicalStructure - positively correlated with - Disease'],What gene is most mechanistically related to the indication of Drug Medroxyprogesterone to Disease Endometrial carcinoma?
3018,DB00603_MESH_D004715_1,DB:DB00603,MESH:D008525,MESH:D004715,UniProt:P06401,Medroxyprogesterone,Endometriosis,Progesterone receptor,PGR,"['MESH:D008525', 'UniProt:P06401', 'GO:0050847', 'GO:0008283', 'UBERON:0001295', 'MESH:D004715']",6,5,1,['Drug - Protein - BiologicalProcess - GrossAnatomicalStructure - Disease'],['Drug - increases activity of - Protein - participates in - BiologicalProcess - located in - GrossAnatomicalStructure - positively correlated with - Disease'],What gene is most mechanistically related to the indication of Drug Medroxyprogesterone to Disease Endometriosis?
3019,DB00603_MESH_D008796_1,DB:DB00603,MESH:D008525,MESH:D008796,UniProt:P06401,Medroxyprogesterone,Dysfunctional uterine bleeding,Progesterone receptor,PGR,"['MESH:D008525', 'UniProt:P06401', 'UBERON:0001295', 'HP:0030126', 'GO:0050673', 'MESH:D008796']",6,5,1,['Drug - Protein - BiologicalProcess - GrossAnatomicalStructure - PhenotypicFeature - Disease'],['Drug - increases activity of - Protein - negatively regulates - BiologicalProcess - located in - GrossAnatomicalStructure - correlated with - PhenotypicFeature - causes - Disease'],What gene is most mechanistically related to the indication of Drug Medroxyprogesterone to Disease Dysfunctional uterine bleeding?
3023,DB01097_MESH_D001172_1,DB:DB01097,MESH:C045463,MESH:D001172,UniProt:Q02127,Leflunomide,Rheumatoid arthritis,"Dihydroorotate dehydrogenase (quinone), mitochondrial",DHODH,"['MESH:C045463', 'MESH:C527525', 'UniProt:Q02127', 'GO:0006221', 'GO:0090592', 'GO:0050798', 'MESH:D001172']",7,6,1,['Drug - Protein - BiologicalProcess - Disease'],['Drug - decreases activity of - Protein - positively regulates - BiologicalProcess - positively correlated with - Disease'],What gene is most mechanistically related to the indication of Drug Leflunomide to Disease Rheumatoid arthritis?
3024,DB01097_MESH_D015535_1,DB:DB01097,MESH:C045463,MESH:D015535,UniProt:Q02127,Leflunomide,Psoriasis with arthropathy,"Dihydroorotate dehydrogenase (quinone), mitochondrial",DHODH,"['MESH:C045463', 'MESH:C527525', 'UniProt:Q02127', 'GO:0006221', 'GO:0090592', 'GO:0050798', 'MESH:D015535']",7,6,1,['Drug - Protein - BiologicalProcess - Disease'],['Drug - decreases activity of - Protein - positively regulates - BiologicalProcess - positively correlated with - Disease'],What gene is most mechanistically related to the indication of Drug Leflunomide to Disease Psoriasis with arthropathy?
3025,DB01256_MESH_D007169_1,DB:DB01256,DB:DB01256,MESH:D007169,UniProt:Q9A1X4,Retapamulin,Impetigo,50S ribosomal protein L3 (Streptococcus pyogenes),N/A,"['DB:DB01256', 'UniProt:Q9A1X4', 'GO:0006412', 'taxonomy:1314', 'MESH:D007169']",5,4,1,['Drug - Protein - BiologicalProcess - OrganismTaxon - Disease'],['Drug - decreases activity of - Protein - positively regulates - BiologicalProcess - in taxon - OrganismTaxon - causes - Disease'],What gene is most mechanistically related to the indication of Drug Retapamulin to Disease Impetigo?
3026,DB11988_MESH_D020528_1,DB:DB11988,MESH:C533411,MESH:D020528,UniProt:P11836,Ocrelizumab,Primary progressive multiple sclerosis,B-lymphocyte antigen CD20,MS4A1,"['MESH:C533411', 'UniProt:P11836', 'CL:0000236', 'MESH:D020528']",4,3,1,['Drug - Protein - Cell - Disease'],['Drug - negatively regulates - Protein - expressed in - Cell - contributes to - Disease'],What gene is most mechanistically related to the indication of Drug Ocrelizumab to Disease Primary progressive multiple sclerosis?
3031,DB00264_MESH_D006973_1,DB:DB00264,MESH:D008790,MESH:D006973,UniProt:P08588,Metoprolol,Hypertension,Beta-1 adrenergic receptor,ADRB1,"['MESH:D008790', 'UniProt:P08588', 'GO:0002001', 'GO:0042310', 'MESH:D006973']",5,4,1,['Drug - Protein - BiologicalProcess - Disease'],['Drug - decreases activity of - Protein - positively regulates - BiologicalProcess - affects risk for - Disease'],What gene is most mechanistically related to the indication of Drug Metoprolol to Disease Hypertension?
3038,DB01114_MESH_D012912_1,DB:DB01114,MESH:D002744,MESH:D012912,UniProt:P35367,Chlorphenamine,Sneezing,Histamine H1 receptor,HRH1,"['MESH:D002744', 'UniProt:P35367', 'MESH:D006632', 'CL:0000540', 'UBERON:0000004', 'UBERON:0001645', 'MESH:D012912']",7,6,1,['Drug - Protein - ChemicalSubstance - Cell - GrossAnatomicalStructure - Disease'],['Drug - negatively regulates - Protein - positively correlated with - ChemicalSubstance - increases activity of - Cell - located in - GrossAnatomicalStructure - contributes to - Disease'],What gene is most mechanistically related to the indication of Drug Chlorphenamine to Disease Sneezing?
3039,DB01114_MESH_D012223_1,DB:DB01114,MESH:D002744,MESH:D012223,UniProt:P35367,Chlorphenamine,"Rhinitis, Vasomotor",Histamine H1 receptor,HRH1,"['MESH:D002744', 'UniProt:P35367', 'MESH:D006632', 'MESH:D013373', 'MESH:D020078', 'MESH:D012223']",6,5,1,['Drug - Protein - ChemicalSubstance - Disease'],['Drug - negatively regulates - Protein - positively correlated with - ChemicalSubstance - participates in - Disease'],"What gene is most mechanistically related to the indication of Drug Chlorphenamine to Disease Rhinitis, Vasomotor?"
3041,DB01114_MESH_D065631_1,DB:DB01114,MESH:D002744,MESH:D065631,UniProt:P35367,Chlorphenamine,Allergic rhinitis,Histamine H1 receptor,HRH1,"['MESH:D002744', 'UniProt:P35367', 'MESH:D006632', 'GO:0071159', 'GO:0006954', 'UBERON:0000004', 'MESH:D065631']",7,6,1,['Drug - Protein - ChemicalSubstance - CellularComponent - BiologicalProcess - GrossAnatomicalStructure - Disease'],['Drug - negatively regulates - Protein - positively correlated with - ChemicalSubstance - positively regulates - CellularComponent - positively regulates - BiologicalProcess - located in - GrossAnatomicalStructure - affected by - Disease'],What gene is most mechanistically related to the indication of Drug Chlorphenamine to Disease Allergic rhinitis?
3042,DB01114_MESH_D014581_1,DB:DB01114,MESH:D002744,MESH:D014581,UniProt:P35367,Chlorphenamine,Urticaria,Histamine H1 receptor,HRH1,"['MESH:D002744', 'UniProt:P35367', 'GO:0004969', 'GO:0071420', 'GO:0006954', 'MESH:D014581']",6,5,1,['Drug - Protein - MolecularActivity - BiologicalProcess - Disease'],['Drug - decreases activity of - Protein - positively regulates - MolecularActivity - participates in - BiologicalProcess - causes - Disease'],What gene is most mechanistically related to the indication of Drug Chlorphenamine to Disease Urticaria?
3043,DB01400_MESH_D009157_1,DB:DB01400,MESH:D009388,MESH:D009157,UniProt:P22303,Neostigmine,Myasthenia Gravis,Acetylcholinesterase,ACHE,"['MESH:D009388', 'UniProt:P22303', 'GO:0006581', 'GO:0015464', 'MESH:D000109', 'MESH:D009157']",6,5,1,['Drug - Protein - BiologicalProcess - ChemicalSubstance - MolecularActivity - Disease'],['Drug - decreases activity of - Protein - positively regulates - BiologicalProcess - decreases abundance of - ChemicalSubstance - increases activity of - MolecularActivity - disrupted by - Disease'],What gene is most mechanistically related to the indication of Drug Neostigmine to Disease Myasthenia Gravis?
3044,DB01400_MESH_D016055_1,DB:DB01400,MESH:D009388,MESH:D016055,UniProt:P22303,Neostigmine,Retention of urine,Acetylcholinesterase,ACHE,"['MESH:D009388', 'UniProt:P22303', 'GO:0006581', 'GO:0014832', 'MESH:D000109', 'MESH:D016055']",6,5,1,['Drug - Protein - BiologicalProcess - Disease'],['Drug - decreases activity of - Protein - positively regulates - BiologicalProcess - negatively correlated with - Disease'],What gene is most mechanistically related to the indication of Drug Neostigmine to Disease Retention of urine?
3047,DB12710_MESH_D009325_1,DB:DB12710,MESH:D010464,MESH:D009325,UniProt:P14416,Perazine,Nausea,D(2) dopamine receptor,DRD2,"['MESH:D010464', 'UniProt:P14416', 'MESH:D009325']",3,2,1,['Drug - Protein - Disease'],['Drug - decreases activity of - Protein - positively correlated with - Disease'],What gene is most mechanistically related to the indication of Drug Perazine to Disease Nausea?
3048,DB12710_MESH_D014839_1,DB:DB12710,MESH:D010464,MESH:D014839,UniProt:P14416,Perazine,Vomiting,D(2) dopamine receptor,DRD2,"['MESH:D010464', 'UniProt:P14416', 'MESH:D014839']",3,2,1,['Drug - Protein - Disease'],['Drug - decreases activity of - Protein - positively correlated with - Disease'],What gene is most mechanistically related to the indication of Drug Perazine to Disease Vomiting?
3051,DB12710_MESH_D001007_1,DB:DB12710,DB:DB12710,MESH:D001007,UniProt:P14416,Perazine,Anxiety,D(2) dopamine receptor,DRD2,"['DB:DB12710', 'UniProt:P14416', 'MESH:D004298', 'GO:0061527', 'MESH:D001007']",5,4,1,['Drug - Protein - ChemicalSubstance - BiologicalProcess - Disease'],['Drug - decreases activity of - Protein - positively correlated with - ChemicalSubstance - participates in - BiologicalProcess - correlated with - Disease'],What gene is most mechanistically related to the indication of Drug Perazine to Disease Anxiety?
3052,DB12710_MESH_D012559_1,DB:DB12710,DB:DB12710,MESH:D012559,UniProt:P14416,Perazine,Schizophrenia,D(2) dopamine receptor,DRD2,"['DB:DB12710', 'UniProt:P14416', 'GO:0061527', 'MESH:D004298', 'UBERON:0000451', 'HP:0000708', 'MESH:D012559']",7,6,1,['Drug - Protein - ChemicalSubstance - BiologicalProcess - GrossAnatomicalStructure - PhenotypicFeature - Disease'],['Drug - decreases activity of - Protein - positively correlated with - ChemicalSubstance - participates in - BiologicalProcess - located in - GrossAnatomicalStructure - regulates - PhenotypicFeature - manifestation of - Disease'],What gene is most mechanistically related to the indication of Drug Perazine to Disease Schizophrenia?
3053,DB11921_MESH_D020388_1,DB:DB11921,MESH:C021988,MESH:D020388,UniProt:P04150,deflazacort,Duchenne muscular dystrophy,Glucocorticoid receptor,NR3C1,"['MESH:C021988', 'DB:DBMET02573', 'UniProt:P04150', 'GO:0006954', 'HP:0003323', 'MESH:D020388']",6,5,1,['Drug - ChemicalSubstance - Protein - BiologicalProcess - PhenotypicFeature - Disease'],['Drug - has metabolite - ChemicalSubstance - positively regulates - Protein - negatively regulates - BiologicalProcess - correlated with - PhenotypicFeature - manifestation of - Disease'],What gene is most mechanistically related to the indication of Drug deflazacort to Disease Duchenne muscular dystrophy?
3057,DB06786_MESH_D009450_1,DB:DB06786,MESH:D006206,MESH:D009450,UniProt:P04150,halcinonide,Lichen simplex chronicus,Glucocorticoid receptor,NR3C1,"['MESH:D006206', 'UniProt:P04150', 'HP:0000989', 'MESH:D009450']",4,3,1,['Drug - Protein - PhenotypicFeature - Disease'],['Drug - positively regulates - Protein - negatively correlated with - PhenotypicFeature - manifestation of - Disease'],What gene is most mechanistically related to the indication of Drug halcinonide to Disease Lichen simplex chronicus?
3058,DB06786_MESH_D012628_1,DB:DB06786,MESH:D006206,MESH:D012628,UniProt:P04150,halcinonide,Seborrheic dermatitis,Glucocorticoid receptor,NR3C1,"['MESH:D006206', 'UniProt:P04150', 'HP:0001019', 'MESH:D012628']",4,3,1,['Drug - Protein - PhenotypicFeature - Disease'],['Drug - positively regulates - Protein - negatively correlated with - PhenotypicFeature - manifestation of - Disease'],What gene is most mechanistically related to the indication of Drug halcinonide to Disease Seborrheic dermatitis?
3059,DB06786_MESH_D005076_1,DB:DB06786,MESH:D006206,MESH:D005076,UniProt:P04150,halcinonide,Eruption of skin,Glucocorticoid receptor,NR3C1,"['MESH:D006206', 'UniProt:P04150', 'HP:0000988', 'MESH:D005076']",4,3,1,['Drug - Protein - PhenotypicFeature - Disease'],['Drug - positively regulates - Protein - negatively correlated with - PhenotypicFeature - manifestation of - Disease'],What gene is most mechanistically related to the indication of Drug halcinonide to Disease Eruption of skin?
3060,DB06786_MESH_D003877_1,DB:DB06786,MESH:D006206,MESH:D003877,UniProt:P04150,halcinonide,Contact dermatitis,Glucocorticoid receptor,NR3C1,"['MESH:D006206', 'UniProt:P04150', 'HP:0001019', 'MESH:D003877']",4,3,1,['Drug - Protein - PhenotypicFeature - Disease'],['Drug - positively regulates - Protein - negatively correlated with - PhenotypicFeature - manifestation of - Disease'],What gene is most mechanistically related to the indication of Drug halcinonide to Disease Contact dermatitis?
3061,DB06786_MESH_D011538_1,DB:DB06786,MESH:D006206,MESH:D011538,UniProt:P04150,halcinonide,Pruritus ani,Glucocorticoid receptor,NR3C1,"['MESH:D006206', 'UniProt:P04150', 'HP:0000989', 'MESH:D011538']",4,3,1,['Drug - Protein - PhenotypicFeature - Disease'],['Drug - positively regulates - Protein - negatively correlated with - PhenotypicFeature - manifestation of - Disease'],What gene is most mechanistically related to the indication of Drug halcinonide to Disease Pruritus ani?
3062,DB06786_MESH_D003876_1,DB:DB06786,MESH:D006206,MESH:D003876,UniProt:P04150,halcinonide,Atopic dermatitis,Glucocorticoid receptor,NR3C1,"['MESH:D006206', 'UniProt:P04150', 'HP:0001019', 'MESH:D003876']",4,3,1,['Drug - Protein - PhenotypicFeature - Disease'],['Drug - positively regulates - Protein - negatively correlated with - PhenotypicFeature - manifestation of - Disease'],What gene is most mechanistically related to the indication of Drug halcinonide to Disease Atopic dermatitis?
3063,DB06786_MESH_D016460_1,DB:DB06786,MESH:D006206,MESH:D016460,UniProt:P04150,halcinonide,Granuloma annulare,Glucocorticoid receptor,NR3C1,"['MESH:D006206', 'UniProt:P04150', 'HP:0011123', 'HP:0000988', 'HP:0000989', 'MESH:D016460']",6,6,1,['Drug - Protein - PhenotypicFeature - Disease'],['Drug - positively regulates - Protein - negatively correlated with - PhenotypicFeature - manifestation of - Disease'],What gene is most mechanistically related to the indication of Drug halcinonide to Disease Granuloma annulare?
3064,DB06786_MESH_D016410_1,DB:DB06786,MESH:D006206,MESH:D016410,UniProt:P04150,halcinonide,Primary cutaneous T-cell lymphoma,Glucocorticoid receptor,NR3C1,"['MESH:D006206', 'UniProt:P04150', 'HP:0011123', 'MESH:D016410']",4,3,1,['Drug - Protein - PhenotypicFeature - Disease'],['Drug - positively regulates - Protein - negatively correlated with - PhenotypicFeature - manifestation of - Disease'],What gene is most mechanistically related to the indication of Drug halcinonide to Disease Primary cutaneous T-cell lymphoma?
3068,DB01201_MESH_D014397_2,DB:DB01201,MESH:C107057,MESH:D014397,UniProt:P9WGY7,rifapentine,Pulmonary tuberculosis,DNA-directed RNA polymerase subunit beta,N/A,"['MESH:C107057', 'UniProt:P9WGY7', 'GO:0006351', 'taxonomy:1773', 'MESH:D014397']",5,4,1,['Drug - Protein - BiologicalProcess - OrganismTaxon - Disease'],['Drug - negatively regulates - Protein - positively regulates - BiologicalProcess - in taxon - OrganismTaxon - causes - Disease'],What gene is most mechanistically related to the indication of Drug rifapentine to Disease Pulmonary tuberculosis?
3071,DB00390_MESH_D001281_1,DB:DB00390,MESH:D004077,MESH:D001281,UniProt:P05023,digoxin,Atrial fibrillation,Sodium/potassium-transporting ATPase subunit alpha-1,ATP1A1,"['MESH:D004077', 'UniProt:P05023', 'GO:0006814', 'GO:1902656', 'GO:0060047', 'MESH:D001281']",6,5,1,['Drug - Protein - BiologicalProcess - Disease'],['Drug - negatively regulates - Protein - positively regulates - BiologicalProcess - correlated with - Disease'],What gene is most mechanistically related to the indication of Drug digoxin to Disease Atrial fibrillation?
3076,DB00043_MESH_D001249_1,DB:DB00043,MESH:D000069444,MESH:D001249,UniProt:P01854,omalizumab,Asthma,Immunoglobulin heavy constant epsilon,IGHE,"['MESH:D000069444', 'GO:0019767', 'UniProt:P01854', 'CL:0000097', 'CL:0000767', 'GO:0043303', 'GO:0002561', 'reactome:R-HSA-2454202', 'GO:0002540', 'GO:0002441', 'MESH:D001249']",11,12,1,['Drug - MolecularActivity - Protein - Cell - BiologicalProcess - Disease'],['Drug - decreases activity of - MolecularActivity - part of - Protein - expressed in - Cell - positively correlated with - BiologicalProcess - positively correlated with - Disease'],What gene is most mechanistically related to the indication of Drug omalizumab to Disease Asthma?
3077,DB00043_MESH_D000080223_1,DB:DB00043,MESH:D000069444,MESH:D000080223,UniProt:P01854,omalizumab,Chronic idiopathic urticaria,Immunoglobulin heavy constant epsilon,IGHE,"['MESH:D000069444', 'GO:0019767', 'UniProt:P01854', 'CL:0000097', 'CL:0000767', 'GO:0043303', 'GO:0002561', 'reactome:R-HSA-2454202', 'GO:0002540', 'GO:0002441', 'MESH:D000080223']",11,12,1,['Drug - MolecularActivity - Protein - Cell - BiologicalProcess - Disease'],['Drug - decreases activity of - MolecularActivity - part of - Protein - expressed in - Cell - positively correlated with - BiologicalProcess - positively correlated with - Disease'],What gene is most mechanistically related to the indication of Drug omalizumab to Disease Chronic idiopathic urticaria?
3078,DB00179_MESH_D055623_1,DB:DB00179,MESH:D009637,MESH:D055623,UniProt:P42345,masoprocol,Actinic keratosis,Serine/threonine-protein kinase mTOR,MTOR,"['MESH:D009637', 'UniProt:P42345', 'reactome:R-HSA-166208', 'HP:0031377', 'MESH:D055623']",5,4,1,['Drug - Protein - Pathway - PhenotypicFeature - Disease'],['Drug - decreases activity of - Protein - positively regulates - Pathway - positively correlated with - PhenotypicFeature - causes - Disease'],What gene is most mechanistically related to the indication of Drug masoprocol to Disease Actinic keratosis?
3079,DB00341_MESH_D065631_1,DB:DB00341,MESH:D017332,MESH:D065631,UniProt:P35367,cetirizine,Allergic rhinitis,Histamine H1 receptor,HRH1,"['MESH:D017332', 'UniProt:P35367', 'GO:0004969', 'GO:0071420', 'GO:0006954', 'HP:0031417', 'MESH:D065631']",7,6,1,['Drug - Protein - MolecularActivity - BiologicalProcess - PhenotypicFeature - Disease'],['Drug - decreases activity of - Protein - positively regulates - MolecularActivity - participates in - BiologicalProcess - has phenotype - PhenotypicFeature - manifestation of - Disease'],What gene is most mechanistically related to the indication of Drug cetirizine to Disease Allergic rhinitis?
3080,DB00341_MESH_D012912_1,DB:DB00341,MESH:D017332,MESH:D012912,UniProt:P35367,cetirizine,Sneezing,Histamine H1 receptor,HRH1,"['MESH:D017332', 'UniProt:P35367', 'GO:0051381', 'GO:0023041', 'UBERON:0000004', 'UBERON:0001645', 'MESH:D012912']",7,6,1,['Drug - Protein - MolecularActivity - BiologicalProcess - GrossAnatomicalStructure - Disease'],['Drug - decreases activity of - Protein - participates in - MolecularActivity - positively regulates - BiologicalProcess - located in - GrossAnatomicalStructure - contributes to - Disease'],What gene is most mechanistically related to the indication of Drug cetirizine to Disease Sneezing?
3081,DB00341_MESH_D012223_1,DB:DB00341,MESH:D017332,MESH:D012223,UniProt:P35367,cetirizine,"Rhinitis, Vasomotor",Histamine H1 receptor,HRH1,"['MESH:D017332', 'UniProt:P35367', 'GO:0004969', 'GO:0071420', 'GO:0006954', 'HP:0031417', 'MESH:D012223']",7,6,1,['Drug - Protein - MolecularActivity - BiologicalProcess - PhenotypicFeature - Disease'],['Drug - decreases activity of - Protein - positively regulates - MolecularActivity - participates in - BiologicalProcess - has phenotype - PhenotypicFeature - manifestation of - Disease'],"What gene is most mechanistically related to the indication of Drug cetirizine to Disease Rhinitis, Vasomotor?"
3083,DB00341_MESH_D003139_1,DB:DB00341,MESH:D017332,MESH:D003139,UniProt:P35367,cetirizine,Common Cold,Histamine H1 receptor,HRH1,"['MESH:D017332', 'UniProt:P35367', 'GO:0004969', 'GO:0071420', 'GO:0006954', 'taxonomy:10239', 'MESH:D003139']",7,6,1,['Drug - Protein - MolecularActivity - BiologicalProcess - OrganismTaxon - Disease'],['Drug - decreases activity of - Protein - positively regulates - MolecularActivity - participates in - BiologicalProcess - caused by - OrganismTaxon - causes - Disease'],What gene is most mechanistically related to the indication of Drug cetirizine to Disease Common Cold?
3084,DB00341_MESH_D006255_1,DB:DB00341,MESH:D017332,MESH:D006255,UniProt:P35367,cetirizine,"Rhinitis, Allergic, Seasonal",Histamine H1 receptor,HRH1,"['MESH:D017332', 'UniProt:P35367', 'GO:0004969', 'GO:0071420', 'GO:0006954', 'HP:0031417', 'MESH:D006255']",7,6,1,['Drug - Protein - MolecularActivity - BiologicalProcess - PhenotypicFeature - Disease'],['Drug - decreases activity of - Protein - positively regulates - MolecularActivity - participates in - BiologicalProcess - has phenotype - PhenotypicFeature - manifestation of - Disease'],"What gene is most mechanistically related to the indication of Drug cetirizine to Disease Rhinitis, Allergic, Seasonal?"
3085,DB00341_MESH_D003233_1,DB:DB00341,MESH:D017332,MESH:D003233,UniProt:P35367,cetirizine,Allergic conjunctivitis,Histamine H1 receptor,HRH1,"['MESH:D017332', 'UniProt:P35367', 'GO:0004969', 'GO:0071420', 'GO:0006954', 'MESH:D003233']",6,5,1,['Drug - Protein - MolecularActivity - BiologicalProcess - Disease'],['Drug - decreases activity of - Protein - positively regulates - MolecularActivity - participates in - BiologicalProcess - causes - Disease'],What gene is most mechanistically related to the indication of Drug cetirizine to Disease Allergic conjunctivitis?
3092,DB06193_MESH_D008228_1,DB:DB06193,MESH:C086548,MESH:D008228,UniProt:P11388,Pixantrone,Non-Hodgkin's lymphoma,DNA topoisomerase 2-alpha,TOP2A,"['MESH:C086548', 'UniProt:P11388', 'MESH:D018736', 'GO:0006974', 'GO:0030263', 'GO:0008219', 'CL:0001063', 'MESH:D008228']",8,7,1,['Drug - ChemicalSubstance - Protein - BiologicalProcess - Cell - Disease'],['Drug - increases abundance of - ChemicalSubstance - decreases activity of - Protein - positively regulates - BiologicalProcess - decreases abundance of - Cell - manifestation of - Disease'],What gene is most mechanistically related to the indication of Drug Pixantrone to Disease Non-Hodgkin's lymphoma?
3093,DB00890_MESH_D059268_1,DB:DB00890,MESH:D004028,MESH:D059268,UniProt:P03372,dienestrol,Atrophic Vaginitis,Estrogen receptor,ESR1,"['MESH:D004028', 'UniProt:P03372', 'MESH:D004967', 'reactome:R-HSA-9018519', 'HP:0030683', 'MESH:D059268']",6,5,1,['Drug - ChemicalSubstance - Protein - Pathway - PhenotypicFeature - Disease'],['Drug - chemically similar to - ChemicalSubstance - increases activity of - Protein - positively regulates - Pathway - negatively correlated with - PhenotypicFeature - manifestation of - Disease'],What gene is most mechanistically related to the indication of Drug dienestrol to Disease Atrophic Vaginitis?
3094,DB00890_MESH_D004414_1,DB:DB00890,MESH:D004028,MESH:D004414,UniProt:P03372,dienestrol,Dyspareunia,Estrogen receptor,ESR1,"['MESH:D004028', 'UniProt:P03372', 'MESH:D004967', 'reactome:R-HSA-9018519', 'HP:0030016', 'MESH:D004414']",6,5,1,['Drug - ChemicalSubstance - Protein - Pathway - PhenotypicFeature - Disease'],['Drug - chemically similar to - ChemicalSubstance - increases activity of - Protein - positively regulates - Pathway - negatively correlated with - PhenotypicFeature - manifestation of - Disease'],What gene is most mechanistically related to the indication of Drug dienestrol to Disease Dyspareunia?
3096,DB11945_MESH_D015266_2,DB:DB11945,MESH:C000609138,MESH:D015266,UniProt:Q9NZQ7,Avelumab,Merkel cell carcinoma,Programmed cell death 1 ligand 1,CD274,"['MESH:C000609138', 'UniProt:Q9NZQ7', 'GO:0042098', 'GO:0042110', 'GO:0002424', 'MESH:D015266']",6,6,1,['Drug - Protein - BiologicalProcess - Disease'],['Drug - decreases activity of - Protein - negatively regulates - BiologicalProcess - negatively correlated with - Disease'],What gene is most mechanistically related to the indication of Drug Avelumab to Disease Merkel cell carcinoma?
3097,DB00227_MESH_D015228_1,DB:DB00227,MESH:D008148,MESH:D015228,UniProt:P04035,lovastatin,Hypertriglyceridemia,3-hydroxy-3-methylglutaryl-coenzyme A reductase,HMGCR,"['MESH:D008148', 'DB:DBMET01698', 'UniProt:P04035', 'GO:0016126', 'MESH:D014280', 'MESH:D015228']",6,5,1,['Drug - ChemicalSubstance - Disease'],['Drug - has metabolite - ChemicalSubstance - positively correlated with - Disease'],What gene is most mechanistically related to the indication of Drug lovastatin to Disease Hypertriglyceridemia?
3098,DB00227_MESH_D006949_1,DB:DB00227,MESH:D008148,MESH:D006949,UniProt:P04035,lovastatin,Hyperlipidemia,3-hydroxy-3-methylglutaryl-coenzyme A reductase,HMGCR,"['MESH:D008148', 'DB:DBMET01698', 'UniProt:P04035', 'GO:0008610', 'CHEBI:18059', 'MESH:D006949']",6,5,1,['Drug - ChemicalSubstance - Disease'],['Drug - has metabolite - ChemicalSubstance - positively correlated with - Disease'],What gene is most mechanistically related to the indication of Drug lovastatin to Disease Hyperlipidemia?
3099,DB00227_MESH_D006937_1,DB:DB00227,MESH:D008148,MESH:D006937,UniProt:P04035,lovastatin,Hypercholesterolemia,3-hydroxy-3-methylglutaryl-coenzyme A reductase,HMGCR,"['MESH:D008148', 'DB:DBMET01698', 'UniProt:P04035', 'GO:0006695', 'CHEBI:16113', 'MESH:D006937']",6,5,1,['Drug - ChemicalSubstance - Disease'],['Drug - has metabolite - ChemicalSubstance - positively correlated with - Disease'],What gene is most mechanistically related to the indication of Drug lovastatin to Disease Hypercholesterolemia?
3100,DB00227_MESH_D052456_1,DB:DB00227,MESH:D008148,MESH:D052456,UniProt:P04035,lovastatin,Hypoalphalipoproteinemia,3-hydroxy-3-methylglutaryl-coenzyme A reductase,HMGCR,"['MESH:D008148', 'DB:DBMET01698', 'UniProt:P04035', 'GO:0008610', 'GO:0008654', 'MESH:D008075', 'MESH:D052456']",7,6,1,['Drug - ChemicalSubstance - Disease'],['Drug - has metabolite - ChemicalSubstance - positively correlated with - Disease'],What gene is most mechanistically related to the indication of Drug lovastatin to Disease Hypoalphalipoproteinemia?
3101,DB00227_MESH_D006950_1,DB:DB00227,MESH:D008148,MESH:D006950,UniProt:P04035,lovastatin,"Hyperlipidemia, Familial Combined",3-hydroxy-3-methylglutaryl-coenzyme A reductase,HMGCR,"['MESH:D008148', 'DB:DBMET01698', 'UniProt:P04035', 'GO:0008610', 'CHEBI:16113', 'MESH:D008077', 'CHEBI:17855', 'MESH:D006950']",8,9,1,['Drug - ChemicalSubstance - Disease'],['Drug - has metabolite - ChemicalSubstance - positively correlated with - Disease'],"What gene is most mechanistically related to the indication of Drug lovastatin to Disease Hyperlipidemia, Familial Combined?"
3102,DB00227_MESH_D001161_1,DB:DB00227,MESH:D008148,MESH:D001161,UniProt:P04035,lovastatin,Arteriosclerosis,3-hydroxy-3-methylglutaryl-coenzyme A reductase,HMGCR,"['MESH:D008148', 'DB:DBMET01698', 'UniProt:P04035', 'GO:0006695', 'CHEBI:16113', 'HP:0002621', 'MESH:D001161']",7,6,1,['Drug - ChemicalSubstance - PhenotypicFeature - Disease'],['Drug - has metabolite - ChemicalSubstance - positively correlated with - PhenotypicFeature - manifestation of - Disease'],What gene is most mechanistically related to the indication of Drug lovastatin to Disease Arteriosclerosis?
3111,DB05679_MESH_D011565_1,DB:DB05679,MESH:D000069549,MESH:D011565,UniProt:P29460,ustekinumab,Psoriasis,Interleukin-12 subunit beta,IL12B,"['MESH:D000069549', 'UniProt:P29460', 'GO:0035722', 'GO:0038155', 'GO:0006954', 'MESH:D011565']",6,6,1,['Drug - Protein - BiologicalProcess - Disease'],['Drug - decreases activity of - Protein - positively regulates - BiologicalProcess - positively correlated with - Disease'],What gene is most mechanistically related to the indication of Drug ustekinumab to Disease Psoriasis?
3112,DB05679_MESH_D015535_1,DB:DB05679,MESH:D000069549,MESH:D015535,UniProt:P29460,ustekinumab,Psoriasis with arthropathy,Interleukin-12 subunit beta,IL12B,"['MESH:D000069549', 'UniProt:P29460', 'GO:0035722', 'GO:0038155', 'GO:0006954', 'MESH:D015535']",6,6,1,['Drug - Protein - BiologicalProcess - Disease'],['Drug - decreases activity of - Protein - positively regulates - BiologicalProcess - positively correlated with - Disease'],What gene is most mechanistically related to the indication of Drug ustekinumab to Disease Psoriasis with arthropathy?
3113,DB09302_MESH_D050197_1,DB:DB09302,MESH:C571059,MESH:D050197,UniProt:Q8NBP7,alirocumab,Atherosclerosis,Proprotein convertase subtilisin/kexin type 9,PCSK9,"['MESH:C571059', 'UniProt:Q8NBP7', 'GO:0090118', 'HP:0003141', 'HP:0031678', 'MESH:D050197']",6,5,1,['Drug - Protein - BiologicalProcess - PhenotypicFeature - Disease'],['Drug - decreases activity of - Protein - negatively regulates - BiologicalProcess - negatively correlated with - PhenotypicFeature - manifestation of - Disease'],What gene is most mechanistically related to the indication of Drug alirocumab to Disease Atherosclerosis?
3114,DB09302_MESH_D006937_1,DB:DB09302,MESH:C571059,MESH:D006937,UniProt:Q8NBP7,alirocumab,Hypercholesterolemia,Proprotein convertase subtilisin/kexin type 9,PCSK9,"['MESH:C571059', 'UniProt:Q8NBP7', 'GO:0090118', 'HP:0003141', 'MESH:D006937']",5,4,1,['Drug - Protein - BiologicalProcess - PhenotypicFeature - Disease'],['Drug - decreases activity of - Protein - negatively regulates - BiologicalProcess - negatively correlated with - PhenotypicFeature - manifestation of - Disease'],What gene is most mechanistically related to the indication of Drug alirocumab to Disease Hypercholesterolemia?
3117,DB00558_MESH_D007251_1,DB:DB00558,MESH:D053243,MESH:D007251,UniProt:P03468,zanamivir,"Influenza, Human",Neuraminidase,N/A,"['MESH:D053243', 'UniProt:P03468', 'GO:0019076', 'taxonomy:11320', 'MESH:D007251']",5,4,1,['Drug - Protein - BiologicalProcess - OrganismTaxon - Disease'],['Drug - negatively regulates - Protein - positively regulates - BiologicalProcess - in taxon - OrganismTaxon - causes - Disease'],"What gene is most mechanistically related to the indication of Drug zanamivir to Disease Influenza, Human?"
3126,DB00177_MESH_D006973_1,DB:DB00177,MESH:D000068756,MESH:D006973,UniProt:P30556,valsartan,Hypertension,Type-1 angiotensin II receptor,AGTR1,"['MESH:D000068756', 'UniProt:P30556', 'GO:0042310', 'GO:0002018', 'GO:0003092', 'GO:0070294', 'HP:0032263', 'MESH:D006973']",8,9,1,['Drug - Protein - BiologicalProcess - PhenotypicFeature - Disease'],['Drug - negatively regulates - Protein - positively regulates - BiologicalProcess - positively correlated with - PhenotypicFeature - affects risk for - Disease'],What gene is most mechanistically related to the indication of Drug valsartan to Disease Hypertension?
3127,DB00511_MESH_D001281_1,DB:DB00511,MESH:D000112,MESH:D001281,UniProt:P05023,acetyldigitoxin,Atrial fibrillation,Sodium/potassium-transporting ATPase subunit alpha-1,ATP1A1,"['MESH:D000112', 'UniProt:P05023', 'GO:0006814', 'GO:0060048', 'MESH:D001281']",5,4,1,['Drug - Protein - BiologicalProcess - Disease'],['Drug - negatively regulates - Protein - positively regulates - BiologicalProcess - correlated with - Disease'],What gene is most mechanistically related to the indication of Drug acetyldigitoxin to Disease Atrial fibrillation?
3128,DB00511_MESH_D006333_1,DB:DB00511,MESH:D000112,MESH:D006333,UniProt:P05023,acetyldigitoxin,Congestive heart failure,Sodium/potassium-transporting ATPase subunit alpha-1,ATP1A1,"['MESH:D000112', 'UniProt:P05023', 'GO:0006814', 'GO:0060048', 'HP:0005110', 'MESH:D006333']",6,5,1,['Drug - Protein - BiologicalProcess - PhenotypicFeature - Disease'],['Drug - negatively regulates - Protein - positively regulates - BiologicalProcess - correlated with - PhenotypicFeature - positively correlated with - Disease'],What gene is most mechanistically related to the indication of Drug acetyldigitoxin to Disease Congestive heart failure?
3144,DB01175_MESH_D003865_1,DB:DB01175,DB:DB01175,MESH:D003865,UniProt:P31645,escitalopram,"Depressive Disorder, Major",Sodium-dependent serotonin transporter,SLC6A4,"['DB:DB01175', 'UniProt:P31645', 'GO:0051610', 'MESH:D003865']",4,3,1,['Drug - Protein - BiologicalProcess - Disease'],['Drug - negatively regulates - Protein - positively regulates - BiologicalProcess - positively correlated with - Disease'],"What gene is most mechanistically related to the indication of Drug escitalopram to Disease Depressive Disorder, Major?"
3149,DB09324_MESH_D013203_1,DB:DB09324,MESH:D013407,MESH:D013203,UniProt:P00807,sulbactam,Staphylococcal Infections,Beta-lactamase,N/A,"['MESH:D013407', 'UniProt:P00807', 'GO:0008800', 'taxonomy:1280', 'MESH:D013203']",5,4,1,['Drug - Protein - MolecularActivity - OrganismTaxon - Disease'],['Drug - negatively regulates - Protein - positively regulates - MolecularActivity - in taxon - OrganismTaxon - causes - Disease'],What gene is most mechanistically related to the indication of Drug sulbactam to Disease Staphylococcal Infections?
3151,DB01237_MESH_D003371_1,DB:DB01237,MESH:C011410,MESH:D003371,UniProt:P35367,bromazine,Cough,Histamine H1 receptor,HRH1,"['MESH:C011410', 'UniProt:P35367', 'GO:0071420', 'GO:0006954', 'MESH:D003371']",5,4,1,['Drug - Protein - BiologicalProcess - Disease'],['Drug - decreases activity of - Protein - positively correlated with - BiologicalProcess - positively correlated with - Disease'],What gene is most mechanistically related to the indication of Drug bromazine to Disease Cough?
3152,DB01237_MESH_D003139_1,DB:DB01237,MESH:C011410,MESH:D003139,UniProt:P35367,bromazine,Common Cold,Histamine H1 receptor,HRH1,"['MESH:C011410', 'UniProt:P35367', 'GO:0071420', 'GO:0006954', 'MESH:D003139']",5,4,1,['Drug - Protein - BiologicalProcess - Disease'],['Drug - decreases activity of - Protein - positively correlated with - BiologicalProcess - positively correlated with - Disease'],What gene is most mechanistically related to the indication of Drug bromazine to Disease Common Cold?
3160,DB00962_MESH_D007319_1,DB:DB00962,MESH:C085665,MESH:D007319,UniProt:P14867,zaleplon,Disorders of initiating and maintaining sleep,Gamma-aminobutyric acid receptor subunit alpha-1,GABRA1,"['MESH:C085665', 'UniProt:P14867', 'GO:0005237', 'HP:0002360', 'MESH:D007319']",5,4,1,['Drug - Protein - MolecularActivity - PhenotypicFeature - Disease'],['Drug - positively regulates - Protein - positively regulates - MolecularActivity - negatively correlated with - PhenotypicFeature - correlated with - Disease'],What gene is most mechanistically related to the indication of Drug zaleplon to Disease Disorders of initiating and maintaining sleep?
3177,DB00845_MESH_D017511_1,DB:DB00845,MESH:D002991,MESH:D017511,UniProt:P22001,clofazimine,Pyoderma gangrenosum,Potassium voltage-gated channel subfamily A member 3,KCNA3,"['MESH:D002991', 'UniProt:P22001', 'GO:0005244', 'reactome:R-HSA-2025928', 'GO:0006954', 'MESH:D017511']",6,5,1,['Drug - Protein - MolecularActivity - Pathway - BiologicalProcess - Disease'],['Drug - decreases activity of - Protein - positively regulates - MolecularActivity - positively regulates - Pathway - positively correlated with - BiologicalProcess - positively correlated with - Disease'],What gene is most mechanistically related to the indication of Drug clofazimine to Disease Pyoderma gangrenosum?
3178,DB00214_MESH_D006973_1,DB:DB00214,MESH:C026116,MESH:D006973,UniProt:Q13621,torsemide,Hypertension,Solute carrier family 12 member 1,SLC12A1,"['MESH:C026116', 'UniProt:Q13621', 'GO:0006814', 'GO:0003092', 'HP:0032263', 'MESH:D006973']",6,5,1,['Drug - Protein - BiologicalProcess - PhenotypicFeature - Disease'],['Drug - decreases activity of - Protein - positively regulates - BiologicalProcess - positively correlated with - PhenotypicFeature - manifestation of - Disease'],What gene is most mechanistically related to the indication of Drug torsemide to Disease Hypertension?
3179,DB00214_MESH_D004487_1,DB:DB00214,MESH:C026116,MESH:D004487,UniProt:Q13621,torsemide,Edema,Solute carrier family 12 member 1,SLC12A1,"['MESH:C026116', 'UniProt:Q13621', 'GO:0006814', 'GO:0003092', 'MESH:D004487']",5,4,1,['Drug - Protein - BiologicalProcess - Disease'],['Drug - decreases activity of - Protein - positively regulates - BiologicalProcess - positively correlated with - Disease'],What gene is most mechanistically related to the indication of Drug torsemide to Disease Edema?
3184,DB00178_MESH_D006973_1,DB:DB00178,MESH:D017257,MESH:D006973,UniProt:P12821,ramipril,Hypertension,Angiotensin-converting enzyme,ACE,"['MESH:D017257', 'CHEBI:77363', 'UniProt:P12821', 'GO:0002003', 'GO:0042310', 'HP:0032263', 'MESH:D006973']",7,6,1,['Drug - ChemicalSubstance - Protein - BiologicalProcess - PhenotypicFeature - Disease'],['Drug - has metabolite - ChemicalSubstance - decreases activity of - Protein - positively regulates - BiologicalProcess - positively correlated with - PhenotypicFeature - manifestation of - Disease'],What gene is most mechanistically related to the indication of Drug ramipril to Disease Hypertension?
3185,DB00178_MESH_D020521_1,DB:DB00178,MESH:D017257,MESH:D020521,UniProt:P12821,ramipril,Stroke,Angiotensin-converting enzyme,ACE,"['MESH:D017257', 'CHEBI:77363', 'UniProt:P12821', 'GO:0002003', 'GO:0042310', 'HP:0000822', 'MESH:D020521']",7,6,1,['Drug - ChemicalSubstance - Protein - BiologicalProcess - PhenotypicFeature - Disease'],['Drug - has metabolite - ChemicalSubstance - decreases activity of - Protein - positively regulates - BiologicalProcess - positively correlated with - PhenotypicFeature - positively correlated with - Disease'],What gene is most mechanistically related to the indication of Drug ramipril to Disease Stroke?
3192,DB00266_MESH_D020766_1,DB:DB00266,MESH:D001728,MESH:D020766,UniProt:Q9BQB6,dicoumarol,Cerebral embolism,Vitamin K epoxide reductase complex subunit 1,VKORC1,"['MESH:D001728', 'UniProt:Q9BQB6', 'GO:0042373', 'MESH:D014812', 'GO:0072378', 'UBERON:0010210', 'MESH:D020766']",7,6,1,['Drug - Protein - BiologicalProcess - GrossAnatomicalStructure - Disease'],['Drug - decreases activity of - Protein - participates in - BiologicalProcess - positively correlated with - GrossAnatomicalStructure - affects risk for - Disease'],What gene is most mechanistically related to the indication of Drug dicoumarol to Disease Cerebral embolism?
3193,DB00266_MESH_D013923_1,DB:DB00266,MESH:D001728,MESH:D013923,UniProt:Q9BQB6,dicoumarol,Thromboembolic disorder,Vitamin K epoxide reductase complex subunit 1,VKORC1,"['MESH:D001728', 'UniProt:Q9BQB6', 'GO:0042373', 'MESH:D014812', 'GO:0072378', 'UBERON:0010210', 'MESH:D013923']",7,6,1,['Drug - Protein - BiologicalProcess - GrossAnatomicalStructure - Disease'],['Drug - decreases activity of - Protein - participates in - BiologicalProcess - positively correlated with - GrossAnatomicalStructure - affects risk for - Disease'],What gene is most mechanistically related to the indication of Drug dicoumarol to Disease Thromboembolic disorder?
3194,DB00266_MESH_D009203_1,DB:DB00266,MESH:D001728,MESH:D009203,UniProt:Q9BQB6,dicoumarol,Myocardial infarction,Vitamin K epoxide reductase complex subunit 1,VKORC1,"['MESH:D001728', 'UniProt:Q9BQB6', 'GO:0042373', 'MESH:D014812', 'GO:0072378', 'UBERON:0010210', 'MESH:D009203']",7,6,1,['Drug - Protein - BiologicalProcess - GrossAnatomicalStructure - Disease'],['Drug - decreases activity of - Protein - participates in - BiologicalProcess - positively correlated with - GrossAnatomicalStructure - affects risk for - Disease'],What gene is most mechanistically related to the indication of Drug dicoumarol to Disease Myocardial infarction?
3195,DB00266_MESH_D013927_1,DB:DB00266,MESH:D001728,MESH:D013927,UniProt:Q9BQB6,dicoumarol,Thrombosis,Vitamin K epoxide reductase complex subunit 1,VKORC1,"['MESH:D001728', 'UniProt:Q9BQB6', 'GO:0042373', 'MESH:D014812', 'GO:0072378', 'UBERON:0010210', 'MESH:D013927']",7,6,1,['Drug - Protein - BiologicalProcess - GrossAnatomicalStructure - Disease'],['Drug - decreases activity of - Protein - participates in - BiologicalProcess - positively correlated with - GrossAnatomicalStructure - affects risk for - Disease'],What gene is most mechanistically related to the indication of Drug dicoumarol to Disease Thrombosis?
3198,DB01551_MESH_D012220_1,DB:DB01551,MESH:C014481,MESH:D012220,UniProt:P35372,dihydrocodeine,Rhinitis,Mu-type opioid receptor,OPRM1,"['MESH:C014481', 'CHEBI:4575', 'UniProt:P35372', 'reactome:R-HSA-418594', 'MESH:D013373', 'GO:0006954', 'MESH:D012220']",7,6,1,['Drug - ChemicalSubstance - BiologicalProcess - Disease'],['Drug - has metabolite - ChemicalSubstance - positively correlated with - BiologicalProcess - positively correlated with - Disease'],What gene is most mechanistically related to the indication of Drug dihydrocodeine to Disease Rhinitis?
3199,DB01551_MESH_D065631_1,DB:DB01551,MESH:C014481,MESH:D065631,UniProt:P35372,dihydrocodeine,Allergic rhinitis,Mu-type opioid receptor,OPRM1,"['MESH:C014481', 'CHEBI:4575', 'UniProt:P35372', 'reactome:R-HSA-418594', 'MESH:D013373', 'GO:0006954', 'MESH:D065631']",7,6,1,['Drug - ChemicalSubstance - BiologicalProcess - Disease'],['Drug - has metabolite - ChemicalSubstance - positively correlated with - BiologicalProcess - positively correlated with - Disease'],What gene is most mechanistically related to the indication of Drug dihydrocodeine to Disease Allergic rhinitis?
3200,DB01551_MESH_D010146_1,DB:DB01551,MESH:C014481,MESH:D010146,UniProt:P35372,dihydrocodeine,Pain,Mu-type opioid receptor,OPRM1,"['MESH:C014481', 'CHEBI:4575', 'UniProt:P35372', 'reactome:R-HSA-418594', 'MESH:D013373', 'GO:0019233', 'MESH:D010146']",7,6,1,['Drug - ChemicalSubstance - BiologicalProcess - Disease'],['Drug - has metabolite - ChemicalSubstance - positively correlated with - BiologicalProcess - positively correlated with - Disease'],What gene is most mechanistically related to the indication of Drug dihydrocodeine to Disease Pain?
3201,DB01551_MESH_D003371_1,DB:DB01551,MESH:C014481,MESH:D003371,UniProt:P35372,dihydrocodeine,Cough,Mu-type opioid receptor,OPRM1,"['MESH:C014481', 'CHEBI:4575', 'UniProt:P35372', 'GO:0060004', 'MESH:D003371']",5,4,1,['Drug - ChemicalSubstance - Protein - BiologicalProcess - Disease'],['Drug - has metabolite - ChemicalSubstance - increases activity of - Protein - negatively correlated with - BiologicalProcess - positively correlated with - Disease'],What gene is most mechanistically related to the indication of Drug dihydrocodeine to Disease Cough?
3202,DB01551_MESH_D003139_1,DB:DB01551,MESH:C014481,MESH:D003139,UniProt:P35372,dihydrocodeine,Common Cold,Mu-type opioid receptor,OPRM1,"['MESH:C014481', 'CHEBI:4575', 'UniProt:P35372', 'reactome:R-HSA-418594', 'MESH:D013373', 'GO:0006954', 'HP:0025095', 'HP:0002315', 'MESH:D003139']",9,9,1,['Drug - ChemicalSubstance - BiologicalProcess - PhenotypicFeature - Disease'],['Drug - has metabolite - ChemicalSubstance - positively correlated with - BiologicalProcess - positively correlated with - PhenotypicFeature - manifestation of - Disease'],What gene is most mechanistically related to the indication of Drug dihydrocodeine to Disease Common Cold?
3204,DB11950_MESH_D003924_1,DB:DB11950,MESH:C579035,MESH:D003924,UniProt:P27487,Teneligliptin,"Diabetes Mellitus, Type 2",Dipeptidyl peptidase 4,DPP4,"['MESH:C579035', 'UniProt:P27487', 'CHEBI:80270', 'GO:0030073', 'GO:0070091', 'HP:0003074', 'MESH:D003924']",7,7,1,['Drug - Protein - ChemicalSubstance - BiologicalProcess - PhenotypicFeature - Disease'],['Drug - negatively regulates - Protein - negatively regulates - ChemicalSubstance - negatively regulates - BiologicalProcess - positively correlated with - PhenotypicFeature - positively correlated with - Disease'],"What gene is most mechanistically related to the indication of Drug Teneligliptin to Disease Diabetes Mellitus, Type 2?"
3205,DB00366_MESH_D012912_1,DB:DB00366,MESH:D004319,MESH:D012912,UniProt:P35367,doxylamine,Sneezing,Histamine H1 receptor,HRH1,"['MESH:D004319', 'UniProt:P35367', 'GO:0004969', 'GO:0002441', 'MESH:D012912']",5,4,1,['Drug - Protein - MolecularActivity - BiologicalProcess - Disease'],['Drug - decreases activity of - Protein - positively regulates - MolecularActivity - participates in - BiologicalProcess - positively correlated with - Disease'],What gene is most mechanistically related to the indication of Drug doxylamine to Disease Sneezing?
3206,DB00366_MESH_D003233_1,DB:DB00366,MESH:D004319,MESH:D003233,UniProt:P35367,doxylamine,Allergic conjunctivitis,Histamine H1 receptor,HRH1,"['MESH:D004319', 'UniProt:P35367', 'GO:0004969', 'GO:0002441', 'MESH:D003233']",5,4,1,['Drug - Protein - MolecularActivity - BiologicalProcess - Disease'],['Drug - decreases activity of - Protein - positively regulates - MolecularActivity - participates in - BiologicalProcess - positively correlated with - Disease'],What gene is most mechanistically related to the indication of Drug doxylamine to Disease Allergic conjunctivitis?
3207,DB00366_MESH_D014581_1,DB:DB00366,MESH:D004319,MESH:D014581,UniProt:P35367,doxylamine,Urticaria,Histamine H1 receptor,HRH1,"['MESH:D004319', 'UniProt:P35367', 'GO:0004969', 'GO:0002441', 'MESH:D014581']",5,4,1,['Drug - Protein - MolecularActivity - BiologicalProcess - Disease'],['Drug - decreases activity of - Protein - positively regulates - MolecularActivity - participates in - BiologicalProcess - positively correlated with - Disease'],What gene is most mechanistically related to the indication of Drug doxylamine to Disease Urticaria?
3208,DB00366_MESH_D012223_1,DB:DB00366,MESH:D004319,MESH:D012223,UniProt:P35367,doxylamine,"Rhinitis, Vasomotor",Histamine H1 receptor,HRH1,"['MESH:D004319', 'UniProt:P35367', 'GO:0004969', 'GO:0042311', 'MESH:D012223']",5,4,1,['Drug - Protein - MolecularActivity - BiologicalProcess - Disease'],['Drug - decreases activity of - Protein - positively regulates - MolecularActivity - participates in - BiologicalProcess - positively correlated with - Disease'],"What gene is most mechanistically related to the indication of Drug doxylamine to Disease Rhinitis, Vasomotor?"
3209,DB00366_MESH_D003139_1,DB:DB00366,MESH:D004319,MESH:D003139,UniProt:P35367,doxylamine,Common Cold,Histamine H1 receptor,HRH1,"['MESH:D004319', 'UniProt:P35367', 'GO:0004969', 'GO:0002441', 'taxonomy:12059', 'MESH:D003139']",6,5,1,['Drug - Protein - MolecularActivity - BiologicalProcess - OrganismTaxon - Disease'],['Drug - decreases activity of - Protein - positively regulates - MolecularActivity - participates in - BiologicalProcess - caused by - OrganismTaxon - causes - Disease'],What gene is most mechanistically related to the indication of Drug doxylamine to Disease Common Cold?
3210,DB00366_MESH_D006255_1,DB:DB00366,MESH:D004319,MESH:D006255,UniProt:P35367,doxylamine,"Rhinitis, Allergic, Seasonal",Histamine H1 receptor,HRH1,"['MESH:D004319', 'UniProt:P35367', 'GO:0004969', 'GO:0002441', 'HP:0007879', 'HP:0009926', 'MESH:D006255']",7,7,1,['Drug - Protein - MolecularActivity - BiologicalProcess - PhenotypicFeature - Disease'],['Drug - decreases activity of - Protein - positively regulates - MolecularActivity - positively correlated with - BiologicalProcess - positively correlated with - PhenotypicFeature - manifestation of - Disease'],"What gene is most mechanistically related to the indication of Drug doxylamine to Disease Rhinitis, Allergic, Seasonal?"
3211,DB00366_MESH_D065631_2,DB:DB00366,MESH:D004319,MESH:D065631,UniProt:P35367,doxylamine,Allergic rhinitis,Histamine H1 receptor,HRH1,"['MESH:D004319', 'UniProt:P35367', 'GO:0004969', 'GO:0002441', 'MESH:D065631']",5,4,1,['Drug - Protein - MolecularActivity - BiologicalProcess - Disease'],['Drug - decreases activity of - Protein - positively regulates - MolecularActivity - participates in - BiologicalProcess - positively correlated with - Disease'],What gene is most mechanistically related to the indication of Drug doxylamine to Disease Allergic rhinitis?
3212,DB00366_MESH_D011537_1,DB:DB00366,MESH:D004319,MESH:D011537,UniProt:P35367,doxylamine,Pruritus,Histamine H1 receptor,HRH1,"['MESH:D004319', 'UniProt:P35367', 'GO:0004969', 'GO:0002441', 'MESH:D011537']",5,4,1,['Drug - Protein - MolecularActivity - BiologicalProcess - Disease'],['Drug - decreases activity of - Protein - positively regulates - MolecularActivity - participates in - BiologicalProcess - positively correlated with - Disease'],What gene is most mechanistically related to the indication of Drug doxylamine to Disease Pruritus?
3213,DB01072_MESH_D015658_1,DB:DB01072,MESH:D000069446,MESH:D015658,UniProt:Q72874,atazanavir,Human immunodeficiency virus infection,Protease,N/A,"['MESH:D000069446', 'UniProt:Q72874', 'GO:0006508', 'taxonomy:11676', 'MESH:D015658']",5,4,1,['Drug - Protein - BiologicalProcess - OrganismTaxon - Disease'],['Drug - negatively regulates - Protein - positively regulates - BiologicalProcess - in taxon - OrganismTaxon - causes - Disease'],What gene is most mechanistically related to the indication of Drug atazanavir to Disease Human immunodeficiency virus infection?
3214,DB01095_MESH_D006950_1,DB:DB01095,MESH:C065180,MESH:D006950,UniProt:P04035,fluvastatin,"Hyperlipidemia, Familial Combined",3-hydroxy-3-methylglutaryl-coenzyme A reductase,HMGCR,"['MESH:C065180', 'UniProt:P04035', 'GO:0008610', 'CHEBI:16113', 'MESH:D008077', 'CHEBI:17855', 'MESH:D006950']",7,8,1,['Drug - Protein - BiologicalProcess - ChemicalSubstance - Disease'],['Drug - decreases activity of - Protein - positively regulates - BiologicalProcess - increases abundance of - ChemicalSubstance - positively correlated with - Disease'],"What gene is most mechanistically related to the indication of Drug fluvastatin to Disease Hyperlipidemia, Familial Combined?"
3215,DB01095_MESH_D006937_1,DB:DB01095,MESH:C065180,MESH:D006937,UniProt:P04035,fluvastatin,Hypercholesterolemia,3-hydroxy-3-methylglutaryl-coenzyme A reductase,HMGCR,"['MESH:C065180', 'UniProt:P04035', 'GO:0006695', 'CHEBI:16113', 'MESH:D006937']",5,4,1,['Drug - Protein - BiologicalProcess - ChemicalSubstance - Disease'],['Drug - decreases activity of - Protein - positively regulates - BiologicalProcess - increases abundance of - ChemicalSubstance - positively correlated with - Disease'],What gene is most mechanistically related to the indication of Drug fluvastatin to Disease Hypercholesterolemia?
3216,DB01095_MESH_D001161_1,DB:DB01095,MESH:C065180,MESH:D001161,UniProt:P04035,fluvastatin,Arteriosclerosis,3-hydroxy-3-methylglutaryl-coenzyme A reductase,HMGCR,"['MESH:C065180', 'UniProt:P04035', 'GO:0006695', 'CHEBI:16113', 'HP:0002621', 'MESH:D001161']",6,5,1,['Drug - Protein - BiologicalProcess - ChemicalSubstance - PhenotypicFeature - Disease'],['Drug - decreases activity of - Protein - positively regulates - BiologicalProcess - increases abundance of - ChemicalSubstance - positively correlated with - PhenotypicFeature - manifestation of - Disease'],What gene is most mechanistically related to the indication of Drug fluvastatin to Disease Arteriosclerosis?
3219,DB09035_MESH_D002289_1,DB:DB09035,MESH:C581771,MESH:D002289,UniProt:Q15116,nivolumab,Non-small cell lung cancer,Programmed cell death protein 1,PDCD1,"['MESH:C581771', 'UniProt:Q15116', 'GO:0002418', 'MESH:D002289']",4,3,1,['Drug - Protein - BiologicalProcess - Disease'],['Drug - decreases activity of - Protein - negatively regulates - BiologicalProcess - negatively correlated with - Disease'],What gene is most mechanistically related to the indication of Drug nivolumab to Disease Non-small cell lung cancer?
3229,DB01330_MESH_D011023_1,DB:DB01330,MESH:D015313,MESH:D011023,UniProt:Q8DR59,cefotetan,"Pneumonia, Staphylococcal",Penicillin-binding protein 1A,N/A,"['MESH:D015313', 'UniProt:Q8DR59', 'GO:0009252', 'taxonomy:1313', 'MESH:D011023']",5,4,1,['Drug - Protein - BiologicalProcess - OrganismTaxon - Disease'],['Drug - decreases activity of - Protein - positively regulates - BiologicalProcess - in taxon - OrganismTaxon - causes - Disease'],"What gene is most mechanistically related to the indication of Drug cefotetan to Disease Pneumonia, Staphylococcal?"
3230,DB01330_MESH_D004716_1,DB:DB01330,MESH:D015313,MESH:D004716,UniProt:Q8DR59,cefotetan,Endometritis,Penicillin-binding protein 1A,N/A,"['MESH:D015313', 'UniProt:Q8DR59', 'GO:0009252', 'taxonomy:813', 'MESH:D004716']",5,4,1,['Drug - Protein - BiologicalProcess - OrganismTaxon - Disease'],['Drug - decreases activity of - Protein - positively regulates - BiologicalProcess - in taxon - OrganismTaxon - causes - Disease'],What gene is most mechanistically related to the indication of Drug cefotetan to Disease Endometritis?
3231,DB01330_MESH_D004927_1,DB:DB01330,MESH:D015313,MESH:D004927,UniProt:Q8DR59,cefotetan,Escherichia coli Infections,Penicillin-binding protein 1A,N/A,"['MESH:D015313', 'UniProt:Q8DR59', 'GO:0009252', 'taxonomy:562', 'MESH:D004927']",5,4,1,['Drug - Protein - BiologicalProcess - OrganismTaxon - Disease'],['Drug - decreases activity of - Protein - positively regulates - BiologicalProcess - in taxon - OrganismTaxon - causes - Disease'],What gene is most mechanistically related to the indication of Drug cefotetan to Disease Escherichia coli Infections?
3232,DB01330_MESH_D013203_1,DB:DB01330,MESH:D015313,MESH:D013203,UniProt:Q8DR59,cefotetan,Staphylococcal Infections,Penicillin-binding protein 1A,N/A,"['MESH:D015313', 'UniProt:Q8DR59', 'GO:0009252', 'taxonomy:1280', 'MESH:D013203']",5,4,1,['Drug - Protein - BiologicalProcess - OrganismTaxon - Disease'],['Drug - decreases activity of - Protein - positively regulates - BiologicalProcess - in taxon - OrganismTaxon - causes - Disease'],What gene is most mechanistically related to the indication of Drug cefotetan to Disease Staphylococcal Infections?
3233,DB01330_MESH_D013290_1,DB:DB01330,MESH:D015313,MESH:D013290,UniProt:Q8DR59,cefotetan,Streptococcal Infections,Penicillin-binding protein 1A,N/A,"['MESH:D015313', 'UniProt:Q8DR59', 'GO:0009252', 'taxonomy:1314', 'MESH:D013290']",5,4,1,['Drug - Protein - BiologicalProcess - OrganismTaxon - Disease'],['Drug - decreases activity of - Protein - positively regulates - BiologicalProcess - in taxon - OrganismTaxon - causes - Disease'],What gene is most mechanistically related to the indication of Drug cefotetan to Disease Streptococcal Infections?
3234,DB01330_MESH_D018410_1,DB:DB01330,MESH:D015313,MESH:D018410,UniProt:Q8DR59,cefotetan,"Pneumonia, Bacterial",Penicillin-binding protein 1A,N/A,"['MESH:D015313', 'UniProt:Q8DR59', 'GO:0009252', 'taxonomy:562', 'MESH:D018410']",5,4,1,['Drug - Protein - BiologicalProcess - OrganismTaxon - Disease'],['Drug - decreases activity of - Protein - positively regulates - BiologicalProcess - in taxon - OrganismTaxon - causes - Disease'],"What gene is most mechanistically related to the indication of Drug cefotetan to Disease Pneumonia, Bacterial?"
3235,DB01330_MESH_D059413_1,DB:DB01330,MESH:D015313,MESH:D059413,UniProt:Q8DR59,cefotetan,Intraabdominal Infections,Penicillin-binding protein 1A,N/A,"['MESH:D015313', 'UniProt:Q8DR59', 'GO:0009252', 'taxonomy:562', 'MESH:D059413']",5,4,1,['Drug - Protein - BiologicalProcess - OrganismTaxon - Disease'],['Drug - decreases activity of - Protein - positively regulates - BiologicalProcess - in taxon - OrganismTaxon - causes - Disease'],What gene is most mechanistically related to the indication of Drug cefotetan to Disease Intraabdominal Infections?
3236,DB01330_MESH_D011018_1,DB:DB01330,MESH:D015313,MESH:D011018,UniProt:Q8DR59,cefotetan,Pneumonia due to Streptococcus,Penicillin-binding protein 1A,N/A,"['MESH:D015313', 'UniProt:Q8DR59', 'GO:0009252', 'taxonomy:1313', 'MESH:D011018']",5,4,1,['Drug - Protein - BiologicalProcess - OrganismTaxon - Disease'],['Drug - decreases activity of - Protein - positively regulates - BiologicalProcess - in taxon - OrganismTaxon - causes - Disease'],What gene is most mechanistically related to the indication of Drug cefotetan to Disease Pneumonia due to Streptococcus?
3241,DB12026_MESH_D019698_1,DB:DB12026,MESH:C000619503,MESH:D019698,UniProt:B0B3C9,voxilaprevir,Chronic hepatitis C,Genome polyprotein,N/A,"['MESH:C000619503', 'UniProt:B0B3C9', 'GO:0046718', 'taxonomy:11103', 'MESH:D019698']",5,4,1,['Drug - Protein - BiologicalProcess - OrganismTaxon - Disease'],['Drug - decreases activity of - Protein - positively regulates - BiologicalProcess - in taxon - OrganismTaxon - causes - Disease'],What gene is most mechanistically related to the indication of Drug voxilaprevir to Disease Chronic hepatitis C?
3243,DB00912_MESH_D003924_1,DB:DB00912,MESH:C072379,MESH:D003924,UniProt:Q09428,repaglinide,"Diabetes Mellitus, Type 2",ATP-binding cassette sub-family C member 8,ABCC8,"['MESH:C072379', 'UniProt:Q09428', 'reactome:R-HSA-422356', 'GO:0006006', 'MESH:D003924']",5,4,1,['Drug - Protein - Pathway - BiologicalProcess - Disease'],['Drug - decreases activity of - Protein - participates in - Pathway - regulates - BiologicalProcess - correlated with - Disease'],"What gene is most mechanistically related to the indication of Drug repaglinide to Disease Diabetes Mellitus, Type 2?"
3258,DB01151_MESH_D003866_1,DB:DB01151,MESH:D003891,MESH:D003866,UniProt:P23975,desipramine,Depressive disorder,Sodium-dependent noradrenaline transporter,SLC6A2,"['MESH:D003891', 'UniProt:P23975', 'GO:0051620', 'MESH:D003866']",4,3,1,['Drug - Protein - BiologicalProcess - Disease'],['Drug - negatively regulates - Protein - positively regulates - BiologicalProcess - positively correlated with - Disease'],What gene is most mechanistically related to the indication of Drug desipramine to Disease Depressive disorder?
3259,DB04842_MESH_D012559_1,DB:DB04842,MESH:D005484,MESH:D012559,UniProt:P14416,fluspirilene,Schizophrenia,D(2) dopamine receptor,DRD2,"['MESH:D005484', 'UniProt:P14416', 'GO:0014046', 'CHEBI:18243', 'UBERON:0009834', 'UBERON:0001910', 'HP:0100543', 'HP:0030213', 'HP:0012154', 'HP:0002465', 'HP:0000741', 'HP:0000709', 'MESH:D012559']",13,17,1,['Drug - Protein - BiologicalProcess - ChemicalSubstance - GrossAnatomicalStructure - PhenotypicFeature - Disease'],['Drug - decreases activity of - Protein - positively regulates - BiologicalProcess - increases abundance of - ChemicalSubstance - located in - GrossAnatomicalStructure - correlated with - PhenotypicFeature - positively correlated with - Disease'],What gene is most mechanistically related to the indication of Drug fluspirilene to Disease Schizophrenia?
3264,DB12092_MESH_D011470_1,DB:DB12092,MESH:C064357,MESH:D011470,UniProt:P25100,naftopidil,Benign prostatic hyperplasia,Alpha-1D adrenergic receptor,ADRA1D,"['MESH:C064357', 'UniProt:P25100', 'GO:0006939', 'HP:0011037', 'MESH:D011470']",5,4,1,['Drug - Protein - BiologicalProcess - PhenotypicFeature - Disease'],['Drug - decreases activity of - Protein - positively regulates - BiologicalProcess - positively correlated with - PhenotypicFeature - manifestation of - Disease'],What gene is most mechanistically related to the indication of Drug naftopidil to Disease Benign prostatic hyperplasia?
3268,DB00820_MESH_D007172_1,DB:DB00820,MESH:D000068581,MESH:D007172,UniProt:O76074,tadalafil,Impotence,"cGMP-specific 3',5'-cyclic phosphodiesterase",PDE5A,"['MESH:D000068581', 'UniProt:O76074', 'GO:0046069', 'CHEBI:16356', 'GO:0007263', 'GO:0044557', 'MESH:D010410', 'MESH:D007172']",8,7,1,['Drug - Protein - BiologicalProcess - PhenotypicFeature - Disease'],['Drug - negatively regulates - Protein - positively regulates - BiologicalProcess - positively correlated with - PhenotypicFeature - negatively correlated with - Disease'],What gene is most mechanistically related to the indication of Drug tadalafil to Disease Impotence?
3269,DB00820_MESH_D011470_1,DB:DB00820,MESH:D000068581,MESH:D011470,UniProt:O76074,tadalafil,Benign prostatic hyperplasia,"cGMP-specific 3',5'-cyclic phosphodiesterase",PDE5A,"['MESH:D000068581', 'UniProt:O76074', 'GO:0046069', 'CHEBI:16356', 'GO:0007263', 'GO:0044557', 'HP:0011037', 'MESH:D011470']",8,7,1,['Drug - Protein - BiologicalProcess - PhenotypicFeature - Disease'],['Drug - decreases activity of - Protein - positively regulates - BiologicalProcess - negatively correlated with - PhenotypicFeature - manifestation of - Disease'],What gene is most mechanistically related to the indication of Drug tadalafil to Disease Benign prostatic hyperplasia?
3270,DB00820_MESH_D006976_1,DB:DB00820,MESH:D000068581,MESH:D006976,UniProt:O76074,tadalafil,Pulmonary hypertension,"cGMP-specific 3',5'-cyclic phosphodiesterase",PDE5A,"['MESH:D000068581', 'UniProt:O76074', 'GO:0046069', 'CHEBI:16356', 'GO:0007263', 'GO:0060087', 'MESH:D006976']",7,6,1,['Drug - Protein - BiologicalProcess - Disease'],['Drug - decreases activity of - Protein - positively regulates - BiologicalProcess - negatively correlated with - Disease'],What gene is most mechanistically related to the indication of Drug tadalafil to Disease Pulmonary hypertension?
3277,DB00502_MESH_D005879_1,DB:DB00502,MESH:D006220,MESH:D005879,UniProt:P14416,haloperidol,Gilles de la Tourette's syndrome,D(2) dopamine receptor,DRD2,"['MESH:D006220', 'UniProt:P14416', 'GO:0061527', 'HP:0100033', 'MESH:D005879']",5,4,1,['Drug - Protein - BiologicalProcess - PhenotypicFeature - Disease'],['Drug - negatively regulates - Protein - positively correlated with - BiologicalProcess - positively correlated with - PhenotypicFeature - manifestation of - Disease'],What gene is most mechanistically related to the indication of Drug haloperidol to Disease Gilles de la Tourette's syndrome?
3278,DB00502_MESH_D011618_1,DB:DB00502,MESH:D006220,MESH:D011618,UniProt:P14416,haloperidol,Psychotic Disorders,D(2) dopamine receptor,DRD2,"['MESH:D006220', 'UniProt:P14416', 'GO:0061527', 'HP:0000708', 'MESH:D011618']",5,4,1,['Drug - Protein - BiologicalProcess - PhenotypicFeature - Disease'],['Drug - negatively regulates - Protein - positively correlated with - BiologicalProcess - positively correlated with - PhenotypicFeature - manifestation of - Disease'],What gene is most mechanistically related to the indication of Drug haloperidol to Disease Psychotic Disorders?
3279,DB00502_MESH_D012559_1,DB:DB00502,MESH:D006220,MESH:D012559,UniProt:P14416,haloperidol,Schizophrenia,D(2) dopamine receptor,DRD2,"['MESH:D006220', 'UniProt:P14416', 'GO:0061527', 'HP:0000709', 'MESH:D012559']",5,4,1,['Drug - Protein - BiologicalProcess - PhenotypicFeature - Disease'],['Drug - negatively regulates - Protein - positively correlated with - BiologicalProcess - affects risk for - PhenotypicFeature - manifestation of - Disease'],What gene is most mechanistically related to the indication of Drug haloperidol to Disease Schizophrenia?
3282,DB01251_MESH_D003924_1,DB:DB01251,MESH:C010969,MESH:D003924,UniProt:Q15842,gliquidone,"Diabetes Mellitus, Type 2",ATP-sensitive inward rectifier potassium channel 8,KCNJ8,"['MESH:C010969', 'UniProt:Q15842', 'GO:0086009', 'GO:0070509', 'GO:0030073', 'MESH:D003924']",6,5,1,['Drug - Protein - BiologicalProcess - Disease'],['Drug - negatively regulates - Protein - participates in - BiologicalProcess - negatively correlated with - Disease'],"What gene is most mechanistically related to the indication of Drug gliquidone to Disease Diabetes Mellitus, Type 2?"
3284,DB04575_MESH_D019584_1,DB:DB04575,MESH:D011800,MESH:D019584,UniProt:P03372,quinestrol,Menopausal flushing,Estrogen receptor,ESR1,"['MESH:D011800', 'UniProt:P03372', 'GO:0006874', 'MESH:D014666', 'GO:0001659', 'HP:0005968', 'MESH:D019584']",7,6,1,['Drug - Protein - BiologicalProcess - PhenotypicFeature - Disease'],['Drug - increases activity of - Protein - positively regulates - BiologicalProcess - negatively correlated with - PhenotypicFeature - positively correlated with - Disease'],What gene is most mechanistically related to the indication of Drug quinestrol to Disease Menopausal flushing?
3285,DB04575_MESH_D059268_1,DB:DB04575,MESH:D011800,MESH:D059268,UniProt:P03372,quinestrol,Atrophic Vaginitis,Estrogen receptor,ESR1,"['MESH:D011800', 'UniProt:P03372', 'reactome:R-HSA-9018519', 'HP:0030683', 'HP:0031088', 'MESH:D059268']",6,6,1,['Drug - Protein - Pathway - PhenotypicFeature - Disease'],['Drug - positively regulates - Protein - participates in - Pathway - negatively correlated with - PhenotypicFeature - manifestation of - Disease'],What gene is most mechanistically related to the indication of Drug quinestrol to Disease Atrophic Vaginitis?
3286,DB00091_MESH_D015352_1,DB:DB00091,MESH:D016572,MESH:D015352,UniProt:P62937,ciclosporin,Tear film insufficiency,Peptidyl-prolyl cis-trans isomerase A,PPIA,"['MESH:D016572', 'UniProt:P62937', 'GO:0005955', 'GO:0070884', 'GO:0032623', 'GO:0006954', 'GO:0042098', 'GO:0042110', 'MESH:D015352']",9,9,1,['Drug - Protein - CellularComponent - BiologicalProcess - Disease'],['Drug - decreases activity of - Protein - participates in - CellularComponent - positively regulates - BiologicalProcess - positively correlated with - Disease'],What gene is most mechanistically related to the indication of Drug ciclosporin to Disease Tear film insufficiency?
3287,DB00091_MESH_D007638_1,DB:DB00091,MESH:D016572,MESH:D007638,UniProt:P62937,ciclosporin,Keratoconjunctivitis sicca,Peptidyl-prolyl cis-trans isomerase A,PPIA,"['MESH:D016572', 'UniProt:P62937', 'GO:0005955', 'GO:0070884', 'GO:0032623', 'GO:0006954', 'GO:0042098', 'GO:0042110', 'MESH:D007638']",9,9,1,['Drug - Protein - CellularComponent - BiologicalProcess - Disease'],['Drug - decreases activity of - Protein - participates in - CellularComponent - positively regulates - BiologicalProcess - positively correlated with - Disease'],What gene is most mechanistically related to the indication of Drug ciclosporin to Disease Keratoconjunctivitis sicca?
3288,DB00091_MESH_D001172_1,DB:DB00091,MESH:D016572,MESH:D001172,UniProt:P62937,ciclosporin,Rheumatoid arthritis,Peptidyl-prolyl cis-trans isomerase A,PPIA,"['MESH:D016572', 'UniProt:P62937', 'GO:0005955', 'GO:0070884', 'GO:0032623', 'GO:0006954', 'GO:0042098', 'GO:0042110', 'MESH:D001172']",9,9,1,['Drug - Protein - CellularComponent - BiologicalProcess - Disease'],['Drug - decreases activity of - Protein - participates in - CellularComponent - positively regulates - BiologicalProcess - positively correlated with - Disease'],What gene is most mechanistically related to the indication of Drug ciclosporin to Disease Rheumatoid arthritis?
3295,DB00946_MESH_D013927_1,DB:DB00946,MESH:D010644,MESH:D013927,UniProt:Q9BQB6,phenprocoumon,Thrombosis,Vitamin K epoxide reductase complex subunit 1,VKORC1,"['MESH:D010644', 'UniProt:Q9BQB6', 'GO:0042373', 'MESH:D014812', 'GO:0072378', 'UBERON:0010210', 'MESH:D013927']",7,6,1,['Drug - Protein - BiologicalProcess - GrossAnatomicalStructure - Disease'],['Drug - decreases activity of - Protein - participates in - BiologicalProcess - positively correlated with - GrossAnatomicalStructure - affects risk for - Disease'],What gene is most mechanistically related to the indication of Drug phenprocoumon to Disease Thrombosis?
3296,DB00946_MESH_D009203_1,DB:DB00946,MESH:D010644,MESH:D009203,UniProt:Q9BQB6,phenprocoumon,Myocardial infarction,Vitamin K epoxide reductase complex subunit 1,VKORC1,"['MESH:D010644', 'UniProt:Q9BQB6', 'GO:0042373', 'MESH:D014812', 'GO:0072378', 'UBERON:0010210', 'MESH:D009203']",7,6,1,['Drug - Protein - BiologicalProcess - GrossAnatomicalStructure - Disease'],['Drug - decreases activity of - Protein - participates in - BiologicalProcess - positively correlated with - GrossAnatomicalStructure - affects risk for - Disease'],What gene is most mechanistically related to the indication of Drug phenprocoumon to Disease Myocardial infarction?
3297,DB00946_MESH_D013923_1,DB:DB00946,MESH:D010644,MESH:D013923,UniProt:Q9BQB6,phenprocoumon,Thromboembolic disorder,Vitamin K epoxide reductase complex subunit 1,VKORC1,"['MESH:D010644', 'UniProt:Q9BQB6', 'GO:0042373', 'MESH:D014812', 'GO:0072378', 'UBERON:0010210', 'MESH:D013923']",7,6,1,['Drug - Protein - BiologicalProcess - GrossAnatomicalStructure - Disease'],['Drug - decreases activity of - Protein - participates in - BiologicalProcess - positively correlated with - GrossAnatomicalStructure - affects risk for - Disease'],What gene is most mechanistically related to the indication of Drug phenprocoumon to Disease Thromboembolic disorder?
3305,DB08931_MESH_D000081029_1,DB:DB08931,MESH:C542595,MESH:D000081029,UniProt:P33402,riociguat,Pulmonary arterial hypertension,Guanylate cyclase soluble subunit alpha-2,GUCY1A2,"['MESH:C542595', 'UniProt:P33402', 'CHEBI:16356', 'GO:0038060', 'GO:0042311', 'GO:0060087', 'MESH:D000081029']",7,6,1,['Drug - Protein - ChemicalSubstance - BiologicalProcess - Disease'],['Drug - increases activity of - Protein - increases abundance of - ChemicalSubstance - participates in - BiologicalProcess - prevents - Disease'],What gene is most mechanistically related to the indication of Drug riociguat to Disease Pulmonary arterial hypertension?
3309,DB00719_MESH_D012912_1,DB:DB00719,MESH:C006656,MESH:D012912,UniProt:P35367,azatadine,Sneezing,Histamine H1 receptor,HRH1,"['MESH:C006656', 'UniProt:P35367', 'MESH:D006632', 'CL:0000540', 'UBERON:0000004', 'UBERON:0001645', 'MESH:D012912']",7,6,1,['Drug - Protein - ChemicalSubstance - Cell - GrossAnatomicalStructure - Disease'],['Drug - negatively regulates - Protein - positively correlated with - ChemicalSubstance - positively regulates - Cell - located in - GrossAnatomicalStructure - contributes to - Disease'],What gene is most mechanistically related to the indication of Drug azatadine to Disease Sneezing?
3310,DB00719_MESH_D006255_1,DB:DB00719,MESH:C006656,MESH:D006255,UniProt:P35367,azatadine,"Rhinitis, Allergic, Seasonal",Histamine H1 receptor,HRH1,"['MESH:C006656', 'UniProt:P35367', 'GO:0004969', 'GO:0071420', 'GO:0006954', 'MESH:D006255']",6,5,1,['Drug - Protein - MolecularActivity - BiologicalProcess - Disease'],['Drug - decreases activity of - Protein - positively regulates - MolecularActivity - participates in - BiologicalProcess - causes - Disease'],"What gene is most mechanistically related to the indication of Drug azatadine to Disease Rhinitis, Allergic, Seasonal?"
3311,DB00719_MESH_D011537_1,DB:DB00719,MESH:C006656,MESH:D011537,UniProt:P35367,azatadine,Pruritus,Histamine H1 receptor,HRH1,"['MESH:C006656', 'UniProt:P35367', 'GO:0004969', 'GO:0002441', 'MESH:D011537']",5,4,1,['Drug - Protein - MolecularActivity - BiologicalProcess - Disease'],['Drug - decreases activity of - Protein - positively regulates - MolecularActivity - participates in - BiologicalProcess - positively correlated with - Disease'],What gene is most mechanistically related to the indication of Drug azatadine to Disease Pruritus?
3312,DB00719_MESH_D003139_1,DB:DB00719,MESH:C006656,MESH:D003139,UniProt:P35367,azatadine,Common Cold,Histamine H1 receptor,HRH1,"['MESH:C006656', 'UniProt:P35367', 'GO:0071420', 'GO:0006954', 'taxonomy:10239', 'MESH:D003139']",6,5,1,['Drug - Protein - BiologicalProcess - OrganismTaxon - Disease'],['Drug - decreases activity of - Protein - participates in - BiologicalProcess - caused by - OrganismTaxon - causes - Disease'],What gene is most mechanistically related to the indication of Drug azatadine to Disease Common Cold?
3313,DB00719_MESH_D014581_1,DB:DB00719,MESH:C006656,MESH:D014581,UniProt:P35367,azatadine,Urticaria,Histamine H1 receptor,HRH1,"['MESH:C006656', 'UniProt:P35367', 'GO:0004969', 'GO:0071420', 'GO:0006954', 'MESH:D014581']",6,5,1,['Drug - Protein - MolecularActivity - BiologicalProcess - Disease'],['Drug - decreases activity of - Protein - positively regulates - MolecularActivity - participates in - BiologicalProcess - causes - Disease'],What gene is most mechanistically related to the indication of Drug azatadine to Disease Urticaria?
3314,DB00719_MESH_D012223_1,DB:DB00719,MESH:C006656,MESH:D012223,UniProt:P35367,azatadine,"Rhinitis, Vasomotor",Histamine H1 receptor,HRH1,"['MESH:C006656', 'UniProt:P35367', 'GO:0004969', 'GO:0071420', 'GO:0006954', 'MESH:D012223']",6,5,1,['Drug - Protein - MolecularActivity - BiologicalProcess - Disease'],['Drug - decreases activity of - Protein - positively regulates - MolecularActivity - participates in - BiologicalProcess - causes - Disease'],"What gene is most mechanistically related to the indication of Drug azatadine to Disease Rhinitis, Vasomotor?"
3315,DB00719_MESH_D065631_1,DB:DB00719,MESH:C006656,MESH:D065631,UniProt:P35367,azatadine,Allergic rhinitis,Histamine H1 receptor,HRH1,"['MESH:C006656', 'UniProt:P35367', 'GO:0004969', 'GO:0071420', 'GO:0006954', 'MESH:D065631']",6,5,1,['Drug - Protein - MolecularActivity - BiologicalProcess - Disease'],['Drug - decreases activity of - Protein - positively regulates - MolecularActivity - participates in - BiologicalProcess - causes - Disease'],What gene is most mechanistically related to the indication of Drug azatadine to Disease Allergic rhinitis?
3316,DB00719_MESH_D003233_1,DB:DB00719,MESH:C006656,MESH:D003233,UniProt:P35367,azatadine,Allergic conjunctivitis,Histamine H1 receptor,HRH1,"['MESH:C006656', 'UniProt:P35367', 'GO:0004969', 'GO:0071420', 'GO:0006954', 'MESH:D003233']",6,5,1,['Drug - Protein - MolecularActivity - BiologicalProcess - Disease'],['Drug - decreases activity of - Protein - positively regulates - MolecularActivity - participates in - BiologicalProcess - causes - Disease'],What gene is most mechanistically related to the indication of Drug azatadine to Disease Allergic conjunctivitis?
3321,DB11591_MESH_D065631_1,DB:DB11591,MESH:C445659,MESH:D065631,UniProt:P35367,bilastine,Allergic rhinitis,Histamine H1 receptor,HRH1,"['MESH:C445659', 'UniProt:P35367', 'GO:0004969', 'GO:0071420', 'GO:0006954', 'MESH:D065631']",6,5,1,['Drug - Protein - MolecularActivity - BiologicalProcess - Disease'],['Drug - decreases activity of - Protein - positively regulates - MolecularActivity - participates in - BiologicalProcess - causes - Disease'],What gene is most mechanistically related to the indication of Drug bilastine to Disease Allergic rhinitis?
3322,DB11591_MESH_D014581_1,DB:DB11591,MESH:C445659,MESH:D014581,UniProt:P35367,bilastine,Urticaria,Histamine H1 receptor,HRH1,"['MESH:C445659', 'UniProt:P35367', 'GO:0004969', 'GO:0071420', 'GO:0006954', 'MESH:D014581']",6,5,1,['Drug - Protein - MolecularActivity - BiologicalProcess - Disease'],['Drug - decreases activity of - Protein - positively regulates - MolecularActivity - participates in - BiologicalProcess - causes - Disease'],What gene is most mechanistically related to the indication of Drug bilastine to Disease Urticaria?
3323,DB11738_MESH_D006973_1,DB:DB11738,MESH:C032302,MESH:D006973,UniProt:Q9Y2I1,rilmenidine,Hypertension,Nischarin,NISCH,"['MESH:C032302', 'UniProt:Q9Y2I1', 'UBERON:0000013', 'GO:0045777', 'MESH:D006973']",5,4,1,['Drug - Protein - GrossAnatomicalStructure - BiologicalProcess - Disease'],['Drug - increases activity of - Protein - decreases activity of - GrossAnatomicalStructure - positively correlated with - BiologicalProcess - positively correlated with - Disease'],What gene is most mechanistically related to the indication of Drug rilmenidine to Disease Hypertension?
3324,DB13164_MESH_D002289_1,DB:DB13164,MESH:C000617753,MESH:D002289,UniProt:P00533,olmutinib,Non-small cell lung cancer,Epidermal growth factor receptor,EGFR,"['MESH:C000617753', 'UniProt:P00533', 'reactome:R-HSA-5673001', 'reactome:R-HSA-109704', 'GO:0008283', 'MESH:D002289']",6,6,1,['Drug - Protein - Pathway - BiologicalProcess - Disease'],['Drug - decreases activity of - Protein - positively regulates - Pathway - positively regulates - BiologicalProcess - causes - Disease'],What gene is most mechanistically related to the indication of Drug olmutinib to Disease Non-small cell lung cancer?
3325,DB12466_MESH_D007251_1,DB:DB12466,MESH:C462182,MESH:D007251,UniProt:Q809M3,favipiravir,"Influenza, Human",RNA-directed RNA polymerase catalytic subunit,N/A,"['MESH:C462182', 'CHEBI:170009', 'UniProt:Q809M3', 'GO:0039694', 'taxonomy:11309', 'MESH:D007251']",6,5,1,['Drug - ChemicalSubstance - Protein - BiologicalProcess - OrganismTaxon - Disease'],['Drug - has metabolite - ChemicalSubstance - negatively regulates - Protein - positively regulates - BiologicalProcess - in taxon - OrganismTaxon - causes - Disease'],"What gene is most mechanistically related to the indication of Drug favipiravir to Disease Influenza, Human?"
3327,DB00499_MESH_D011471_1,DB:DB00499,MESH:D005485,MESH:D011471,UniProt:P10275,flutamide,Malignant tumor of prostate,Androgen receptor,AR,"['MESH:D005485', 'UniProt:P10275', 'GO:0030521', 'GO:0006351', 'GO:0008283', 'CL:0001063', 'MESH:D011471']",7,6,1,['Drug - Protein - BiologicalProcess - Cell - Disease'],['Drug - decreases activity of - Protein - participates in - BiologicalProcess - positively correlated with - Cell - positively correlated with - Disease'],What gene is most mechanistically related to the indication of Drug flutamide to Disease Malignant tumor of prostate?
3328,DB00623_MESH_D012559_2,DB:DB00623,MESH:C017610,MESH:D012559,UniProt:P14416,fluphenazine enanthate,Schizophrenia,D(2) dopamine receptor,DRD2,"['MESH:C017610', 'UniProt:P14416', 'GO:0061527', 'UBERON:0001017', 'InterPro:IPR022423', 'HP:0000708', 'MESH:D012559']",7,6,1,['Drug - Protein - BiologicalProcess - GrossAnatomicalStructure - GeneFamily - PhenotypicFeature - Disease'],['Drug - decreases activity of - Protein - positively correlated with - BiologicalProcess - located in - GrossAnatomicalStructure - correlated with - GeneFamily - correlated with - PhenotypicFeature - positively correlated with - Disease'],What gene is most mechanistically related to the indication of Drug fluphenazine enanthate to Disease Schizophrenia?
3329,DB00623_MESH_D011618_1,DB:DB00623,MESH:C011825,MESH:D011618,UniProt:P14416,fluphenazine decanoate,Psychotic Disorders,D(2) dopamine receptor,DRD2,"['MESH:C011825', 'UniProt:P14416', 'GO:0061527', 'UBERON:0001017', 'InterPro:IPR022423', 'HP:0000708', 'MESH:D011618']",7,6,1,['Drug - Protein - BiologicalProcess - GrossAnatomicalStructure - GeneFamily - PhenotypicFeature - Disease'],['Drug - decreases activity of - Protein - positively correlated with - BiologicalProcess - located in - GrossAnatomicalStructure - correlated with - GeneFamily - correlated with - PhenotypicFeature - manifestation of - Disease'],What gene is most mechanistically related to the indication of Drug fluphenazine decanoate to Disease Psychotic Disorders?
3331,DB00695_MESH_D006973_1,DB:DB00695,MESH:D005665,MESH:D006973,UniProt:Q13621,furosemide,Hypertension,Solute carrier family 12 member 1,SLC12A1,"['MESH:D005665', 'UniProt:Q13621', 'GO:0070294', 'GO:0003092', 'HP:0011104', 'GO:0045777', 'MESH:D006973']",7,6,1,['Drug - Protein - BiologicalProcess - Disease'],['Drug - decreases activity of - Protein - participates in - BiologicalProcess - affects risk for - Disease'],What gene is most mechanistically related to the indication of Drug furosemide to Disease Hypertension?
3341,DB01764_MESH_D013290_1,DB:DB01764,MESH:C113826,MESH:D013290,UniProt:Q9A1X4,dalfopristin,Streptococcal Infections,50S ribosomal protein L3 (Streptococcus pyogenes),N/A,"['MESH:C113826', 'UniProt:Q9A1X4', 'GO:0005840', 'GO:0006412', 'GO:0051301', 'taxonomy:1314', 'MESH:D013290']",7,6,1,['Drug - Protein - CellularComponent - BiologicalProcess - OrganismTaxon - Disease'],['Drug - negatively regulates - Protein - located in - CellularComponent - positively regulates - BiologicalProcess - occurs in - OrganismTaxon - causes - Disease'],What gene is most mechanistically related to the indication of Drug dalfopristin to Disease Streptococcal Infections?
3344,DB06412_MESH_D000741_1,DB:DB06412,MESH:D010110,MESH:D000741,UniProt:P10275,oxymetholone,Aplastic anemia,Androgen receptor,AR,"['MESH:D010110', 'UniProt:P10275', 'GO:0030521', 'GO:0042541', 'GO:0030218', 'MESH:D000741']",6,6,1,['Drug - Protein - BiologicalProcess - Disease'],['Drug - increases activity of - Protein - positively regulates - BiologicalProcess - negatively correlated with - Disease'],What gene is most mechanistically related to the indication of Drug oxymetholone to Disease Aplastic anemia?
3345,DB06412_MESH_D029503_1,DB:DB06412,MESH:D010110,MESH:D029503,UniProt:P10275,oxymetholone,Congenital hypoplastic anemia,Androgen receptor,AR,"['MESH:D010110', 'UniProt:P10275', 'GO:0030521', 'GO:0042541', 'GO:0030218', 'MESH:D029503']",6,6,1,['Drug - Protein - BiologicalProcess - Disease'],['Drug - increases activity of - Protein - positively regulates - BiologicalProcess - negatively correlated with - Disease'],What gene is most mechanistically related to the indication of Drug oxymetholone to Disease Congenital hypoplastic anemia?
3355,DB01190_MESH_D011018_1,DB:DB01190,MESH:D002981,MESH:D011018,UniProt:P66096,clindamycin,Pneumonia due to Streptococcus,50S ribosomal protein L1 Streptococcus pneumoniae,N/A,"['MESH:D002981', 'UniProt:P66096', 'MESH:D012338', 'GO:0005840', 'GO:0000048', 'GO:0006412', 'GO:0051301', 'taxonomy:1313', 'MESH:D011018']",9,8,1,['Drug - ChemicalSubstance - Protein - CellularComponent - MolecularActivity - BiologicalProcess - OrganismTaxon - Disease'],['Drug - decreases activity of - ChemicalSubstance - part of - Protein - part of - CellularComponent - participates in - MolecularActivity - positively correlated with - BiologicalProcess - occurs in - OrganismTaxon - causes - Disease'],What gene is most mechanistically related to the indication of Drug clindamycin to Disease Pneumonia due to Streptococcus?
3357,DB01190_MESH_D013290_1,DB:DB01190,MESH:C007084,MESH:D013290,UniProt:P0C0D5,clindamycin phosphate,Streptococcal Infections,50S ribosomal protein L4 (Streptococcus pyogenes),N/A,"['MESH:C007084', 'MESH:D012338', 'UniProt:P0C0D5', 'GO:0005840', 'GO:0000048', 'GO:0006412', 'GO:0051301', 'taxonomy:1314', 'MESH:D013290']",9,8,1,['Drug - ChemicalSubstance - Protein - CellularComponent - MolecularActivity - BiologicalProcess - OrganismTaxon - Disease'],['Drug - decreases activity of - ChemicalSubstance - part of - Protein - part of - CellularComponent - participates in - MolecularActivity - positively correlated with - BiologicalProcess - occurs in - OrganismTaxon - causes - Disease'],What gene is most mechanistically related to the indication of Drug clindamycin phosphate to Disease Streptococcal Infections?
3358,DB01190_MESH_D011023_1,DB:DB01190,MESH:C007084,MESH:D011023,UniProt:Q2G0P0,clindamycin phosphate,"Pneumonia, Staphylococcal",50S ribosomal protein L1 Staphylococcus aureus (strain NCTC 8325),N/A,"['MESH:C007084', 'MESH:D012338', 'UniProt:Q2G0P0', 'GO:0005840', 'GO:0000048', 'GO:0006412', 'GO:0051301', 'taxonomy:1280', 'MESH:D011023']",9,8,1,['Drug - ChemicalSubstance - Protein - CellularComponent - MolecularActivity - BiologicalProcess - OrganismTaxon - Disease'],['Drug - decreases activity of - ChemicalSubstance - part of - Protein - part of - CellularComponent - participates in - MolecularActivity - positively correlated with - BiologicalProcess - occurs in - OrganismTaxon - causes - Disease'],"What gene is most mechanistically related to the indication of Drug clindamycin phosphate to Disease Pneumonia, Staphylococcal?"
3359,DB01190_MESH_D013203_1,DB:DB01190,MESH:C007084,MESH:D013203,UniProt:Q2G0P0,clindamycin phosphate,Staphylococcal Infections,50S ribosomal protein L1 Staphylococcus aureus (strain NCTC 8325),N/A,"['MESH:C007084', 'MESH:D012338', 'UniProt:Q2G0P0', 'GO:0005840', 'GO:0000048', 'GO:0006412', 'GO:0051301', 'taxonomy:1280', 'MESH:D013203']",9,8,1,['Drug - ChemicalSubstance - Protein - CellularComponent - MolecularActivity - BiologicalProcess - OrganismTaxon - Disease'],['Drug - decreases activity of - ChemicalSubstance - part of - Protein - part of - CellularComponent - participates in - MolecularActivity - positively correlated with - BiologicalProcess - occurs in - OrganismTaxon - causes - Disease'],What gene is most mechanistically related to the indication of Drug clindamycin phosphate to Disease Staphylococcal Infections?
3367,DB00715_MESH_D013313_1,DB:DB00715,MESH:D017374,MESH:D013313,UniProt:P31645,Paroxetine,Posttraumatic stress disorder,Sodium-dependent serotonin transporter,SLC6A4,"['MESH:D017374', 'UniProt:P31645', 'GO:0051610', 'MESH:D012701', 'GO:0060096', 'MESH:D013313']",6,5,1,['Drug - Protein - BiologicalProcess - Disease'],['Drug - decreases activity of - Protein - positively regulates - BiologicalProcess - negatively correlated with - Disease'],What gene is most mechanistically related to the indication of Drug Paroxetine to Disease Posttraumatic stress disorder?
3368,DB00715_MESH_D065446_1,DB:DB00715,MESH:D017374,MESH:D065446,UniProt:P31645,Paroxetine,Premenstrual dysphoric disorder,Sodium-dependent serotonin transporter,SLC6A4,"['MESH:D017374', 'UniProt:P31645', 'GO:0051610', 'MESH:D012701', 'GO:0060096', 'MESH:D065446']",6,5,1,['Drug - Protein - BiologicalProcess - Disease'],['Drug - decreases activity of - Protein - positively regulates - BiologicalProcess - negatively correlated with - Disease'],What gene is most mechanistically related to the indication of Drug Paroxetine to Disease Premenstrual dysphoric disorder?
3369,DB00715_MESH_D019584_1,DB:DB00715,MESH:D017374,MESH:D019584,UniProt:P31645,Paroxetine,Menopausal flushing,Sodium-dependent serotonin transporter,SLC6A4,"['MESH:D017374', 'UniProt:P31645', 'GO:0051610', 'MESH:D012701', 'GO:0060096', 'MESH:D019584']",6,5,1,['Drug - Protein - BiologicalProcess - Disease'],['Drug - decreases activity of - Protein - positively regulates - BiologicalProcess - treats - Disease'],What gene is most mechanistically related to the indication of Drug Paroxetine to Disease Menopausal flushing?
3370,DB00715_MESH_D016584_1,DB:DB00715,MESH:D017374,MESH:D016584,UniProt:P31645,Paroxetine,Panic Disorder,Sodium-dependent serotonin transporter,SLC6A4,"['MESH:D017374', 'UniProt:P31645', 'GO:0051610', 'MESH:D012701', 'GO:0060096', 'MESH:D016584']",6,5,1,['Drug - Protein - BiologicalProcess - Disease'],['Drug - decreases activity of - Protein - positively regulates - BiologicalProcess - treats - Disease'],What gene is most mechanistically related to the indication of Drug Paroxetine to Disease Panic Disorder?
3371,DB00715_MESH_D009771_1,DB:DB00715,MESH:D017374,MESH:D009771,UniProt:P31645,Paroxetine,Obsessive-compulsive disorder,Sodium-dependent serotonin transporter,SLC6A4,"['MESH:D017374', 'UniProt:P31645', 'GO:0051610', 'MESH:D012701', 'GO:0060096', 'MESH:D009771']",6,5,1,['Drug - Protein - BiologicalProcess - Disease'],['Drug - decreases activity of - Protein - positively regulates - BiologicalProcess - treats - Disease'],What gene is most mechanistically related to the indication of Drug Paroxetine to Disease Obsessive-compulsive disorder?
3372,DB00715_MESH_D003865_1,DB:DB00715,MESH:D017374,MESH:D003865,UniProt:P31645,Paroxetine,"Depressive Disorder, Major",Sodium-dependent serotonin transporter,SLC6A4,"['MESH:D017374', 'UniProt:P31645', 'GO:0051610', 'MESH:D012701', 'GO:0060096', 'MESH:D003865']",6,5,1,['Drug - Protein - BiologicalProcess - Disease'],['Drug - decreases activity of - Protein - positively regulates - BiologicalProcess - treats - Disease'],"What gene is most mechanistically related to the indication of Drug Paroxetine to Disease Depressive Disorder, Major?"
3373,DB00715_MESH_D000072861_1,DB:DB00715,MESH:D017374,MESH:D000072861,UniProt:P31645,Paroxetine,Social phobia,Sodium-dependent serotonin transporter,SLC6A4,"['MESH:D017374', 'UniProt:P31645', 'GO:0051610', 'MESH:D012701', 'GO:0060096', 'MESH:D000072861']",6,5,1,['Drug - Protein - BiologicalProcess - Disease'],['Drug - decreases activity of - Protein - positively regulates - BiologicalProcess - treats - Disease'],What gene is most mechanistically related to the indication of Drug Paroxetine to Disease Social phobia?
3374,DB00715_MESH_D003866_1,DB:DB00715,MESH:D017374,MESH:D003866,UniProt:P31645,Paroxetine,Depressive disorder,Sodium-dependent serotonin transporter,SLC6A4,"['MESH:D017374', 'UniProt:P31645', 'GO:0051610', 'MESH:D012701', 'GO:0060096', 'MESH:D003866']",6,5,1,['Drug - Protein - BiologicalProcess - Disease'],['Drug - decreases activity of - Protein - positively regulates - BiologicalProcess - treats - Disease'],What gene is most mechanistically related to the indication of Drug Paroxetine to Disease Depressive disorder?
3389,DB08879_MESH_D008180_1,DB:DB08879,MESH:C511911,MESH:D008180,UniProt:Q9Y275,belimumab,Systemic lupus erythematosus,Tumor necrosis factor ligand superfamily member 13B,TNFSF13B,"['MESH:C511911', 'UniProt:Q9Y275', 'GO:0042100', 'GO:0030183', 'GO:0031296', 'MESH:D008180']",6,7,1,['Drug - Protein - BiologicalProcess - Disease'],['Drug - decreases activity of - Protein - positively regulates - BiologicalProcess - occurs in - Disease'],What gene is most mechanistically related to the indication of Drug belimumab to Disease Systemic lupus erythematosus?
3392,DB00567_MESH_D013290_1,DB:DB00567,MESH:D002506,MESH:D013290,UniProt:Q8DR59,cefalexin,Streptococcal Infections,Penicillin-binding protein 1A,N/A,"['MESH:D002506', 'UniProt:Q8DR59', 'GO:0009252', 'taxonomy:1314', 'MESH:D013290']",5,4,1,['Drug - Protein - BiologicalProcess - OrganismTaxon - Disease'],['Drug - decreases activity of - Protein - positively regulates - BiologicalProcess - in taxon - OrganismTaxon - causes - Disease'],What gene is most mechanistically related to the indication of Drug cefalexin to Disease Streptococcal Infections?
3393,DB00567_MESH_D011472_1,DB:DB00567,MESH:D002506,MESH:D011472,UniProt:Q8DR59,cefalexin,Prostatitis,Penicillin-binding protein 1A,N/A,"['MESH:D002506', 'UniProt:Q8DR59', 'GO:0009252', 'taxonomy:562', 'MESH:D011472']",5,4,1,['Drug - Protein - BiologicalProcess - OrganismTaxon - Disease'],['Drug - decreases activity of - Protein - positively regulates - BiologicalProcess - in taxon - OrganismTaxon - causes - Disease'],What gene is most mechanistically related to the indication of Drug cefalexin to Disease Prostatitis?
3395,DB00608_MESH_D008179_1,DB:DB00608,MESH:D002738,MESH:D008179,UniProt:Q9NR96,chloroquine,Discoid lupus erythematosus,Toll-like receptor 9,TLR9,"['MESH:D002738', 'UniProt:Q9NR96', 'GO:0006954', 'HP:0000988', 'MESH:D008179']",5,4,1,['Drug - Protein - BiologicalProcess - PhenotypicFeature - Disease'],['Drug - negatively correlated with - Protein - positively correlated with - BiologicalProcess - positively correlated with - PhenotypicFeature - manifestation of - Disease'],What gene is most mechanistically related to the indication of Drug chloroquine to Disease Discoid lupus erythematosus?
3396,DB00608_MESH_D008180_1,DB:DB00608,MESH:D002738,MESH:D008180,UniProt:Q9NR96,chloroquine,Systemic lupus erythematosus,Toll-like receptor 9,TLR9,"['MESH:D002738', 'UniProt:Q9NR96', 'GO:0006954', 'HP:0001386', 'HP:0002829', 'HP:0025300', 'MESH:D008180']",7,8,1,['Drug - Protein - BiologicalProcess - PhenotypicFeature - Disease'],['Drug - negatively correlated with - Protein - positively correlated with - BiologicalProcess - positively correlated with - PhenotypicFeature - manifestation of - Disease'],What gene is most mechanistically related to the indication of Drug chloroquine to Disease Systemic lupus erythematosus?
3398,DB00608_MESH_D001172_1,DB:DB00608,MESH:D002738,MESH:D001172,UniProt:Q9NR96,chloroquine,Rheumatoid arthritis,Toll-like receptor 9,TLR9,"['MESH:D002738', 'UniProt:Q9NR96', 'GO:0006954', 'HP:0001386', 'HP:0002829', 'MESH:D001172']",6,6,1,['Drug - Protein - BiologicalProcess - PhenotypicFeature - Disease'],['Drug - negatively correlated with - Protein - positively correlated with - BiologicalProcess - positively correlated with - PhenotypicFeature - manifestation of - Disease'],What gene is most mechanistically related to the indication of Drug chloroquine to Disease Rheumatoid arthritis?
3404,DB05578_MESH_D002289_1,DB:DB05578,MESH:C543333,MESH:D002289,UniProt:P35968,ramucirumab,Non-small cell lung cancer,Vascular endothelial growth factor receptor 2,KDR,"['MESH:C543333', 'UniProt:P35968', 'GO:0001525', 'MESH:D002289']",4,3,1,['Drug - Protein - BiologicalProcess - Disease'],['Drug - decreases activity of - Protein - positively regulates - BiologicalProcess - positively correlated with - Disease'],What gene is most mechanistically related to the indication of Drug ramucirumab to Disease Non-small cell lung cancer?
3405,DB06203_MESH_D003924_1,DB:DB06203,MESH:C520853,MESH:D003924,UniProt:P27487,alogliptin,"Diabetes Mellitus, Type 2",Dipeptidyl peptidase 4,DPP4,"['MESH:C520853', 'UniProt:P27487', 'reactome:R-HSA-381771', 'reactome:R-HSA-400511', 'GO:0030073', 'GO:0070091', 'MESH:D003924']",7,9,1,['Drug - Protein - Pathway - BiologicalProcess - Disease'],['Drug - negatively regulates - Protein - participates in - Pathway - positively correlated with - BiologicalProcess - positively correlated with - Disease'],"What gene is most mechanistically related to the indication of Drug alogliptin to Disease Diabetes Mellitus, Type 2?"
3409,DB09220_MESH_D000787_1,DB:DB09220,MESH:D020108,MESH:D000787,UniProt:O60706,nicorandil,Angina Pectoris,ATP-binding cassette sub-family C member 9,ABCC9,"['MESH:D020108', 'UniProt:O60706', 'GO:0061337', 'GO:0042311', 'MESH:D000787']",5,5,1,['Drug - Protein - BiologicalProcess - Disease'],['Drug - positively regulates - Protein - positively regulates - BiologicalProcess - negatively correlated with - Disease'],What gene is most mechanistically related to the indication of Drug nicorandil to Disease Angina Pectoris?
3411,DB12846_MESH_D001249_1,DB:DB12846,MESH:C014792,MESH:D001249,UniProt:P07550,reproterol,Asthma,Beta-2 adrenergic receptor,ADRB2,"['MESH:C014792', 'UniProt:P07550', 'GO:0044557', 'MESH:D001249']",4,3,1,['Drug - Protein - BiologicalProcess - Disease'],['Drug - increases activity of - Protein - positively regulates - BiologicalProcess - negatively correlated with - Disease'],What gene is most mechanistically related to the indication of Drug reproterol to Disease Asthma?
3412,DB00437_MESH_D006073_1,DB:DB00437,MESH:D000493,MESH:D006073,UniProt:P47989,allopurinol,Gout,Xanthine dehydrogenase/oxidase,XDH,"['MESH:D000493', 'UniProt:P47989', 'reactome:R-HSA-74259', 'CHEBI:27226', 'MESH:D006073']",5,4,1,['Drug - Protein - Pathway - ChemicalSubstance - Disease'],['Drug - negatively regulates - Protein - participates in - Pathway - increases abundance of - ChemicalSubstance - positively correlated with - Disease'],What gene is most mechanistically related to the indication of Drug allopurinol to Disease Gout?
3413,DB00437_MESH_D015210_1,DB:DB00437,MESH:D000493,MESH:D015210,UniProt:P47989,allopurinol,Articular gout,Xanthine dehydrogenase/oxidase,XDH,"['MESH:D000493', 'UniProt:P47989', 'reactome:R-HSA-74259', 'CHEBI:27226', 'HP:0001854', 'MESH:D015210']",6,5,1,['Drug - Protein - Pathway - ChemicalSubstance - PhenotypicFeature - Disease'],['Drug - negatively regulates - Protein - participates in - Pathway - increases abundance of - ChemicalSubstance - positively correlated with - PhenotypicFeature - manifestation of - Disease'],What gene is most mechanistically related to the indication of Drug allopurinol to Disease Articular gout?
3414,DB00437_MESH_D033461_1,DB:DB00437,MESH:D000493,MESH:D033461,UniProt:P47989,allopurinol,Hyperuricemia,Xanthine dehydrogenase/oxidase,XDH,"['MESH:D000493', 'UniProt:P47989', 'reactome:R-HSA-74259', 'CHEBI:27226', 'MESH:D033461']",5,4,1,['Drug - Protein - Pathway - ChemicalSubstance - Disease'],['Drug - negatively regulates - Protein - participates in - Pathway - increases abundance of - ChemicalSubstance - positively correlated with - Disease'],What gene is most mechanistically related to the indication of Drug allopurinol to Disease Hyperuricemia?
3420,DB01235_MESH_D010300_1,DB:DB01235,MESH:D007980,MESH:D010300,UniProt:P35462,levodopa,Parkinson's disease,D(3) dopamine receptor,DRD3,"['MESH:D007980', 'MESH:D004295', 'UniProt:P35462', 'GO:0001963', 'MESH:D010300']",5,4,1,['Drug - ChemicalSubstance - Protein - BiologicalProcess - Disease'],['Drug - has metabolite - ChemicalSubstance - positively regulates - Protein - positively regulates - BiologicalProcess - negatively correlated with - Disease'],What gene is most mechanistically related to the indication of Drug levodopa to Disease Parkinson's disease?
3421,DB01235_MESH_D020734_2,DB:DB01235,MESH:D007980,MESH:D020734,UniProt:P35462,levodopa,Parkinsonism,D(3) dopamine receptor,DRD3,"['MESH:D007980', 'MESH:D004295', 'UniProt:P35462', 'GO:0001963', 'MESH:D020734']",5,4,1,['Drug - ChemicalSubstance - Protein - BiologicalProcess - Disease'],['Drug - has metabolite - ChemicalSubstance - positively regulates - Protein - positively regulates - BiologicalProcess - negatively correlated with - Disease'],What gene is most mechanistically related to the indication of Drug levodopa to Disease Parkinsonism?
3422,DB01235_MESH_D010301_1,DB:DB01235,MESH:D007980,MESH:D010301,UniProt:P35462,levodopa,Postencephalitic parkinsonism,D(3) dopamine receptor,DRD3,"['MESH:D007980', 'MESH:D004295', 'UniProt:P35462', 'GO:0001963', 'MESH:D010301']",5,4,1,['Drug - ChemicalSubstance - Protein - BiologicalProcess - Disease'],['Drug - has metabolite - ChemicalSubstance - positively regulates - Protein - positively regulates - BiologicalProcess - negatively correlated with - Disease'],What gene is most mechanistically related to the indication of Drug levodopa to Disease Postencephalitic parkinsonism?
3428,DB11742_MESH_D065631_1,DB:DB11742,MESH:C058249,MESH:D065631,UniProt:P35367,ebastine,Allergic rhinitis,Histamine H1 receptor,HRH1,"['MESH:C058249', 'UniProt:P35367', 'GO:0004969', 'GO:0002441', 'MESH:D065631']",5,4,1,['Drug - Protein - MolecularActivity - BiologicalProcess - Disease'],['Drug - decreases activity of - Protein - positively regulates - MolecularActivity - participates in - BiologicalProcess - positively correlated with - Disease'],What gene is most mechanistically related to the indication of Drug ebastine to Disease Allergic rhinitis?
3429,DB11742_MESH_D000080223_1,DB:DB11742,MESH:C058249,MESH:D000080223,UniProt:P35367,ebastine,Chronic idiopathic urticaria,Histamine H1 receptor,HRH1,"['MESH:C058249', 'UniProt:P35367', 'GO:0004969', 'GO:0002441', 'MESH:D000080223']",5,4,1,['Drug - Protein - MolecularActivity - BiologicalProcess - Disease'],['Drug - decreases activity of - Protein - positively regulates - MolecularActivity - participates in - BiologicalProcess - positively correlated with - Disease'],What gene is most mechanistically related to the indication of Drug ebastine to Disease Chronic idiopathic urticaria?
3432,DB00988_MESH_D002303_1,DB:DB00988,MESH:D004298,MESH:D002303,UniProt:P08588,Dopamine,Low cardiac output syndrome,Beta-1 adrenergic receptor,ADRB1,"['MESH:D004298', 'UniProt:P08588', 'GO:0060048', 'MESH:D002303']",4,3,1,['Drug - Protein - BiologicalProcess - Disease'],['Drug - increases activity of - Protein - positively regulates - BiologicalProcess - negatively correlated with - Disease'],What gene is most mechanistically related to the indication of Drug Dopamine to Disease Low cardiac output syndrome?
3449,DB02925_MESH_D006973_1,DB:DB02925,MESH:C015451,MESH:D006973,UniProt:Q13621,Piretanide,Hypertension,Solute carrier family 12 member 1,SLC12A1,"['MESH:C015451', 'UniProt:Q13621', 'GO:0070294', 'GO:0003092', 'HP:0011104', 'GO:0045777', 'MESH:D006973']",7,6,1,['Drug - Protein - BiologicalProcess - Disease'],['Drug - decreases activity of - Protein - participates in - BiologicalProcess - affects risk for - Disease'],What gene is most mechanistically related to the indication of Drug Piretanide to Disease Hypertension?
3450,DB02925_MESH_D004487_1,DB:DB02925,MESH:C015451,MESH:D004487,UniProt:Q13621,Piretanide,Edema,Solute carrier family 12 member 1,SLC12A1,"['MESH:C015451', 'UniProt:Q13621', 'GO:0070294', 'GO:0003092', 'HP:0011104', 'MESH:D004487']",6,5,1,['Drug - Protein - BiologicalProcess - PhenotypicFeature - Disease'],['Drug - decreases activity of - Protein - participates in - BiologicalProcess - contributes to - PhenotypicFeature - contributes to - Disease'],What gene is most mechanistically related to the indication of Drug Piretanide to Disease Edema?
3455,DB11737_MESH_D002289_1,DB:DB11737,MESH:C531470,MESH:D002289,UniProt:P00533,Icotinib,Non-small cell lung cancer,Epidermal growth factor receptor,EGFR,"['MESH:C531470', 'UniProt:P00533', 'reactome:R-HSA-5673001', 'reactome:R-HSA-109704', 'GO:0008283', 'MESH:D002289']",6,6,1,['Drug - Protein - Pathway - BiologicalProcess - Disease'],['Drug - decreases activity of - Protein - positively regulates - Pathway - positively regulates - BiologicalProcess - causes - Disease'],What gene is most mechanistically related to the indication of Drug Icotinib to Disease Non-small cell lung cancer?
3456,DB00176_MESH_D000072861_1,DB:DB00176,MESH:D016666,MESH:D000072861,UniProt:P31645,fluvoxamine,Social phobia,Sodium-dependent serotonin transporter,SLC6A4,"['MESH:D016666', 'UniProt:P31645', 'GO:0051610', 'GO:0043083', 'GO:0060096', 'MESH:D000072861']",6,5,1,['Drug - Protein - BiologicalProcess - Disease'],['Drug - decreases activity of - Protein - negatively regulates - BiologicalProcess - negatively correlated with - Disease'],What gene is most mechanistically related to the indication of Drug fluvoxamine to Disease Social phobia?
3457,DB00176_MESH_D009771_1,DB:DB00176,MESH:D016666,MESH:D009771,UniProt:P31645,fluvoxamine,Obsessive-compulsive disorder,Sodium-dependent serotonin transporter,SLC6A4,"['MESH:D016666', 'UniProt:P31645', 'GO:0051610', 'GO:0043083', 'GO:0060096', 'MESH:D009771']",6,5,1,['Drug - Protein - BiologicalProcess - Disease'],['Drug - decreases activity of - Protein - negatively regulates - BiologicalProcess - negatively correlated with - Disease'],What gene is most mechanistically related to the indication of Drug fluvoxamine to Disease Obsessive-compulsive disorder?
3458,DB00251_MESH_D002181_1,DB:DB00251,MESH:C037815,MESH:D002181,UniProt:P10613,terconazole,"Candidiasis, Vulvovaginal",Lanosterol 14-alpha-demethylase,N/A,"['MESH:C037815', 'UniProt:P10613', 'GO:0006696', 'CHEBI:16933', 'GO:0030445', 'MESH:D002463', 'taxonomy:237561', 'MESH:D002181']",8,7,1,['Drug - Protein - BiologicalProcess - ChemicalSubstance - CellularComponent - PhenotypicFeature - OrganismTaxon - Disease'],['Drug - negatively regulates - Protein - positively regulates - BiologicalProcess - produces - ChemicalSubstance - located in - CellularComponent - regulates - PhenotypicFeature - in taxon - OrganismTaxon - causes - Disease'],"What gene is most mechanistically related to the indication of Drug terconazole to Disease Candidiasis, Vulvovaginal?"
3467,DB00765_MESH_D010673_1,DB:DB00765,MESH:D019805,MESH:D010673,UniProt:P07101,metirosine,Pheochromocytoma,Tyrosine 3-monooxygenase,TH,"['MESH:D019805', 'UniProt:P07101', 'reactome:R-HSA-209905', 'CHEBI:18243', 'CHEBI:33568', 'CHEBI:33569', 'GO:0042310', 'HP:0000822', 'MESH:D010673']",9,10,1,['Drug - Protein - Pathway - ChemicalSubstance - BiologicalProcess - PhenotypicFeature - Disease'],['Drug - decreases activity of - Protein - positively regulates - Pathway - positively correlated with - ChemicalSubstance - positively regulates - BiologicalProcess - affects risk for - PhenotypicFeature - manifestation of - Disease'],What gene is most mechanistically related to the indication of Drug metirosine to Disease Pheochromocytoma?
3477,DB00472_MESH_D001714_1,DB:DB00472,MESH:D005473,MESH:D001714,UniProt:P31645,fluoxetine,"Bipolar affective disorder, current episode depression",Sodium-dependent serotonin transporter,SLC6A4,"['MESH:D005473', 'UniProt:P31645', 'GO:0051610', 'MESH:D012701', 'GO:0060096', 'MESH:D001714']",6,5,1,['Drug - Protein - BiologicalProcess - Disease'],['Drug - decreases activity of - Protein - positively regulates - BiologicalProcess - negatively regulates - Disease'],"What gene is most mechanistically related to the indication of Drug fluoxetine to Disease Bipolar affective disorder, current episode depression?"
3478,DB00472_MESH_D016584_1,DB:DB00472,MESH:D005473,MESH:D016584,UniProt:P31645,fluoxetine,Panic Disorder,Sodium-dependent serotonin transporter,SLC6A4,"['MESH:D005473', 'UniProt:P31645', 'GO:0051610', 'MESH:D012701', 'GO:0060096', 'MESH:D016584']",6,5,1,['Drug - Protein - BiologicalProcess - Disease'],['Drug - decreases activity of - Protein - positively regulates - BiologicalProcess - negatively regulates - Disease'],What gene is most mechanistically related to the indication of Drug fluoxetine to Disease Panic Disorder?
3479,DB00472_MESH_D065446_1,DB:DB00472,MESH:D005473,MESH:D065446,UniProt:P31645,fluoxetine,Premenstrual dysphoric disorder,Sodium-dependent serotonin transporter,SLC6A4,"['MESH:D005473', 'UniProt:P31645', 'GO:0051610', 'MESH:D012701', 'MESH:D019964', 'MESH:D065446']",6,5,1,['Drug - Protein - BiologicalProcess - ChemicalSubstance - Disease'],['Drug - decreases activity of - Protein - positively regulates - BiologicalProcess - decreases abundance of - ChemicalSubstance - negatively correlated with - Disease'],What gene is most mechanistically related to the indication of Drug fluoxetine to Disease Premenstrual dysphoric disorder?
3480,DB00472_MESH_D003866_1,DB:DB00472,MESH:D005473,MESH:D003866,UniProt:P31645,fluoxetine,Depressive disorder,Sodium-dependent serotonin transporter,SLC6A4,"['MESH:D005473', 'UniProt:P31645', 'GO:0051610', 'MESH:D012701', 'MESH:D019964', 'MESH:D003866']",6,5,1,['Drug - Protein - BiologicalProcess - ChemicalSubstance - Disease'],['Drug - decreases activity of - Protein - positively regulates - BiologicalProcess - decreases abundance of - ChemicalSubstance - negatively correlated with - Disease'],What gene is most mechanistically related to the indication of Drug fluoxetine to Disease Depressive disorder?
3481,DB00472_MESH_D052018_1,DB:DB00472,MESH:D005473,MESH:D052018,UniProt:P31645,fluoxetine,Bulimia nervosa,Sodium-dependent serotonin transporter,SLC6A4,"['MESH:D005473', 'UniProt:P31645', 'GO:0051610', 'MESH:D012701', 'HP:0100738', 'MESH:D052018']",6,5,1,['Drug - Protein - BiologicalProcess - ChemicalSubstance - PhenotypicFeature - Disease'],['Drug - decreases activity of - Protein - positively regulates - BiologicalProcess - decreases abundance of - ChemicalSubstance - negatively correlated with - PhenotypicFeature - positively correlated with - Disease'],What gene is most mechanistically related to the indication of Drug fluoxetine to Disease Bulimia nervosa?
3482,DB00472_MESH_D003865_1,DB:DB00472,MESH:D005473,MESH:D003865,UniProt:P31645,fluoxetine,"Depressive Disorder, Major",Sodium-dependent serotonin transporter,SLC6A4,"['MESH:D005473', 'UniProt:P31645', 'GO:0051610', 'MESH:D012701', 'MESH:D019964', 'MESH:D003865']",6,5,1,['Drug - Protein - BiologicalProcess - ChemicalSubstance - Disease'],['Drug - decreases activity of - Protein - positively regulates - BiologicalProcess - decreases abundance of - ChemicalSubstance - negatively correlated with - Disease'],"What gene is most mechanistically related to the indication of Drug fluoxetine to Disease Depressive Disorder, Major?"
3483,DB00472_MESH_D009771_1,DB:DB00472,MESH:D005473,MESH:D009771,UniProt:P31645,fluoxetine,Obsessive-compulsive disorder,Sodium-dependent serotonin transporter,SLC6A4,"['MESH:D005473', 'UniProt:P31645', 'GO:0051610', 'MESH:D012701', 'MESH:D019964', 'MESH:D009771']",6,5,1,['Drug - Protein - BiologicalProcess - ChemicalSubstance - Disease'],['Drug - decreases activity of - Protein - positively regulates - BiologicalProcess - decreases abundance of - ChemicalSubstance - negatively correlated with - Disease'],What gene is most mechanistically related to the indication of Drug fluoxetine to Disease Obsessive-compulsive disorder?
3487,DB01030_MESH_D010051_1,DB:DB01030,MESH:D019772,MESH:D010051,UniProt:P11387,topotecan,Malignant tumor of ovary,DNA topoisomerase 1,TOP1,"['MESH:D019772', 'UniProt:P11387', 'GO:0003677', 'GO:0006260', 'CL:0001063', 'MESH:D010051']",6,5,1,['Drug - Protein - MolecularActivity - BiologicalProcess - Cell - Disease'],['Drug - decreases activity of - Protein - positively regulates - MolecularActivity - correlated with - BiologicalProcess - positively correlated with - Cell - positively correlated with - Disease'],What gene is most mechanistically related to the indication of Drug topotecan to Disease Malignant tumor of ovary?
3488,DB01030_MESH_D055752_1,DB:DB01030,MESH:D019772,MESH:D055752,UniProt:P11387,topotecan,Small Cell Lung Carcinoma,DNA topoisomerase 1,TOP1,"['MESH:D019772', 'UniProt:P11387', 'GO:0003677', 'GO:0006260', 'CL:0001063', 'MESH:D055752']",6,5,1,['Drug - Protein - MolecularActivity - BiologicalProcess - Cell - Disease'],['Drug - decreases activity of - Protein - positively regulates - MolecularActivity - correlated with - BiologicalProcess - positively correlated with - Cell - positively correlated with - Disease'],What gene is most mechanistically related to the indication of Drug topotecan to Disease Small Cell Lung Carcinoma?
3489,DB01176_MESH_D009041_1,DB:DB01176,MESH:D003501,MESH:D009041,UniProt:P35367,cyclizine,Motion sickness,Histamine H1 receptor,HRH1,"['MESH:D003501', 'UniProt:P35367', 'GO:0007271', 'HP:0002017', 'MESH:D009041']",5,4,1,['Drug - Protein - BiologicalProcess - PhenotypicFeature - Disease'],['Drug - decreases activity of - Protein - positively regulates - BiologicalProcess - positively correlated with - PhenotypicFeature - manifestation of - Disease'],What gene is most mechanistically related to the indication of Drug cyclizine to Disease Motion sickness?
3490,DB01176_MESH_D012912_1,DB:DB01176,MESH:D003501,MESH:D012912,UniProt:P35367,cyclizine,Sneezing,Histamine H1 receptor,HRH1,"['MESH:D003501', 'UniProt:P35367', 'MESH:D006632', 'CL:0000540', 'UBERON:0000004', 'UBERON:0001645', 'MESH:D012912']",7,6,1,['Drug - Protein - ChemicalSubstance - Cell - GrossAnatomicalStructure - Disease'],['Drug - negatively regulates - Protein - positively correlated with - ChemicalSubstance - positively regulates - Cell - located in - GrossAnatomicalStructure - contributes to - Disease'],What gene is most mechanistically related to the indication of Drug cyclizine to Disease Sneezing?
3491,DB01176_MESH_D006255_1,DB:DB01176,MESH:D003501,MESH:D006255,UniProt:P35367,cyclizine,"Rhinitis, Allergic, Seasonal",Histamine H1 receptor,HRH1,"['MESH:D003501', 'UniProt:P35367', 'GO:0004969', 'GO:0071420', 'GO:0006954', 'MESH:D006255']",6,5,1,['Drug - Protein - MolecularActivity - BiologicalProcess - Disease'],['Drug - decreases activity of - Protein - positively regulates - MolecularActivity - participates in - BiologicalProcess - causes - Disease'],"What gene is most mechanistically related to the indication of Drug cyclizine to Disease Rhinitis, Allergic, Seasonal?"
3492,DB01176_MESH_D065631_1,DB:DB01176,MESH:D003501,MESH:D065631,UniProt:P35367,cyclizine,Allergic rhinitis,Histamine H1 receptor,HRH1,"['MESH:D003501', 'UniProt:P35367', 'GO:0004969', 'GO:0071420', 'GO:0006954', 'MESH:D065631']",6,5,1,['Drug - Protein - MolecularActivity - BiologicalProcess - Disease'],['Drug - decreases activity of - Protein - positively regulates - MolecularActivity - participates in - BiologicalProcess - causes - Disease'],What gene is most mechanistically related to the indication of Drug cyclizine to Disease Allergic rhinitis?
3493,DB01176_MESH_D003139_1,DB:DB01176,MESH:D003501,MESH:D003139,UniProt:P35367,cyclizine,Common Cold,Histamine H1 receptor,HRH1,"['MESH:D003501', 'UniProt:P35367', 'GO:0071420', 'GO:0006954', 'taxonomy:10239', 'MESH:D003139']",6,5,1,['Drug - Protein - BiologicalProcess - OrganismTaxon - Disease'],['Drug - decreases activity of - Protein - participates in - BiologicalProcess - caused by - OrganismTaxon - causes - Disease'],What gene is most mechanistically related to the indication of Drug cyclizine to Disease Common Cold?
3494,DB01176_MESH_D003233_1,DB:DB01176,MESH:D003501,MESH:D003233,UniProt:P35367,cyclizine,Allergic conjunctivitis,Histamine H1 receptor,HRH1,"['MESH:D003501', 'UniProt:P35367', 'GO:0004969', 'GO:0071420', 'GO:0006954', 'MESH:D003233']",6,5,1,['Drug - Protein - MolecularActivity - BiologicalProcess - Disease'],['Drug - decreases activity of - Protein - positively regulates - MolecularActivity - participates in - BiologicalProcess - causes - Disease'],What gene is most mechanistically related to the indication of Drug cyclizine to Disease Allergic conjunctivitis?
3495,DB01176_MESH_D012223_1,DB:DB01176,MESH:D003501,MESH:D012223,UniProt:P35367,cyclizine,"Rhinitis, Vasomotor",Histamine H1 receptor,HRH1,"['MESH:D003501', 'UniProt:P35367', 'GO:0004969', 'GO:0071420', 'GO:0006954', 'MESH:D012223']",6,5,1,['Drug - Protein - MolecularActivity - BiologicalProcess - Disease'],['Drug - decreases activity of - Protein - positively regulates - MolecularActivity - participates in - BiologicalProcess - causes - Disease'],"What gene is most mechanistically related to the indication of Drug cyclizine to Disease Rhinitis, Vasomotor?"
3496,DB01176_MESH_D003371_1,DB:DB01176,MESH:D003501,MESH:D003371,UniProt:P35367,cyclizine,Cough,Histamine H1 receptor,HRH1,"['MESH:D003501', 'UniProt:P35367', 'GO:0004969', 'GO:0071420', 'GO:0006954', 'MESH:D003371']",6,5,1,['Drug - Protein - MolecularActivity - BiologicalProcess - Disease'],['Drug - decreases activity of - Protein - positively regulates - MolecularActivity - participates in - BiologicalProcess - causes - Disease'],What gene is most mechanistically related to the indication of Drug cyclizine to Disease Cough?
3501,DB13166_MESH_D006973_1,DB:DB13166,MESH:C044958,MESH:D006973,UniProt:P12821,zofenopril,Hypertension,Angiotensin-converting enzyme,ACE,"['MESH:C044958', 'MESH:C065520', 'UniProt:P12821', 'MESH:D000804', 'MESH:D014661', 'MESH:D006973']",6,5,1,['Drug - ChemicalSubstance - Disease'],['Drug - has metabolite - ChemicalSubstance - causes - Disease'],What gene is most mechanistically related to the indication of Drug zofenopril to Disease Hypertension?
3502,DB00748_MESH_D003233_2,DB:DB00748,MESH:C004649,MESH:D003233,UniProt:P35367,carbinoxamine,Allergic conjunctivitis,Histamine H1 receptor,HRH1,"['MESH:C004649', 'UniProt:P35367', 'GO:0071420', 'MESH:D006632', 'MESH:D006969', 'MESH:D003233']",6,5,1,['Drug - Protein - BiologicalProcess - ChemicalSubstance - Disease'],['Drug - decreases activity of - Protein - positively regulates - BiologicalProcess - positively correlated with - ChemicalSubstance - participates in - Disease'],What gene is most mechanistically related to the indication of Drug carbinoxamine to Disease Allergic conjunctivitis?
3503,DB00748_MESH_D065631_1,DB:DB00748,MESH:C004649,MESH:D065631,UniProt:P35367,carbinoxamine,Allergic rhinitis,Histamine H1 receptor,HRH1,"['MESH:C004649', 'UniProt:P35367', 'GO:0071420', 'MESH:D006632', 'MESH:D006969', 'MESH:D065631']",6,5,1,['Drug - Protein - BiologicalProcess - ChemicalSubstance - Disease'],['Drug - decreases activity of - Protein - positively regulates - BiologicalProcess - positively correlated with - ChemicalSubstance - participates in - Disease'],What gene is most mechanistically related to the indication of Drug carbinoxamine to Disease Allergic rhinitis?
3504,DB00748_MESH_D003139_1,DB:DB00748,MESH:C004649,MESH:D003139,UniProt:P35367,carbinoxamine,Common Cold,Histamine H1 receptor,HRH1,"['MESH:C004649', 'UniProt:P35367', 'GO:0071420', 'MESH:D006632', 'GO:0006954', 'taxonomy:12058', 'MESH:D003139']",7,6,1,['Drug - Protein - BiologicalProcess - OrganismTaxon - Disease'],['Drug - decreases activity of - Protein - positively regulates - BiologicalProcess - caused by - OrganismTaxon - causes - Disease'],What gene is most mechanistically related to the indication of Drug carbinoxamine to Disease Common Cold?
3505,DB00748_MESH_D011537_1,DB:DB00748,MESH:C004649,MESH:D011537,UniProt:P35367,carbinoxamine,Pruritus,Histamine H1 receptor,HRH1,"['MESH:C004649', 'UniProt:P35367', 'GO:0071420', 'MESH:D006632', 'MESH:D011537']",5,4,1,['Drug - Protein - BiologicalProcess - ChemicalSubstance - Disease'],['Drug - decreases activity of - Protein - positively regulates - BiologicalProcess - positively correlated with - ChemicalSubstance - positively correlated with - Disease'],What gene is most mechanistically related to the indication of Drug carbinoxamine to Disease Pruritus?
3506,DB00748_MESH_D006255_1,DB:DB00748,MESH:C004649,MESH:D006255,UniProt:P35367,carbinoxamine,"Rhinitis, Allergic, Seasonal",Histamine H1 receptor,HRH1,"['MESH:C004649', 'UniProt:P35367', 'GO:0071420', 'MESH:D006632', 'MESH:D006969', 'MESH:D006255']",6,5,1,['Drug - Protein - BiologicalProcess - ChemicalSubstance - Disease'],['Drug - decreases activity of - Protein - positively regulates - BiologicalProcess - positively correlated with - ChemicalSubstance - participates in - Disease'],"What gene is most mechanistically related to the indication of Drug carbinoxamine to Disease Rhinitis, Allergic, Seasonal?"
3507,DB00748_MESH_D014581_1,DB:DB00748,MESH:C004649,MESH:D014581,UniProt:P35367,carbinoxamine,Urticaria,Histamine H1 receptor,HRH1,"['MESH:C004649', 'UniProt:P35367', 'GO:0071420', 'MESH:D006632', 'MESH:D014581']",5,4,1,['Drug - Protein - BiologicalProcess - ChemicalSubstance - Disease'],['Drug - decreases activity of - Protein - positively regulates - BiologicalProcess - positively correlated with - ChemicalSubstance - positively correlated with - Disease'],What gene is most mechanistically related to the indication of Drug carbinoxamine to Disease Urticaria?
3508,DB00748_MESH_D012223_1,DB:DB00748,MESH:C004649,MESH:D012223,UniProt:P35367,carbinoxamine,"Rhinitis, Vasomotor",Histamine H1 receptor,HRH1,"['MESH:C004649', 'UniProt:P35367', 'GO:0071420', 'MESH:D006632', 'GO:0006954', 'MESH:D012223']",6,5,1,['Drug - Protein - BiologicalProcess - Disease'],['Drug - decreases activity of - Protein - positively regulates - BiologicalProcess - contributes to - Disease'],"What gene is most mechanistically related to the indication of Drug carbinoxamine to Disease Rhinitis, Vasomotor?"
3509,DB12412_MESH_D003924_1,DB:DB12412,MESH:C534891,MESH:D003924,UniProt:P27487,gemigliptin,"Diabetes Mellitus, Type 2",Dipeptidyl peptidase 4,DPP4,"['MESH:C534891', 'UniProt:P27487', 'reactome:R-HSA-381771', 'MESH:D052216', 'GO:0030073', 'GO:0070091', 'MESH:D003924']",7,7,1,['Drug - Protein - Pathway - ChemicalSubstance - BiologicalProcess - Disease'],['Drug - decreases activity of - Protein - participates in - Pathway - decreases abundance of - ChemicalSubstance - negatively regulates - BiologicalProcess - positively correlated with - Disease'],"What gene is most mechanistically related to the indication of Drug gemigliptin to Disease Diabetes Mellitus, Type 2?"
3510,DB04938_MESH_D004414_2,DB:DB04938,MESH:C119141,MESH:D004414,UniProt:P03372,ospemifene,Dyspareunia,Estrogen receptor,ESR1,"['MESH:C119141', 'UniProt:P03372', 'GO:0071391', 'MESH:D004967', 'MESH:D059268', 'MESH:D004414']",6,5,1,['Drug - Protein - BiologicalProcess - ChemicalSubstance - Disease'],['Drug - increases activity of - Protein - positively regulates - BiologicalProcess - positively correlated with - ChemicalSubstance - negatively correlated with - Disease'],What gene is most mechanistically related to the indication of Drug ospemifene to Disease Dyspareunia?
3511,DB01192_MESH_D059350_1,DB:DB01192,MESH:D010111,MESH:D059350,UniProt:P35372,oxymorphone,Chronic Pain,Mu-type opioid receptor,OPRM1,"['MESH:D010111', 'UniProt:P35372', 'GO:0038003', 'GO:0019233', 'MESH:D009619', 'MESH:D059350']",6,5,1,['Drug - Protein - BiologicalProcess - ChemicalSubstance - Disease'],['Drug - increases activity of - Protein - participates in - BiologicalProcess - positively regulates - ChemicalSubstance - positively correlated with - Disease'],What gene is most mechanistically related to the indication of Drug oxymorphone to Disease Chronic Pain?
3512,DB01192_MESH_D048949_1,DB:DB01192,MESH:D010111,MESH:D048949,UniProt:P35372,oxymorphone,Labor Pain,Mu-type opioid receptor,OPRM1,"['MESH:D010111', 'UniProt:P35372', 'GO:0038003', 'GO:0019233', 'MESH:D009619', 'MESH:D048949']",6,5,1,['Drug - Protein - BiologicalProcess - ChemicalSubstance - Disease'],['Drug - increases activity of - Protein - participates in - BiologicalProcess - positively regulates - ChemicalSubstance - positively correlated with - Disease'],What gene is most mechanistically related to the indication of Drug oxymorphone to Disease Labor Pain?
3513,DB01192_MESH_D010146_1,DB:DB01192,MESH:D010111,MESH:D010146,UniProt:P35372,oxymorphone,Pain,Mu-type opioid receptor,OPRM1,"['MESH:D010111', 'UniProt:P35372', 'GO:0038003', 'GO:0019233', 'MESH:D009619', 'MESH:D010146']",6,5,1,['Drug - Protein - BiologicalProcess - ChemicalSubstance - Disease'],['Drug - increases activity of - Protein - participates in - BiologicalProcess - positively regulates - ChemicalSubstance - positively correlated with - Disease'],What gene is most mechanistically related to the indication of Drug oxymorphone to Disease Pain?
3514,DB00863_MESH_D004381_1,DB:DB00863,MESH:D011899,MESH:D004381,UniProt:P25021,ranitidine,Duodenal Ulcer,Histamine H2 receptor,HRH2,"['MESH:D011899', 'UniProt:P25021', 'GO:0001696', 'MESH:D005744', 'MESH:D010437', 'UBERON:0002114', 'MESH:D004381']",7,6,1,['Drug - Protein - BiologicalProcess - ChemicalSubstance - Disease'],['Drug - decreases activity of - Protein - positively regulates - BiologicalProcess - increases abundance of - ChemicalSubstance - contributes to - Disease'],What gene is most mechanistically related to the indication of Drug ranitidine to Disease Duodenal Ulcer?
3515,DB00863_MESH_D013276_1,DB:DB00863,MESH:D011899,MESH:D013276,UniProt:P25021,ranitidine,Stomach Ulcer,Histamine H2 receptor,HRH2,"['MESH:D011899', 'UniProt:P25021', 'GO:0001696', 'MESH:D005744', 'MESH:D010437', 'UBERON:0000945', 'MESH:D013276']",7,6,1,['Drug - Protein - BiologicalProcess - ChemicalSubstance - Disease'],['Drug - decreases activity of - Protein - positively regulates - BiologicalProcess - increases abundance of - ChemicalSubstance - contributes to - Disease'],What gene is most mechanistically related to the indication of Drug ranitidine to Disease Stomach Ulcer?
3516,DB00863_MESH_D005764_1,DB:DB00863,MESH:D011899,MESH:D005764,UniProt:P25021,ranitidine,Gastroesophageal Reflux,Histamine H2 receptor,HRH2,"['MESH:D011899', 'UniProt:P25021', 'GO:0001696', 'MESH:D005744', 'MESH:D005764']",5,4,1,['Drug - Protein - BiologicalProcess - ChemicalSubstance - Disease'],['Drug - decreases activity of - Protein - positively regulates - BiologicalProcess - increases abundance of - ChemicalSubstance - contributes to - Disease'],What gene is most mechanistically related to the indication of Drug ranitidine to Disease Gastroesophageal Reflux?
3517,DB00863_MESH_D006356_1,DB:DB00863,MESH:D011899,MESH:D006356,UniProt:P25021,ranitidine,Heartburn,Histamine H2 receptor,HRH2,"['MESH:D011899', 'UniProt:P25021', 'GO:0001696', 'MESH:D005744', 'MESH:D006356']",5,4,1,['Drug - Protein - BiologicalProcess - ChemicalSubstance - Disease'],['Drug - decreases activity of - Protein - positively regulates - BiologicalProcess - increases abundance of - ChemicalSubstance - contributes to - Disease'],What gene is most mechanistically related to the indication of Drug ranitidine to Disease Heartburn?
3518,DB00863_MESH_D004415_1,DB:DB00863,MESH:D011899,MESH:D004415,UniProt:P25021,ranitidine,Dyspepsia,Histamine H2 receptor,HRH2,"['MESH:D011899', 'UniProt:P25021', 'GO:0001696', 'MESH:D005744', 'MESH:D006356', 'MESH:D004415']",6,5,1,['Drug - Protein - BiologicalProcess - ChemicalSubstance - Disease'],['Drug - decreases activity of - Protein - positively regulates - BiologicalProcess - increases abundance of - ChemicalSubstance - contributes to - Disease'],What gene is most mechanistically related to the indication of Drug ranitidine to Disease Dyspepsia?
3519,DB00863_MESH_D015043_1,DB:DB00863,MESH:D011899,MESH:D015043,UniProt:P25021,ranitidine,Zollinger-Ellison Syndrome,Histamine H2 receptor,HRH2,"['MESH:D011899', 'UniProt:P25021', 'GO:0001696', 'MESH:D005744', 'MESH:D010437', 'MESH:D015043']",6,5,1,['Drug - Protein - BiologicalProcess - ChemicalSubstance - Disease'],['Drug - decreases activity of - Protein - positively regulates - BiologicalProcess - increases abundance of - ChemicalSubstance - contributes to - Disease'],What gene is most mechanistically related to the indication of Drug ranitidine to Disease Zollinger-Ellison Syndrome?
3528,DB01127_MESH_D002179_1,DB:DB01127,MESH:D004464,MESH:D002179,UniProt:P10613,econazole,"Candidiasis, Cutaneous",Lanosterol 14-alpha-demethylase,N/A,"['MESH:D004464', 'UniProt:P10613', 'GO:0006696', 'MESH:D004875', 'GO:0005886', 'taxonomy:5476', 'MESH:D002179']",7,6,1,['Drug - Protein - BiologicalProcess - ChemicalSubstance - CellularComponent - OrganismTaxon - Disease'],['Drug - decreases activity of - Protein - positively regulates - BiologicalProcess - produces - ChemicalSubstance - located in - CellularComponent - in taxon - OrganismTaxon - causes - Disease'],"What gene is most mechanistically related to the indication of Drug econazole to Disease Candidiasis, Cutaneous?"
3529,DB01127_MESH_D014008_1,DB:DB01127,MESH:D004464,MESH:D014008,UniProt:P10613,econazole,Tinea Pedis,Lanosterol 14-alpha-demethylase,N/A,"['MESH:D004464', 'UniProt:P10613', 'GO:0006696', 'MESH:D004875', 'GO:0005886', 'taxonomy:5551', 'MESH:D014008']",7,6,1,['Drug - Protein - BiologicalProcess - ChemicalSubstance - CellularComponent - OrganismTaxon - Disease'],['Drug - decreases activity of - Protein - positively regulates - BiologicalProcess - produces - ChemicalSubstance - located in - CellularComponent - in taxon - OrganismTaxon - causes - Disease'],What gene is most mechanistically related to the indication of Drug econazole to Disease Tinea Pedis?
3530,DB01127_MESH_D014010_1,DB:DB01127,MESH:D004464,MESH:D014010,UniProt:P10613,econazole,Tinea Versicolor,Lanosterol 14-alpha-demethylase,N/A,"['MESH:D004464', 'UniProt:P10613', 'GO:0006696', 'MESH:D004875', 'GO:0005886', 'taxonomy:55194', 'MESH:D014010']",7,6,1,['Drug - Protein - BiologicalProcess - ChemicalSubstance - CellularComponent - OrganismTaxon - Disease'],['Drug - decreases activity of - Protein - positively regulates - BiologicalProcess - produces - ChemicalSubstance - located in - CellularComponent - in taxon - OrganismTaxon - causes - Disease'],What gene is most mechanistically related to the indication of Drug econazole to Disease Tinea Versicolor?
3535,DB00238_MESH_D015658_1,DB:DB00238,MESH:D019829,MESH:D015658,UniProt:Q72547,nevirapine,Human immunodeficiency virus infection,Reverse transcriptase/RNaseH,N/A,"['MESH:D019829', 'UniProt:Q72547', 'GO:0001171', 'GO:0019079', 'taxonomy:11676', 'MESH:D015658']",6,5,1,['Drug - Protein - BiologicalProcess - OrganismTaxon - Disease'],['Drug - decreases activity of - Protein - positively regulates - BiologicalProcess - in taxon - OrganismTaxon - causes - Disease'],What gene is most mechanistically related to the indication of Drug nevirapine to Disease Human immunodeficiency virus infection?
3541,DB09069_MESH_D000787_1,DB:DB09069,MESH:D014292,MESH:D000787,UniProt:P42765,trimetazidine,Angina Pectoris,"3-ketoacyl-CoA thiolase, mitochondrial",ACAA2,"['MESH:D014292', 'UniProt:P42765', 'GO:0006695', 'MESH:D002784', 'HP:0002621', 'MESH:D000787']",6,5,1,['Drug - Protein - BiologicalProcess - ChemicalSubstance - PhenotypicFeature - Disease'],['Drug - decreases activity of - Protein - participates in - BiologicalProcess - increases abundance of - ChemicalSubstance - positively correlated with - PhenotypicFeature - contributes to - Disease'],What gene is most mechanistically related to the indication of Drug trimetazidine to Disease Angina Pectoris?
3542,DB01122_MESH_D009157_1,DB:DB01122,MESH:D000549,MESH:D009157,UniProt:P22303,ambenonium,Myasthenia Gravis,Acetylcholinesterase,ACHE,"['MESH:D000549', 'UniProt:P22303', 'GO:0001507', 'HP:0001324', 'MESH:D009157']",5,4,1,['Drug - Protein - BiologicalProcess - PhenotypicFeature - Disease'],['Drug - decreases activity of - Protein - positively regulates - BiologicalProcess - contributes to - PhenotypicFeature - manifestation of - Disease'],What gene is most mechanistically related to the indication of Drug ambenonium to Disease Myasthenia Gravis?
3543,DB04812_MESH_D001172_1,DB:DB04812,MESH:C011677,MESH:D001172,UniProt:P09917,benoxaprofen,Rheumatoid arthritis,Polyunsaturated fatty acid 5-lipoxygenase,ALOX5,"['MESH:C011677', 'UniProt:P09917', 'GO:0019370', 'MESH:D015289', 'GO:0006954', 'HP:0002829', 'MESH:D001172']",7,6,1,['Drug - Protein - BiologicalProcess - PhenotypicFeature - Disease'],['Drug - decreases activity of - Protein - positively regulates - BiologicalProcess - has phenotype - PhenotypicFeature - manifestation of - Disease'],What gene is most mechanistically related to the indication of Drug benoxaprofen to Disease Rheumatoid arthritis?
3556,DB12465_MESH_D006973_1,DB:DB12465,MESH:D007650,MESH:D006973,UniProt:P28223,ketanserin,Hypertension,5-hydroxytryptamine receptor 2A,HTR2A,"['MESH:D007650', 'UniProt:P28223', 'GO:0042310', 'HP:0032263', 'MESH:D006973']",5,4,1,['Drug - Protein - BiologicalProcess - PhenotypicFeature - Disease'],['Drug - decreases activity of - Protein - positively regulates - BiologicalProcess - positively correlated with - PhenotypicFeature - manifestation of - Disease'],What gene is most mechanistically related to the indication of Drug ketanserin to Disease Hypertension?
3557,DB00763_MESH_D006980_1,DB:DB00763,MESH:D008713,MESH:D006980,UniProt:P07202,methimazole,Hyperthyroidism,Thyroid peroxidase,TPO,"['MESH:D008713', 'UniProt:P07202', 'GO:0006590', 'MESH:D013963', 'MESH:D006980']",5,4,1,['Drug - Protein - BiologicalProcess - ChemicalSubstance - Disease'],['Drug - decreases activity of - Protein - positively regulates - BiologicalProcess - increases abundance of - ChemicalSubstance - positively correlated with - Disease'],What gene is most mechanistically related to the indication of Drug methimazole to Disease Hyperthyroidism?
3558,DB00691_MESH_D006973_1,DB:DB00691,MESH:C058302,MESH:D006973,UniProt:P12821,moexipril,Hypertension,Angiotensin-converting enzyme,ACE,"['MESH:C058302', 'MESH:C059506', 'UniProt:P12821', 'GO:0042310', 'GO:0035932', 'GO:0045777', 'MESH:D006973']",7,7,1,['Drug - ChemicalSubstance - Protein - BiologicalProcess - Disease'],['Drug - has metabolite - ChemicalSubstance - decreases activity of - Protein - positively regulates - BiologicalProcess - contributes to - Disease'],What gene is most mechanistically related to the indication of Drug moexipril to Disease Hypertension?
3562,DB08883_MESH_D004828_1,DB:DB08883,MESH:C551441,MESH:D004828,UniProt:P42261,perampanel,"Epilepsies, Partial",Glutamate receptor 1,GRIA1,"['MESH:C551441', 'UniProt:P42261', 'GO:0004971', 'GO:0019228', 'GO:0050806', 'MESH:D004828']",6,5,1,['Drug - Protein - MolecularActivity - BiologicalProcess - Disease'],['Drug - decreases activity of - Protein - positively regulates - MolecularActivity - positively correlated with - BiologicalProcess - positively correlated with - Disease'],"What gene is most mechanistically related to the indication of Drug perampanel to Disease Epilepsies, Partial?"
3566,DB01076_MESH_D000787_1,DB:DB01076,MESH:D000069059,MESH:D000787,UniProt:P04035,atorvastatin,Angina Pectoris,3-hydroxy-3-methylglutaryl-coenzyme A reductase,HMGCR,"['MESH:D000069059', 'UniProt:P04035', 'GO:0006695', 'MESH:D002784', 'HP:0002621', 'MESH:D000787']",6,5,1,['Drug - Protein - BiologicalProcess - ChemicalSubstance - PhenotypicFeature - Disease'],['Drug - decreases activity of - Protein - positively regulates - BiologicalProcess - increases abundance of - ChemicalSubstance - positively correlated with - PhenotypicFeature - contributes to - Disease'],What gene is most mechanistically related to the indication of Drug atorvastatin to Disease Angina Pectoris?
3567,DB01076_MESH_D000788_1,DB:DB01076,MESH:D000069059,MESH:D000788,UniProt:P04035,atorvastatin,"Angina Pectoris, Variant",3-hydroxy-3-methylglutaryl-coenzyme A reductase,HMGCR,"['MESH:D000069059', 'UniProt:P04035', 'GO:0006695', 'MESH:D002784', 'HP:0002621', 'MESH:D000788']",6,5,1,['Drug - Protein - BiologicalProcess - ChemicalSubstance - PhenotypicFeature - Disease'],['Drug - decreases activity of - Protein - positively regulates - BiologicalProcess - increases abundance of - ChemicalSubstance - positively correlated with - PhenotypicFeature - contributes to - Disease'],"What gene is most mechanistically related to the indication of Drug atorvastatin to Disease Angina Pectoris, Variant?"
3568,DB01076_MESH_D001161_1,DB:DB01076,MESH:D000069059,MESH:D001161,UniProt:P04035,atorvastatin,Arteriosclerosis,3-hydroxy-3-methylglutaryl-coenzyme A reductase,HMGCR,"['MESH:D000069059', 'UniProt:P04035', 'GO:0006695', 'MESH:D002784', 'HP:0002621', 'MESH:D001161']",6,5,1,['Drug - Protein - BiologicalProcess - ChemicalSubstance - PhenotypicFeature - Disease'],['Drug - decreases activity of - Protein - positively regulates - BiologicalProcess - increases abundance of - ChemicalSubstance - positively correlated with - PhenotypicFeature - manifestation of - Disease'],What gene is most mechanistically related to the indication of Drug atorvastatin to Disease Arteriosclerosis?
3569,DB01076_MESH_D006937_1,DB:DB01076,MESH:D000069059,MESH:D006937,UniProt:P04035,atorvastatin,Hypercholesterolemia,3-hydroxy-3-methylglutaryl-coenzyme A reductase,HMGCR,"['MESH:D000069059', 'UniProt:P04035', 'GO:0006695', 'MESH:D002784', 'HP:0003107', 'MESH:D006937']",6,5,1,['Drug - Protein - BiologicalProcess - ChemicalSubstance - PhenotypicFeature - Disease'],['Drug - decreases activity of - Protein - positively regulates - BiologicalProcess - increases abundance of - ChemicalSubstance - positively correlated with - PhenotypicFeature - manifestation of - Disease'],What gene is most mechanistically related to the indication of Drug atorvastatin to Disease Hypercholesterolemia?
3572,DB01076_MESH_D015228_1,DB:DB01076,MESH:D000069059,MESH:D015228,UniProt:P06858,atorvastatin,Hypertriglyceridemia,Lipoprotein lipase,LPL,"['MESH:D000069059', 'UniProt:P06858', 'GO:0019433', 'MESH:D014280', 'MESH:D015228']",5,4,1,['Drug - Protein - BiologicalProcess - ChemicalSubstance - Disease'],['Drug - increases activity of - Protein - positively regulates - BiologicalProcess - decreases abundance of - ChemicalSubstance - positively correlated with - Disease'],What gene is most mechanistically related to the indication of Drug atorvastatin to Disease Hypertriglyceridemia?
3573,DB01076_MESH_D020521_1,DB:DB01076,MESH:D000069059,MESH:D020521,UniProt:P04035,atorvastatin,Stroke,3-hydroxy-3-methylglutaryl-coenzyme A reductase,HMGCR,"['MESH:D000069059', 'UniProt:P04035', 'GO:0006695', 'MESH:D002784', 'HP:0002621', 'HP:0002637', 'MESH:D020521']",7,6,1,['Drug - Protein - BiologicalProcess - ChemicalSubstance - PhenotypicFeature - Disease'],['Drug - decreases activity of - Protein - positively regulates - BiologicalProcess - increases abundance of - ChemicalSubstance - positively correlated with - PhenotypicFeature - manifestation of - Disease'],What gene is most mechanistically related to the indication of Drug atorvastatin to Disease Stroke?
3574,DB09526_MESH_D008548_1,DB:DB09526,MESH:C031927,MESH:D008548,UniProt:P14679,hydroquinone,Chloasma,Tyrosinase,TYR,"['MESH:C031927', 'UniProt:P14679', 'GO:0042438', 'MESH:D008543', 'MESH:D008548']",5,4,1,['Drug - Protein - BiologicalProcess - ChemicalSubstance - Disease'],['Drug - decreases activity of - Protein - positively regulates - BiologicalProcess - increases abundance of - ChemicalSubstance - positively correlated with - Disease'],What gene is most mechanistically related to the indication of Drug hydroquinone to Disease Chloasma?
3648,DB00588_MESH_D003876_1,DB:DB00588,MESH:D000068298,MESH:D003876,UniProt:P04150,fluticasone propionate,Atopic dermatitis,Glucocorticoid receptor,NR3C1,"['MESH:D000068298', 'UniProt:P04150', 'GO:0071385', 'GO:0006954', 'HP:0000989', 'MESH:D003876']",6,5,1,['Drug - Protein - BiologicalProcess - PhenotypicFeature - Disease'],['Drug - increases activity of - Protein - positively regulates - BiologicalProcess - positively correlated with - PhenotypicFeature - manifestation of - Disease'],What gene is most mechanistically related to the indication of Drug fluticasone propionate to Disease Atopic dermatitis?
3649,DB00588_MESH_D003877_1,DB:DB00588,MESH:D000068298,MESH:D003877,UniProt:P04150,fluticasone propionate,Contact dermatitis,Glucocorticoid receptor,NR3C1,"['MESH:D000068298', 'UniProt:P04150', 'GO:0071385', 'GO:0006954', 'HP:0000988', 'HP:0000989', 'MESH:D003877']",7,7,1,['Drug - Protein - BiologicalProcess - PhenotypicFeature - Disease'],['Drug - increases activity of - Protein - positively regulates - BiologicalProcess - positively correlated with - PhenotypicFeature - manifestation of - Disease'],What gene is most mechanistically related to the indication of Drug fluticasone propionate to Disease Contact dermatitis?
3650,DB00588_MESH_D012628_1,DB:DB00588,MESH:D000068298,MESH:D012628,UniProt:P04150,fluticasone propionate,Seborrheic dermatitis,Glucocorticoid receptor,NR3C1,"['MESH:D000068298', 'UniProt:P04150', 'GO:0071385', 'GO:0006954', 'MESH:D012628']",5,4,1,['Drug - Protein - BiologicalProcess - Disease'],['Drug - increases activity of - Protein - positively regulates - BiologicalProcess - positively correlated with - Disease'],What gene is most mechanistically related to the indication of Drug fluticasone propionate to Disease Seborrheic dermatitis?
3651,DB00588_MESH_D005076_1,DB:DB00588,MESH:D000068298,MESH:D005076,UniProt:P04150,fluticasone propionate,Eruption of skin,Glucocorticoid receptor,NR3C1,"['MESH:D000068298', 'UniProt:P04150', 'GO:0071385', 'GO:0006954', 'HP:0000988', 'MESH:D005076']",6,5,1,['Drug - Protein - BiologicalProcess - PhenotypicFeature - Disease'],['Drug - increases activity of - Protein - positively regulates - BiologicalProcess - positively correlated with - PhenotypicFeature - manifestation of - Disease'],What gene is most mechanistically related to the indication of Drug fluticasone propionate to Disease Eruption of skin?
3652,DB00588_MESH_D016460_1,DB:DB00588,MESH:D000068298,MESH:D016460,UniProt:P04150,fluticasone propionate,Granuloma annulare,Glucocorticoid receptor,NR3C1,"['MESH:D000068298', 'UniProt:P04150', 'GO:0071385', 'GO:0006954', 'HP:0011123', 'MESH:D016460']",6,5,1,['Drug - Protein - BiologicalProcess - PhenotypicFeature - Disease'],['Drug - increases activity of - Protein - positively regulates - BiologicalProcess - positively correlated with - PhenotypicFeature - positively correlated with - Disease'],What gene is most mechanistically related to the indication of Drug fluticasone propionate to Disease Granuloma annulare?
3653,DB00588_MESH_D008179_1,DB:DB00588,MESH:D000068298,MESH:D008179,UniProt:P04150,fluticasone propionate,Discoid lupus erythematosus,Glucocorticoid receptor,NR3C1,"['MESH:D000068298', 'UniProt:P04150', 'GO:0071385', 'GO:0006954', 'MESH:D008179']",5,4,1,['Drug - Protein - BiologicalProcess - Disease'],['Drug - increases activity of - Protein - positively regulates - BiologicalProcess - positively correlated with - Disease'],What gene is most mechanistically related to the indication of Drug fluticasone propionate to Disease Discoid lupus erythematosus?
3654,DB00588_MESH_D016410_1,DB:DB00588,MESH:D000068298,MESH:D016410,UniProt:P04150,fluticasone propionate,Primary cutaneous T-cell lymphoma,Glucocorticoid receptor,NR3C1,"['MESH:D000068298', 'UniProt:P04150', 'GO:0071385', 'GO:0006954', 'HP:0002665', 'MESH:D016410']",6,5,1,['Drug - Protein - BiologicalProcess - PhenotypicFeature - Disease'],['Drug - increases activity of - Protein - positively regulates - BiologicalProcess - positively correlated with - PhenotypicFeature - contributes to - Disease'],What gene is most mechanistically related to the indication of Drug fluticasone propionate to Disease Primary cutaneous T-cell lymphoma?
3655,DB00588_MESH_D009450_1,DB:DB00588,MESH:D000068298,MESH:D009450,UniProt:P04150,fluticasone propionate,Lichen simplex chronicus,Glucocorticoid receptor,NR3C1,"['MESH:D000068298', 'UniProt:P04150', 'GO:0071385', 'GO:0006954', 'HP:0000989', 'MESH:D009450']",6,5,1,['Drug - Protein - BiologicalProcess - PhenotypicFeature - Disease'],['Drug - increases activity of - Protein - positively regulates - BiologicalProcess - positively correlated with - PhenotypicFeature - manifestation of - Disease'],What gene is most mechanistically related to the indication of Drug fluticasone propionate to Disease Lichen simplex chronicus?
3656,DB00588_MESH_D011538_1,DB:DB00588,MESH:D000068298,MESH:D011538,UniProt:P04150,fluticasone propionate,Pruritus ani,Glucocorticoid receptor,NR3C1,"['MESH:D000068298', 'UniProt:P04150', 'GO:0071385', 'GO:0006954', 'HP:0000989', 'UBERON:0001245', 'MESH:D011538']",7,6,1,['Drug - Protein - BiologicalProcess - PhenotypicFeature - GrossAnatomicalStructure - Disease'],['Drug - increases activity of - Protein - positively regulates - BiologicalProcess - positively correlated with - PhenotypicFeature - located in - GrossAnatomicalStructure - location of - Disease'],What gene is most mechanistically related to the indication of Drug fluticasone propionate to Disease Pruritus ani?
3657,DB00588_MESH_D011656_1,DB:DB00588,MESH:D000068298,MESH:D011656,UniProt:P04150,fluticasone propionate,Pulmonary emphysema,Glucocorticoid receptor,NR3C1,"['MESH:D000068298', 'UniProt:P04150', 'GO:0071385', 'GO:0006954', 'UBERON:0002187', 'MESH:D011656']",6,5,1,['Drug - Protein - BiologicalProcess - GrossAnatomicalStructure - Disease'],['Drug - increases activity of - Protein - positively regulates - BiologicalProcess - occurs in - GrossAnatomicalStructure - location of - Disease'],What gene is most mechanistically related to the indication of Drug fluticasone propionate to Disease Pulmonary emphysema?
3658,DB00588_MESH_D065631_1,DB:DB00588,MESH:D000068298,MESH:D065631,UniProt:P04150,fluticasone propionate,Allergic rhinitis,Glucocorticoid receptor,NR3C1,"['MESH:D000068298', 'UniProt:P04150', 'GO:0071385', 'GO:0006954', 'MESH:D065631']",5,4,1,['Drug - Protein - BiologicalProcess - Disease'],['Drug - increases activity of - Protein - positively regulates - BiologicalProcess - positively correlated with - Disease'],What gene is most mechanistically related to the indication of Drug fluticasone propionate to Disease Allergic rhinitis?
3674,DB00153_MESH_D014808_1,DB:DB00153,DB:DB00153,MESH:D014808,UniProt:P11473,ergocalciferol,Vitamin D deficiency,Vitamin D3 receptor,VDR,"['DB:DB00153', 'CHEBI:86320', 'UniProt:P11473', 'GO:0070561', 'MESH:D014808']",5,4,1,['Drug - ChemicalSubstance - Protein - BiologicalProcess - Disease'],['Drug - has metabolite - ChemicalSubstance - increases activity of - Protein - positively regulates - BiologicalProcess - negatively correlated with - Disease'],What gene is most mechanistically related to the indication of Drug ergocalciferol to Disease Vitamin D deficiency?
3675,DB00153_MESH_D006996_1,DB:DB00153,DB:DB00153,MESH:D006996,UniProt:P11473,ergocalciferol,Hypocalcemia,Vitamin D3 receptor,VDR,"['DB:DB00153', 'CHEBI:86320', 'UniProt:P11473', 'GO:0070561', 'GO:0070509', 'MESH:D006996']",6,5,1,['Drug - ChemicalSubstance - Protein - BiologicalProcess - Disease'],['Drug - has metabolite - ChemicalSubstance - increases activity of - Protein - positively regulates - BiologicalProcess - negatively correlated with - Disease'],What gene is most mechanistically related to the indication of Drug ergocalciferol to Disease Hypocalcemia?
3676,DB00153_MESH_D007011_1,DB:DB00153,DB:DB00153,MESH:D007011,UniProt:P11473,ergocalciferol,Hypoparathyroidism,Vitamin D3 receptor,VDR,"['DB:DB00153', 'CHEBI:86320', 'UniProt:P11473', 'GO:0070561', 'GO:0070509', 'HP:0002901', 'MESH:D007011']",7,6,1,['Drug - ChemicalSubstance - Protein - BiologicalProcess - PhenotypicFeature - Disease'],['Drug - has metabolite - ChemicalSubstance - increases activity of - Protein - positively regulates - BiologicalProcess - negatively correlated with - PhenotypicFeature - positively correlated with - Disease'],What gene is most mechanistically related to the indication of Drug ergocalciferol to Disease Hypoparathyroidism?
3677,DB00153_MESH_D012279_1,DB:DB00153,DB:DB00153,MESH:D012279,UniProt:P11473,ergocalciferol,Rickets,Vitamin D3 receptor,VDR,"['DB:DB00153', 'CHEBI:86320', 'UniProt:P11473', 'GO:0070561', 'GO:0030282', 'MESH:D012279']",6,5,1,['Drug - ChemicalSubstance - Protein - BiologicalProcess - Disease'],['Drug - has metabolite - ChemicalSubstance - increases activity of - Protein - positively regulates - BiologicalProcess - negatively correlated with - Disease'],What gene is most mechanistically related to the indication of Drug ergocalciferol to Disease Rickets?
3678,DB00153_MESH_D053098_1,DB:DB00153,DB:DB00153,MESH:D053098,UniProt:P11473,ergocalciferol,Familial x-linked hypophosphatemic vitamin D refractory rickets,Vitamin D3 receptor,VDR,"['DB:DB00153', 'CHEBI:86320', 'UniProt:P11473', 'GO:0070561', 'GO:0030282', 'MESH:D053098']",6,5,1,['Drug - ChemicalSubstance - Protein - BiologicalProcess - Disease'],['Drug - has metabolite - ChemicalSubstance - increases activity of - Protein - positively regulates - BiologicalProcess - negatively correlated with - Disease'],What gene is most mechanistically related to the indication of Drug ergocalciferol to Disease Familial x-linked hypophosphatemic vitamin D refractory rickets?
3679,DB00153_MESH_D001361_1,DB:DB00153,DB:DB00153,MESH:D001361,UniProt:P11473,ergocalciferol,Vitamin deficiency,Vitamin D3 receptor,VDR,"['DB:DB00153', 'CHEBI:86320', 'UniProt:P11473', 'GO:0070561', 'MESH:D001361']",5,4,1,['Drug - ChemicalSubstance - Protein - BiologicalProcess - Disease'],['Drug - has metabolite - ChemicalSubstance - increases activity of - Protein - positively regulates - BiologicalProcess - negatively correlated with - Disease'],What gene is most mechanistically related to the indication of Drug ergocalciferol to Disease Vitamin deficiency?
3681,DB00224_MESH_D015658_1,DB:DB00224,MESH:D019469,MESH:D015658,UniProt:Q72874,indinavir,Human immunodeficiency virus infection,Protease,N/A,"['MESH:D019469', 'UniProt:Q72874', 'GO:0006508', 'taxonomy:11676', 'MESH:D015658']",5,4,1,['Drug - Protein - BiologicalProcess - OrganismTaxon - Disease'],['Drug - negatively regulates - Protein - positively regulates - BiologicalProcess - in taxon - OrganismTaxon - causes - Disease'],What gene is most mechanistically related to the indication of Drug indinavir to Disease Human immunodeficiency virus infection?
3682,DB00389_MESH_D006980_1,DB:DB00389,MESH:D002231,MESH:D006980,UniProt:P07202,carbimazole,Hyperthyroidism,Thyroid peroxidase,TPO,"['MESH:D002231', 'CHEBI:50673', 'UniProt:P07202', 'GO:0006590', 'MESH:D006980']",5,4,1,['Drug - ChemicalSubstance - Protein - BiologicalProcess - Disease'],['Drug - has metabolite - ChemicalSubstance - decreases activity of - Protein - participates in - BiologicalProcess - positively correlated with - Disease'],What gene is most mechanistically related to the indication of Drug carbimazole to Disease Hyperthyroidism?
3683,DB00389_MESH_D006111_1,DB:DB00389,MESH:D002231,MESH:D006111,UniProt:P07202,carbimazole,Graves' disease,Thyroid peroxidase,TPO,"['MESH:D002231', 'CHEBI:50673', 'UniProt:P07202', 'GO:0006590', 'HP:0000836', 'MESH:D006111']",6,5,1,['Drug - ChemicalSubstance - Protein - BiologicalProcess - PhenotypicFeature - Disease'],['Drug - has metabolite - ChemicalSubstance - decreases activity of - Protein - participates in - BiologicalProcess - positively correlated with - PhenotypicFeature - manifestation of - Disease'],What gene is most mechanistically related to the indication of Drug carbimazole to Disease Graves' disease?
3688,DB06290_MESH_D019698_1,DB:DB06290,MESH:D000069616,MESH:D019698,UniProt:Q91RS4,simeprevir,Chronic hepatitis C,Genome polyprotein,N/A,"['MESH:D000069616', 'UniProt:Q91RS4', 'GO:0046718', 'taxonomy:11103', 'MESH:D019698']",5,4,1,['Drug - Protein - BiologicalProcess - OrganismTaxon - Disease'],['Drug - decreases activity of - Protein - positively regulates - BiologicalProcess - in taxon - OrganismTaxon - causes - Disease'],What gene is most mechanistically related to the indication of Drug simeprevir to Disease Chronic hepatitis C?
3689,DB00275_MESH_D006973_1,DB:DB00275,MESH:D000068557,MESH:D006973,UniProt:P30556,Olmesartan Medoxomil,Hypertension,Type-1 angiotensin II receptor,AGTR1,"['MESH:D000068557', 'MESH:C437965', 'UniProt:P30556', 'GO:0042310', 'GO:0002018', 'GO:0003092', 'GO:0070294', 'HP:0032263', 'MESH:D006973']",9,10,1,['Drug - ChemicalSubstance - Protein - BiologicalProcess - PhenotypicFeature - Disease'],['Drug - has metabolite - ChemicalSubstance - negatively regulates - Protein - positively regulates - BiologicalProcess - positively correlated with - PhenotypicFeature - manifestation of - Disease'],What gene is most mechanistically related to the indication of Drug Olmesartan Medoxomil to Disease Hypertension?
3787,DB00187_MESH_D001281_1,DB:DB00187,MESH:C036604,MESH:D001281,UniProt:P08588,esmolol,Atrial fibrillation,Beta-1 adrenergic receptor,ADRB1,"['MESH:C036604', 'UniProt:P08588', 'InterPro:IPR030672', 'CHEBI:17489', 'GO:0070509', 'GO:0086003', 'MESH:D001281']",7,6,1,['Drug - Protein - GeneFamily - ChemicalSubstance - BiologicalProcess - Disease'],['Drug - decreases activity of - Protein - increases activity of - GeneFamily - increases abundance of - ChemicalSubstance - positively regulates - BiologicalProcess - positively correlated with - Disease'],What gene is most mechanistically related to the indication of Drug esmolol to Disease Atrial fibrillation?
3788,DB00187_MESH_D013617_1,DB:DB00187,MESH:C036604,MESH:D013617,UniProt:P08588,esmolol,Supraventricular tachycardia,Beta-1 adrenergic receptor,ADRB1,"['MESH:C036604', 'UniProt:P08588', 'InterPro:IPR030672', 'CHEBI:17489', 'GO:0070509', 'GO:0086003', 'MESH:D013617']",7,6,1,['Drug - Protein - GeneFamily - ChemicalSubstance - BiologicalProcess - Disease'],['Drug - decreases activity of - Protein - increases activity of - GeneFamily - increases abundance of - ChemicalSubstance - positively regulates - BiologicalProcess - positively correlated with - Disease'],What gene is most mechanistically related to the indication of Drug esmolol to Disease Supraventricular tachycardia?
3794,DB01409_MESH_D011656_1,DB:DB01409,MESH:D000069447,MESH:D011656,UniProt:P20309,tiotropium bromide,Pulmonary emphysema,Muscarinic acetylcholine receptor M3,CHRM3,"['MESH:D000069447', 'UniProt:P20309', 'GO:1905144', 'GO:0006939', 'UBERON:0002187', 'GO:0006954', 'MESH:D011656']",7,6,1,['Drug - Protein - BiologicalProcess - Disease'],['Drug - decreases activity of - Protein - participates in - BiologicalProcess - positively correlated with - Disease'],What gene is most mechanistically related to the indication of Drug tiotropium bromide to Disease Pulmonary emphysema?
3795,DB01409_MESH_D001249_1,DB:DB01409,MESH:D000069447,MESH:D001249,UniProt:P20309,tiotropium bromide,Asthma,Muscarinic acetylcholine receptor M3,CHRM3,"['MESH:D000069447', 'UniProt:P20309', 'GO:1905144', 'GO:0006939', 'UBERON:0002187', 'GO:0006954', 'MESH:D001249']",7,6,1,['Drug - Protein - BiologicalProcess - Disease'],['Drug - decreases activity of - Protein - participates in - BiologicalProcess - positively correlated with - Disease'],What gene is most mechanistically related to the indication of Drug tiotropium bromide to Disease Asthma?
3796,DB01409_MESH_D029481_1,DB:DB01409,MESH:D000069447,MESH:D029481,UniProt:P20309,tiotropium bromide,Chronic bronchitis,Muscarinic acetylcholine receptor M3,CHRM3,"['MESH:D000069447', 'UniProt:P20309', 'GO:1905144', 'GO:0006939', 'UBERON:0002187', 'GO:0006954', 'MESH:D029481']",7,6,1,['Drug - Protein - BiologicalProcess - Disease'],['Drug - decreases activity of - Protein - participates in - BiologicalProcess - positively correlated with - Disease'],What gene is most mechanistically related to the indication of Drug tiotropium bromide to Disease Chronic bronchitis?
3835,DB00319_MESH_D018410_1,DB:DB00319,MESH:D010878,MESH:D018410,UniProt:Q8DNB6,piperacillin,"Pneumonia, Bacterial",Penicillin-binding protein 2a,N/A,"['MESH:D010878', 'UniProt:Q8DNB6', 'GO:0009252', 'GO:0009273', 'taxonomy:1313', 'MESH:D018410']",6,5,1,['Drug - Protein - BiologicalProcess - OrganismTaxon - Disease'],['Drug - negatively regulates - Protein - positively regulates - BiologicalProcess - in taxon - OrganismTaxon - causes - Disease'],"What gene is most mechanistically related to the indication of Drug piperacillin to Disease Pneumonia, Bacterial?"
3849,DB01607_MESH_D016724_1,DB:DB01607,MESH:D013982,MESH:D016724,UniProt:Q8DNB6,ticarcillin,"Empyema, Pleural",Penicillin-binding protein 2a,N/A,"['MESH:D013982', 'UniProt:Q8DNB6', 'GO:0009252', 'GO:0009273', 'taxonomy:1313', 'MESH:D016724']",6,5,1,['Drug - Protein - BiologicalProcess - OrganismTaxon - Disease'],['Drug - negatively regulates - Protein - positively regulates - BiologicalProcess - in taxon - OrganismTaxon - causes - Disease'],"What gene is most mechanistically related to the indication of Drug ticarcillin to Disease Empyema, Pleural?"
3854,DB01607_MESH_D018410_1,DB:DB01607,MESH:D013982,MESH:D018410,UniProt:Q8DNB6,ticarcillin,"Pneumonia, Bacterial",Penicillin-binding protein 2a,N/A,"['MESH:D013982', 'UniProt:Q8DNB6', 'GO:0009252', 'GO:0009273', 'taxonomy:1313', 'MESH:D018410']",6,5,1,['Drug - Protein - BiologicalProcess - OrganismTaxon - Disease'],['Drug - negatively regulates - Protein - positively regulates - BiologicalProcess - in taxon - OrganismTaxon - causes - Disease'],"What gene is most mechanistically related to the indication of Drug ticarcillin to Disease Pneumonia, Bacterial?"
3855,DB01607_MESH_D011015_1,DB:DB01607,MESH:D013982,MESH:D011015,UniProt:Q8DNB6,ticarcillin,"Pneumonia, Aspiration",Penicillin-binding protein 2a,N/A,"['MESH:D013982', 'UniProt:Q8DNB6', 'GO:0009252', 'GO:0009273', 'taxonomy:1313', 'MESH:D011015']",6,5,1,['Drug - Protein - BiologicalProcess - OrganismTaxon - Disease'],['Drug - negatively regulates - Protein - positively regulates - BiologicalProcess - in taxon - OrganismTaxon - causes - Disease'],"What gene is most mechanistically related to the indication of Drug ticarcillin to Disease Pneumonia, Aspiration?"
4016,DB00741_MESH_C562390_1,DB:DB00741,MESH:D006854,MESH:C562390,UniProt:O15528,hydrocortisone,Humoral Hypercalcemia Of Malignancy,"25-hydroxyvitamin D-1 alpha hydroxylase, mitochondrial",CYP27B1,"['MESH:D006854', 'MESH:C007133', 'UniProt:O15528', 'GO:0006816', 'HP:0003072', 'MESH:D044162', 'MESH:C562390']",7,6,1,['Drug - ChemicalSubstance - Disease'],['Drug - produces - ChemicalSubstance - contributes to - Disease'],What gene is most mechanistically related to the indication of Drug hydrocortisone to Disease Humoral Hypercalcemia Of Malignancy?
4133,DB01620_MESH_D003139_1,DB:DB01620,MESH:D010632,MESH:D003139,UniProt:P35367,pheniramine,Common Cold,Histamine H1 receptor,HRH1,"['MESH:D010632', 'UniProt:P35367', 'GO:0004969', 'GO:0071420', 'GO:0006954', 'HP:0001742', 'MESH:D003139']",7,6,1,['Drug - Protein - MolecularActivity - BiologicalProcess - PhenotypicFeature - Disease'],['Drug - decreases activity of - Protein - positively regulates - MolecularActivity - positively regulates - BiologicalProcess - positively correlated with - PhenotypicFeature - positively correlated with - Disease'],What gene is most mechanistically related to the indication of Drug pheniramine to Disease Common Cold?
4134,DB01620_MESH_D003233_1,DB:DB01620,MESH:D010632,MESH:D003233,UniProt:P35367,pheniramine,Allergic conjunctivitis,Histamine H1 receptor,HRH1,"['MESH:D010632', 'UniProt:P35367', 'GO:0004969', 'GO:0071420', 'GO:0006954', 'MESH:D000485', 'MESH:D003233']",7,6,1,['Drug - Protein - MolecularActivity - BiologicalProcess - ChemicalSubstance - Disease'],['Drug - decreases activity of - Protein - positively regulates - MolecularActivity - positively regulates - BiologicalProcess - positively correlated with - ChemicalSubstance - contributes to - Disease'],What gene is most mechanistically related to the indication of Drug pheniramine to Disease Allergic conjunctivitis?
4135,DB01620_MESH_D003371_1,DB:DB01620,MESH:D010632,MESH:D003371,UniProt:P35367,pheniramine,Cough,Histamine H1 receptor,HRH1,"['MESH:D010632', 'UniProt:P35367', 'GO:0004969', 'GO:0071420', 'GO:0006954', 'MESH:D003371']",6,5,1,['Drug - Protein - MolecularActivity - BiologicalProcess - Disease'],['Drug - decreases activity of - Protein - positively regulates - MolecularActivity - positively regulates - BiologicalProcess - positively correlated with - Disease'],What gene is most mechanistically related to the indication of Drug pheniramine to Disease Cough?
4136,DB01620_MESH_D005334_1,DB:DB01620,MESH:D010632,MESH:D005334,UniProt:P35367,pheniramine,Fever,Histamine H1 receptor,HRH1,"['MESH:D010632', 'UniProt:P35367', 'GO:0004969', 'GO:0071420', 'GO:0006954', 'HP:0004370', 'MESH:D005334']",7,6,1,['Drug - Protein - MolecularActivity - BiologicalProcess - PhenotypicFeature - Disease'],['Drug - decreases activity of - Protein - positively regulates - MolecularActivity - positively regulates - BiologicalProcess - positively correlated with - PhenotypicFeature - manifestation of - Disease'],What gene is most mechanistically related to the indication of Drug pheniramine to Disease Fever?
4137,DB01620_MESH_D020773_1,DB:DB01620,MESH:D010632,MESH:D020773,UniProt:P35367,pheniramine,Headache Disorders,Histamine H1 receptor,HRH1,"['MESH:D010632', 'UniProt:P35367', 'GO:0004969', 'GO:0071420', 'GO:0006954', 'HP:0012531', 'MESH:D020773']",7,6,1,['Drug - Protein - MolecularActivity - BiologicalProcess - PhenotypicFeature - Disease'],['Drug - decreases activity of - Protein - positively regulates - MolecularActivity - positively regulates - BiologicalProcess - has phenotype - PhenotypicFeature - contributes to - Disease'],What gene is most mechanistically related to the indication of Drug pheniramine to Disease Headache Disorders?
4138,DB01620_MESH_D010612_1,DB:DB01620,MESH:D010632,MESH:D010612,UniProt:P35367,pheniramine,Pharyngitis,Histamine H1 receptor,HRH1,"['MESH:D010632', 'UniProt:P35367', 'GO:0004969', 'GO:0071420', 'GO:0006954', 'UBERON:0006562', 'MESH:D010612']",7,6,1,['Drug - Protein - MolecularActivity - BiologicalProcess - GrossAnatomicalStructure - Disease'],['Drug - decreases activity of - Protein - positively regulates - MolecularActivity - positively regulates - BiologicalProcess - occurs in - GrossAnatomicalStructure - location of - Disease'],What gene is most mechanistically related to the indication of Drug pheniramine to Disease Pharyngitis?
4139,DB01620_MESH_D011537_1,DB:DB01620,MESH:D010632,MESH:D011537,UniProt:P35367,pheniramine,Pruritus,Histamine H1 receptor,HRH1,"['MESH:D010632', 'UniProt:P35367', 'GO:0004969', 'GO:0071420', 'GO:0006954', 'MESH:D011537']",6,5,1,['Drug - Protein - MolecularActivity - BiologicalProcess - Disease'],['Drug - decreases activity of - Protein - positively regulates - MolecularActivity - positively regulates - BiologicalProcess - causes - Disease'],What gene is most mechanistically related to the indication of Drug pheniramine to Disease Pruritus?
4140,DB01620_MESH_D065631_1,DB:DB01620,MESH:D010632,MESH:D065631,UniProt:P35367,pheniramine,Allergic rhinitis,Histamine H1 receptor,HRH1,"['MESH:D010632', 'UniProt:P35367', 'GO:0004969', 'GO:0071420', 'GO:0006954', 'MESH:D000485', 'MESH:D065631']",7,6,1,['Drug - Protein - MolecularActivity - BiologicalProcess - ChemicalSubstance - Disease'],['Drug - decreases activity of - Protein - positively regulates - MolecularActivity - positively regulates - BiologicalProcess - positively correlated with - ChemicalSubstance - contributes to - Disease'],What gene is most mechanistically related to the indication of Drug pheniramine to Disease Allergic rhinitis?
4141,DB01620_MESH_D006255_1,DB:DB01620,MESH:D010632,MESH:D006255,UniProt:P35367,pheniramine,"Rhinitis, Allergic, Seasonal",Histamine H1 receptor,HRH1,"['MESH:D010632', 'UniProt:P35367', 'GO:0004969', 'GO:0071420', 'GO:0006954', 'MESH:D000485', 'MESH:D006255']",7,6,1,['Drug - Protein - MolecularActivity - BiologicalProcess - ChemicalSubstance - Disease'],['Drug - decreases activity of - Protein - positively regulates - MolecularActivity - positively regulates - BiologicalProcess - positively correlated with - ChemicalSubstance - contributes to - Disease'],"What gene is most mechanistically related to the indication of Drug pheniramine to Disease Rhinitis, Allergic, Seasonal?"
4142,DB01620_MESH_D012912_1,DB:DB01620,MESH:D010632,MESH:D012912,UniProt:P35367,pheniramine,Sneezing,Histamine H1 receptor,HRH1,"['MESH:D010632', 'UniProt:P35367', 'GO:0004969', 'GO:0071420', 'GO:0006954', 'MESH:D012912']",6,5,1,['Drug - Protein - MolecularActivity - BiologicalProcess - Disease'],['Drug - decreases activity of - Protein - positively regulates - MolecularActivity - positively regulates - BiologicalProcess - causes - Disease'],What gene is most mechanistically related to the indication of Drug pheniramine to Disease Sneezing?
4143,DB01620_MESH_D014581_1,DB:DB01620,MESH:D010632,MESH:D014581,UniProt:P35367,pheniramine,Urticaria,Histamine H1 receptor,HRH1,"['MESH:D010632', 'UniProt:P35367', 'GO:0004969', 'GO:0071420', 'GO:0006954', 'HP:0000988', 'MESH:D014581']",7,6,1,['Drug - Protein - MolecularActivity - BiologicalProcess - PhenotypicFeature - Disease'],['Drug - decreases activity of - Protein - positively regulates - MolecularActivity - positively regulates - BiologicalProcess - positively correlated with - PhenotypicFeature - manifestation of - Disease'],What gene is most mechanistically related to the indication of Drug pheniramine to Disease Urticaria?
4144,DB01620_MESH_D012223_1,DB:DB01620,MESH:D010632,MESH:D012223,UniProt:P35367,pheniramine,"Rhinitis, Vasomotor",Histamine H1 receptor,HRH1,"['MESH:D010632', 'UniProt:P35367', 'GO:0004969', 'GO:0071420', 'GO:0006954', 'HP:0001742', 'MESH:D012223']",7,6,1,['Drug - Protein - MolecularActivity - BiologicalProcess - PhenotypicFeature - Disease'],['Drug - decreases activity of - Protein - positively regulates - MolecularActivity - positively regulates - BiologicalProcess - positively correlated with - PhenotypicFeature - positively correlated with - Disease'],"What gene is most mechanistically related to the indication of Drug pheniramine to Disease Rhinitis, Vasomotor?"
4145,DB01026_MESH_D000308_1,DB:DB01026,MESH:D007654,MESH:D000308,UniProt:P05093,ketoconazole,Adrenocortical Hyperfunction,"Steroid 17-alpha-hydroxylase/17,20 lyase",CYP17A1,"['MESH:D007654', 'UniProt:P05093', 'GO:0006704', 'MESH:D005938', 'MESH:D000308']",5,4,1,['Drug - Protein - BiologicalProcess - ChemicalSubstance - Disease'],['Drug - decreases activity of - Protein - positively regulates - BiologicalProcess - increases abundance of - ChemicalSubstance - positively correlated with - Disease'],What gene is most mechanistically related to the indication of Drug ketoconazole to Disease Adrenocortical Hyperfunction?
4147,DB01026_MESH_D002179_1,DB:DB01026,MESH:D007654,MESH:D002179,UniProt:P10613,ketoconazole,"Candidiasis, Cutaneous",Lanosterol 14-alpha-demethylase,N/A,"['MESH:D007654', 'UniProt:P10613', 'GO:0006696', 'GO:0042546', 'taxonomy:5476', 'MESH:D002179']",6,5,1,['Drug - Protein - BiologicalProcess - OrganismTaxon - Disease'],['Drug - decreases activity of - Protein - positively regulates - BiologicalProcess - occurs in - OrganismTaxon - causes - Disease'],"What gene is most mechanistically related to the indication of Drug ketoconazole to Disease Candidiasis, Cutaneous?"
4148,DB01026_MESH_D002180_1,DB:DB01026,MESH:D007654,MESH:D002180,UniProt:P10613,ketoconazole,"Candidiasis, Oral",Lanosterol 14-alpha-demethylase,N/A,"['MESH:D007654', 'UniProt:P10613', 'GO:0006696', 'GO:0042546', 'taxonomy:5476', 'MESH:D002180']",6,5,1,['Drug - Protein - BiologicalProcess - OrganismTaxon - Disease'],['Drug - decreases activity of - Protein - positively regulates - BiologicalProcess - occurs in - OrganismTaxon - causes - Disease'],"What gene is most mechanistically related to the indication of Drug ketoconazole to Disease Candidiasis, Oral?"
4154,DB01026_MESH_C536777_1,DB:DB01026,MESH:D007654,MESH:C536777,UniProt:P10613,ketoconazole,Systemic candidiasis,Lanosterol 14-alpha-demethylase,N/A,"['MESH:D007654', 'UniProt:P10613', 'GO:0006696', 'GO:0042546', 'taxonomy:5476', 'MESH:C536777']",6,5,1,['Drug - Protein - BiologicalProcess - OrganismTaxon - Disease'],['Drug - decreases activity of - Protein - positively regulates - BiologicalProcess - occurs in - OrganismTaxon - causes - Disease'],What gene is most mechanistically related to the indication of Drug ketoconazole to Disease Systemic candidiasis?
4157,DB00420_MESH_D000799_1,DB:DB00420,MESH:D011395,MESH:D000799,UniProt:P35367,promazine,Angioedema,Histamine H1 receptor,HRH1,"['MESH:D011395', 'UniProt:P35367', 'GO:0004969', 'GO:0071420', 'GO:0006954', 'HP:0000969', 'MESH:D000799']",7,6,1,['Drug - Protein - MolecularActivity - BiologicalProcess - PhenotypicFeature - Disease'],['Drug - decreases activity of - Protein - positively regulates - MolecularActivity - positively regulates - BiologicalProcess - positively correlated with - PhenotypicFeature - manifestation of - Disease'],What gene is most mechanistically related to the indication of Drug promazine to Disease Angioedema?
4158,DB00420_MESH_D019958_1,DB:DB00420,MESH:D011395,MESH:D019958,UniProt:P14416,promazine,Attention Deficit and Disruptive Behavior Disorders,D(2) dopamine receptor,DRD2,"['MESH:D011395', 'UniProt:P14416', 'GO:0035240', 'MESH:D004298', 'HP:0008760', 'HP:0000708', 'MESH:D019958']",7,7,1,['Drug - Protein - MolecularActivity - ChemicalSubstance - PhenotypicFeature - Disease'],['Drug - decreases activity of - Protein - positively regulates - MolecularActivity - positively correlated with - ChemicalSubstance - contributes to - PhenotypicFeature - manifestation of - Disease'],What gene is most mechanistically related to the indication of Drug promazine to Disease Attention Deficit and Disruptive Behavior Disorders?
4159,DB00420_MESH_D003233_1,DB:DB00420,MESH:D011395,MESH:D003233,UniProt:P35367,promazine,Allergic conjunctivitis,Histamine H1 receptor,HRH1,"['MESH:D011395', 'UniProt:P35367', 'GO:0004969', 'GO:0071420', 'GO:0006954', 'MESH:D014839', 'MESH:D003233']",7,6,1,['Drug - Protein - MolecularActivity - BiologicalProcess - ChemicalSubstance - Disease'],['Drug - decreases activity of - Protein - positively regulates - MolecularActivity - positively regulates - BiologicalProcess - positively correlated with - ChemicalSubstance - contributes to - Disease'],What gene is most mechanistically related to the indication of Drug promazine to Disease Allergic conjunctivitis?
4162,DB00420_MESH_D011537_1,DB:DB00420,MESH:D011395,MESH:D011537,UniProt:P35367,promazine,Pruritus,Histamine H1 receptor,HRH1,"['MESH:D011395', 'UniProt:P35367', 'GO:0004969', 'GO:0071420', 'GO:0006954', 'MESH:D011537']",6,5,1,['Drug - Protein - MolecularActivity - BiologicalProcess - Disease'],['Drug - decreases activity of - Protein - positively regulates - MolecularActivity - positively regulates - BiologicalProcess - causes - Disease'],What gene is most mechanistically related to the indication of Drug promazine to Disease Pruritus?
4163,DB00420_MESH_D011618_1,DB:DB00420,MESH:D011395,MESH:D011618,UniProt:P14416,promazine,Psychotic Disorders,D(2) dopamine receptor,DRD2,"['MESH:D011395', 'UniProt:P14416', 'GO:0035240', 'MESH:D004298', 'HP:0000738', 'HP:0000746', 'MESH:D011618']",7,7,1,['Drug - Protein - MolecularActivity - ChemicalSubstance - PhenotypicFeature - Disease'],['Drug - decreases activity of - Protein - positively regulates - MolecularActivity - positively correlated with - ChemicalSubstance - contributes to - PhenotypicFeature - manifestation of - Disease'],What gene is most mechanistically related to the indication of Drug promazine to Disease Psychotic Disorders?
4164,DB00420_MESH_D065631_1,DB:DB00420,MESH:D011395,MESH:D065631,UniProt:P35367,promazine,Allergic rhinitis,Histamine H1 receptor,HRH1,"['MESH:D011395', 'UniProt:P35367', 'GO:0004969', 'GO:0071420', 'GO:0006954', 'MESH:D014839', 'MESH:D065631']",7,6,1,['Drug - Protein - MolecularActivity - BiologicalProcess - ChemicalSubstance - Disease'],['Drug - decreases activity of - Protein - positively regulates - MolecularActivity - positively regulates - BiologicalProcess - positively correlated with - ChemicalSubstance - contributes to - Disease'],What gene is most mechanistically related to the indication of Drug promazine to Disease Allergic rhinitis?
4165,DB00420_MESH_D012559_1,DB:DB00420,MESH:D011395,MESH:D012559,UniProt:P14416,promazine,Schizophrenia,D(2) dopamine receptor,DRD2,"['MESH:D011395', 'UniProt:P14416', 'GO:0035240', 'MESH:D004298', 'HP:0000738', 'HP:0011999', 'MESH:D012559']",7,7,1,['Drug - Protein - MolecularActivity - ChemicalSubstance - PhenotypicFeature - Disease'],['Drug - decreases activity of - Protein - positively regulates - MolecularActivity - positively correlated with - ChemicalSubstance - contributes to - PhenotypicFeature - manifestation of - Disease'],What gene is most mechanistically related to the indication of Drug promazine to Disease Schizophrenia?
4166,DB00420_MESH_D012912_1,DB:DB00420,MESH:D011395,MESH:D012912,UniProt:P35367,promazine,Sneezing,Histamine H1 receptor,HRH1,"['MESH:D011395', 'UniProt:P35367', 'GO:0004969', 'GO:0071420', 'GO:0006954', 'MESH:D012912']",6,5,1,['Drug - Protein - MolecularActivity - BiologicalProcess - Disease'],['Drug - decreases activity of - Protein - positively regulates - MolecularActivity - positively regulates - BiologicalProcess - causes - Disease'],What gene is most mechanistically related to the indication of Drug promazine to Disease Sneezing?
4167,DB00420_MESH_D014581_1,DB:DB00420,MESH:D011395,MESH:D014581,UniProt:P35367,promazine,Urticaria,Histamine H1 receptor,HRH1,"['MESH:D011395', 'UniProt:P35367', 'GO:0004969', 'GO:0071420', 'GO:0006954', 'HP:0000988', 'MESH:D014581']",7,6,1,['Drug - Protein - MolecularActivity - BiologicalProcess - PhenotypicFeature - Disease'],['Drug - decreases activity of - Protein - positively regulates - MolecularActivity - positively regulates - BiologicalProcess - positively correlated with - PhenotypicFeature - manifestation of - Disease'],What gene is most mechanistically related to the indication of Drug promazine to Disease Urticaria?
4180,DB14512_MESH_D001249_1,DB:DB14512,MESH:D000068656,MESH:D001249,UniProt:P04150,mometasone furoate,Asthma,Glucocorticoid receptor,NR3C1,"['MESH:D000068656', 'UniProt:P04150', 'GO:0071385', 'GO:0006954', 'HP:0030828', 'HP:0012735', 'MESH:D001249']",7,7,1,['Drug - Protein - BiologicalProcess - PhenotypicFeature - Disease'],['Drug - increases activity of - Protein - positively regulates - BiologicalProcess - positively correlated with - PhenotypicFeature - manifestation of - Disease'],What gene is most mechanistically related to the indication of Drug mometasone furoate to Disease Asthma?
4181,DB14512_MESH_D003876_1,DB:DB14512,MESH:D000068656,MESH:D003876,UniProt:P04150,mometasone furoate,Atopic dermatitis,Glucocorticoid receptor,NR3C1,"['MESH:D000068656', 'UniProt:P04150', 'GO:0071385', 'GO:0006954', 'HP:0000989', 'MESH:D003876']",6,5,1,['Drug - Protein - BiologicalProcess - PhenotypicFeature - Disease'],['Drug - increases activity of - Protein - positively regulates - BiologicalProcess - positively correlated with - PhenotypicFeature - manifestation of - Disease'],What gene is most mechanistically related to the indication of Drug mometasone furoate to Disease Atopic dermatitis?
4182,DB14512_MESH_D003877_1,DB:DB14512,MESH:D000068656,MESH:D003877,UniProt:P04150,mometasone furoate,Contact dermatitis,Glucocorticoid receptor,NR3C1,"['MESH:D000068656', 'UniProt:P04150', 'GO:0071385', 'GO:0006954', 'HP:0000989', 'HP:0000988', 'MESH:D003877']",7,7,1,['Drug - Protein - BiologicalProcess - PhenotypicFeature - Disease'],['Drug - increases activity of - Protein - positively regulates - BiologicalProcess - positively correlated with - PhenotypicFeature - manifestation of - Disease'],What gene is most mechanistically related to the indication of Drug mometasone furoate to Disease Contact dermatitis?
4183,DB14512_MESH_D012628_1,DB:DB14512,MESH:D000068656,MESH:D012628,UniProt:P04150,mometasone furoate,Seborrheic dermatitis,Glucocorticoid receptor,NR3C1,"['MESH:D000068656', 'UniProt:P04150', 'GO:0071385', 'GO:0006954', 'MESH:D012628']",5,4,1,['Drug - Protein - BiologicalProcess - Disease'],['Drug - increases activity of - Protein - positively regulates - BiologicalProcess - positively correlated with - Disease'],What gene is most mechanistically related to the indication of Drug mometasone furoate to Disease Seborrheic dermatitis?
4184,DB14512_MESH_D005076_1,DB:DB14512,MESH:D000068656,MESH:D005076,UniProt:P04150,mometasone furoate,Eruption of skin,Glucocorticoid receptor,NR3C1,"['MESH:D000068656', 'UniProt:P04150', 'GO:0071385', 'GO:0006954', 'HP:0000988', 'MESH:D005076']",6,5,1,['Drug - Protein - BiologicalProcess - PhenotypicFeature - Disease'],['Drug - increases activity of - Protein - positively regulates - BiologicalProcess - positively correlated with - PhenotypicFeature - manifestation of - Disease'],What gene is most mechanistically related to the indication of Drug mometasone furoate to Disease Eruption of skin?
4185,DB14512_MESH_D016460_1,DB:DB14512,MESH:D000068656,MESH:D016460,UniProt:P04150,mometasone furoate,Granuloma annulare,Glucocorticoid receptor,NR3C1,"['MESH:D000068656', 'UniProt:P04150', 'GO:0071385', 'GO:0006954', 'HP:0011123', 'MESH:D016460']",6,5,1,['Drug - Protein - BiologicalProcess - PhenotypicFeature - Disease'],['Drug - increases activity of - Protein - positively regulates - BiologicalProcess - positively correlated with - PhenotypicFeature - positively correlated with - Disease'],What gene is most mechanistically related to the indication of Drug mometasone furoate to Disease Granuloma annulare?
4186,DB14512_MESH_D008179_1,DB:DB14512,MESH:D000068656,MESH:D008179,UniProt:P04150,mometasone furoate,Discoid lupus erythematosus,Glucocorticoid receptor,NR3C1,"['MESH:D000068656', 'UniProt:P04150', 'GO:0071385', 'GO:0006954', 'MESH:D008179']",5,4,1,['Drug - Protein - BiologicalProcess - Disease'],['Drug - increases activity of - Protein - positively regulates - BiologicalProcess - positively correlated with - Disease'],What gene is most mechanistically related to the indication of Drug mometasone furoate to Disease Discoid lupus erythematosus?
4187,DB14512_MESH_D016410_1,DB:DB14512,MESH:D000068656,MESH:D016410,UniProt:P04150,mometasone furoate,Primary cutaneous T-cell lymphoma,Glucocorticoid receptor,NR3C1,"['MESH:D000068656', 'UniProt:P04150', 'GO:0071385', 'GO:0006954', 'HP:0002665', 'MESH:D016410']",6,5,1,['Drug - Protein - BiologicalProcess - PhenotypicFeature - Disease'],['Drug - increases activity of - Protein - positively regulates - BiologicalProcess - positively correlated with - PhenotypicFeature - contributes to - Disease'],What gene is most mechanistically related to the indication of Drug mometasone furoate to Disease Primary cutaneous T-cell lymphoma?
4188,DB14512_MESH_D009450_1,DB:DB14512,MESH:D000068656,MESH:D009450,UniProt:P04150,mometasone furoate,Lichen simplex chronicus,Glucocorticoid receptor,NR3C1,"['MESH:D000068656', 'UniProt:P04150', 'GO:0071385', 'GO:0006954', 'HP:0000989', 'MESH:D009450']",6,5,1,['Drug - Protein - BiologicalProcess - PhenotypicFeature - Disease'],['Drug - increases activity of - Protein - positively regulates - BiologicalProcess - positively correlated with - PhenotypicFeature - manifestation of - Disease'],What gene is most mechanistically related to the indication of Drug mometasone furoate to Disease Lichen simplex chronicus?
4189,DB14512_MESH_D065631_1,DB:DB14512,MESH:D000068656,MESH:D065631,UniProt:P04150,mometasone furoate,Allergic rhinitis,Glucocorticoid receptor,NR3C1,"['MESH:D000068656', 'UniProt:P04150', 'GO:0071385', 'GO:0006954', 'MESH:D065631']",5,4,1,['Drug - Protein - BiologicalProcess - Disease'],['Drug - increases activity of - Protein - positively regulates - BiologicalProcess - positively correlated with - Disease'],What gene is most mechanistically related to the indication of Drug mometasone furoate to Disease Allergic rhinitis?
4190,DB14512_MESH_D011538_1,DB:DB14512,MESH:D000068656,MESH:D011538,UniProt:P04150,mometasone furoate,Pruritus ani,Glucocorticoid receptor,NR3C1,"['MESH:D000068656', 'UniProt:P04150', 'GO:0071385', 'GO:0006954', 'HP:0000989', 'UBERON:0001245', 'MESH:D011538']",7,6,1,['Drug - Protein - BiologicalProcess - PhenotypicFeature - GrossAnatomicalStructure - Disease'],['Drug - increases activity of - Protein - positively regulates - BiologicalProcess - positively correlated with - PhenotypicFeature - located in - GrossAnatomicalStructure - location of - Disease'],What gene is most mechanistically related to the indication of Drug mometasone furoate to Disease Pruritus ani?
4217,DB00959_MESH_C562390_1,DB:DB00959,MESH:D008775,MESH:C562390,UniProt:O15528,methylprednisolone,Humoral Hypercalcemia Of Malignancy,"25-hydroxyvitamin D-1 alpha hydroxylase, mitochondrial",CYP27B1,"['MESH:D008775', 'UniProt:O15528', 'GO:0006816', 'HP:0003072', 'MESH:D044162', 'MESH:C562390']",6,5,1,['Drug - Protein - BiologicalProcess - PhenotypicFeature - ChemicalSubstance - Disease'],['Drug - decreases activity of - Protein - participates in - BiologicalProcess - positively correlated with - PhenotypicFeature - caused by - ChemicalSubstance - contributes to - Disease'],What gene is most mechanistically related to the indication of Drug methylprednisolone to Disease Humoral Hypercalcemia Of Malignancy?
4398,DB02703_MESH_D000152_1,DB:DB02703,MESH:D005672,MESH:D000152,UniProt:P68790,fusidic acid,Acne Vulgaris,Elongation factor G,N/A,"['MESH:D005672', 'UniProt:P68790', 'GO:0006412', 'taxonomy:1280', 'MESH:D000152']",5,4,1,['Drug - Protein - BiologicalProcess - OrganismTaxon - Disease'],['Drug - decreases activity of - Protein - positively regulates - BiologicalProcess - occurs in - OrganismTaxon - causes - Disease'],What gene is most mechanistically related to the indication of Drug fusidic acid to Disease Acne Vulgaris?
4400,DB02703_MESH_D000881_2,DB:DB02703,MESH:D005672,MESH:D000881,UniProt:Q81VT3,fusidic acid,Anthrax,Elongation factor G,N/A,"['MESH:D005672', 'UniProt:Q81VT3', 'GO:0006412', 'taxonomy:1392', 'MESH:D000881']",5,4,1,['Drug - Protein - BiologicalProcess - OrganismTaxon - Disease'],['Drug - decreases activity of - Protein - positively regulates - BiologicalProcess - occurs in - OrganismTaxon - causes - Disease'],What gene is most mechanistically related to the indication of Drug fusidic acid to Disease Anthrax?
4401,DB02703_MESH_D001474_1,DB:DB02703,MESH:D005672,MESH:D001474,UniProt:Q6FZB9,fusidic acid,Bartonella Infections,Elongation factor G,N/A,"['MESH:D005672', 'UniProt:Q6FZB9', 'GO:0006412', 'taxonomy:773', 'MESH:D001474']",5,4,1,['Drug - Protein - BiologicalProcess - OrganismTaxon - Disease'],['Drug - decreases activity of - Protein - positively regulates - BiologicalProcess - occurs in - OrganismTaxon - causes - Disease'],What gene is most mechanistically related to the indication of Drug fusidic acid to Disease Bartonella Infections?
4402,DB02703_MESH_D001907_1,DB:DB02703,MESH:D005672,MESH:D001907,UniProt:Q92J93,fusidic acid,Boutonneuse Fever,Elongation factor G 1,N/A,"['MESH:D005672', 'UniProt:Q92J93', 'GO:0006412', 'taxonomy:781', 'MESH:D001907']",5,4,1,['Drug - Protein - BiologicalProcess - OrganismTaxon - Disease'],['Drug - decreases activity of - Protein - positively regulates - BiologicalProcess - occurs in - OrganismTaxon - causes - Disease'],What gene is most mechanistically related to the indication of Drug fusidic acid to Disease Boutonneuse Fever?
4403,DB02703_MESH_D001991_1,DB:DB02703,MESH:D005672,MESH:D001991,UniProt:P75544,fusidic acid,Bronchitis,Elongation factor G,N/A,"['MESH:D005672', 'UniProt:P75544', 'GO:0006412', 'taxonomy:2104', 'MESH:D001991']",5,4,1,['Drug - Protein - BiologicalProcess - OrganismTaxon - Disease'],['Drug - decreases activity of - Protein - positively regulates - BiologicalProcess - occurs in - OrganismTaxon - causes - Disease'],What gene is most mechanistically related to the indication of Drug fusidic acid to Disease Bronchitis?
4404,DB02703_MESH_D002006_1,DB:DB02703,MESH:D005672,MESH:D002006,UniProt:Q57CQ5,fusidic acid,Brucellosis,Elongation factor G,N/A,"['MESH:D005672', 'UniProt:Q57CQ5', 'GO:0006412', 'taxonomy:234', 'MESH:D002006']",5,4,1,['Drug - Protein - BiologicalProcess - OrganismTaxon - Disease'],['Drug - decreases activity of - Protein - positively regulates - BiologicalProcess - occurs in - OrganismTaxon - causes - Disease'],What gene is most mechanistically related to the indication of Drug fusidic acid to Disease Brucellosis?
4405,DB02703_MESH_D002602_1,DB:DB02703,MESH:D005672,MESH:D002602,UniProt:Q7VNA2,fusidic acid,Chancroid,Elongation factor G,N/A,"['MESH:D005672', 'UniProt:Q7VNA2', 'GO:0006412', 'taxonomy:730', 'MESH:D002602']",5,4,1,['Drug - Protein - BiologicalProcess - OrganismTaxon - Disease'],['Drug - decreases activity of - Protein - positively regulates - BiologicalProcess - occurs in - OrganismTaxon - causes - Disease'],What gene is most mechanistically related to the indication of Drug fusidic acid to Disease Chancroid?
4406,DB02703_MESH_D002690_1,DB:DB02703,MESH:D005672,MESH:D002690,UniProt:O84444,fusidic acid,Chlamydia Infections,Elongation factor G,N/A,"['MESH:D005672', 'UniProt:O84444', 'GO:0006412', 'taxonomy:813', 'MESH:D002690']",5,4,1,['Drug - Protein - BiologicalProcess - OrganismTaxon - Disease'],['Drug - decreases activity of - Protein - positively regulates - BiologicalProcess - occurs in - OrganismTaxon - causes - Disease'],What gene is most mechanistically related to the indication of Drug fusidic acid to Disease Chlamydia Infections?
4408,DB02703_MESH_D002771_1,DB:DB02703,MESH:D005672,MESH:D002771,UniProt:Q9KUZ7,fusidic acid,Cholera,Elongation factor G 1,N/A,"['MESH:D005672', 'UniProt:Q9KUZ7', 'GO:0006412', 'taxonomy:666', 'MESH:D002771']",5,4,1,['Drug - Protein - BiologicalProcess - OrganismTaxon - Disease'],['Drug - decreases activity of - Protein - positively regulates - BiologicalProcess - occurs in - OrganismTaxon - causes - Disease'],What gene is most mechanistically related to the indication of Drug fusidic acid to Disease Cholera?
4412,DB02703_MESH_C531621_1,DB:DB02703,MESH:D005672,MESH:C531621,UniProt:Q81VT3,fusidic acid,Cutaneous anthrax,Elongation factor G,N/A,"['MESH:D005672', 'UniProt:Q81VT3', 'GO:0006412', 'taxonomy:1392', 'MESH:C531621']",5,4,1,['Drug - Protein - BiologicalProcess - OrganismTaxon - Disease'],['Drug - decreases activity of - Protein - positively regulates - BiologicalProcess - occurs in - OrganismTaxon - causes - Disease'],What gene is most mechanistically related to the indication of Drug fusidic acid to Disease Cutaneous anthrax?
4413,DB02703_MESH_D003607_1,DB:DB02703,MESH:D005672,MESH:D003607,UniProt:P68790,fusidic acid,Dacryocystitis,Elongation factor G,N/A,"['MESH:D005672', 'UniProt:P68790', 'GO:0006412', 'taxonomy:1280', 'MESH:D003607']",5,4,1,['Drug - Protein - BiologicalProcess - OrganismTaxon - Disease'],['Drug - decreases activity of - Protein - positively regulates - BiologicalProcess - occurs in - OrganismTaxon - causes - Disease'],What gene is most mechanistically related to the indication of Drug fusidic acid to Disease Dacryocystitis?
4414,DB02703_MESH_D004756_1,DB:DB02703,MESH:D005672,MESH:D004756,UniProt:V5AL63,fusidic acid,Enterobacteriaceae Infections,Elongation factor G,N/A,"['MESH:D005672', 'UniProt:V5AL63', 'GO:0006412', 'taxonomy:543', 'MESH:D004756']",5,4,1,['Drug - Protein - BiologicalProcess - OrganismTaxon - Disease'],['Drug - decreases activity of - Protein - positively regulates - BiologicalProcess - occurs in - OrganismTaxon - causes - Disease'],What gene is most mechanistically related to the indication of Drug fusidic acid to Disease Enterobacteriaceae Infections?
4415,DB02703_MESH_D004927_1,DB:DB02703,MESH:D005672,MESH:D004927,UniProt:P0A6M8,fusidic acid,Escherichia coli Infections,Elongation factor G,N/A,"['MESH:D005672', 'UniProt:P0A6M8', 'GO:0006412', 'taxonomy:562', 'MESH:D004927']",5,4,1,['Drug - Protein - BiologicalProcess - OrganismTaxon - Disease'],['Drug - decreases activity of - Protein - positively regulates - BiologicalProcess - occurs in - OrganismTaxon - causes - Disease'],What gene is most mechanistically related to the indication of Drug fusidic acid to Disease Escherichia coli Infections?
4416,DB02703_MESH_D005499_1,DB:DB02703,MESH:D005672,MESH:D005499,UniProt:P68790,fusidic acid,Folliculitis,Elongation factor G,N/A,"['MESH:D005672', 'UniProt:P68790', 'GO:0006412', 'taxonomy:1280', 'MESH:D005499']",5,4,1,['Drug - Protein - BiologicalProcess - OrganismTaxon - Disease'],['Drug - decreases activity of - Protein - positively regulates - BiologicalProcess - occurs in - OrganismTaxon - causes - Disease'],What gene is most mechanistically related to the indication of Drug fusidic acid to Disease Folliculitis?
4417,DB02703_MESH_D005667_1,DB:DB02703,MESH:D005672,MESH:D005667,UniProt:P68790,fusidic acid,Furunculosis,Elongation factor G,N/A,"['MESH:D005672', 'UniProt:P68790', 'GO:0006412', 'taxonomy:1280', 'MESH:D005667']",5,4,1,['Drug - Protein - BiologicalProcess - OrganismTaxon - Disease'],['Drug - decreases activity of - Protein - positively regulates - BiologicalProcess - occurs in - OrganismTaxon - causes - Disease'],What gene is most mechanistically related to the indication of Drug fusidic acid to Disease Furunculosis?
4418,DB02703_MESH_C571911_1,DB:DB02703,MESH:D005672,MESH:C571911,UniProt:Q81VT3,fusidic acid,Gastrointestinal anthrax,Elongation factor G,N/A,"['MESH:D005672', 'UniProt:Q81VT3', 'GO:0006412', 'taxonomy:1392', 'MESH:C571911']",5,4,1,['Drug - Protein - BiologicalProcess - OrganismTaxon - Disease'],['Drug - decreases activity of - Protein - positively regulates - BiologicalProcess - occurs in - OrganismTaxon - causes - Disease'],What gene is most mechanistically related to the indication of Drug fusidic acid to Disease Gastrointestinal anthrax?
4419,DB02703_MESH_D006069_1,DB:DB02703,MESH:D005672,MESH:D006069,UniProt:B4RQX2,fusidic acid,Gonorrhea,Elongation factor G,N/A,"['MESH:D005672', 'UniProt:B4RQX2', 'GO:0006412', 'taxonomy:485', 'MESH:D006069']",5,4,1,['Drug - Protein - BiologicalProcess - OrganismTaxon - Disease'],['Drug - decreases activity of - Protein - positively regulates - BiologicalProcess - occurs in - OrganismTaxon - causes - Disease'],What gene is most mechanistically related to the indication of Drug fusidic acid to Disease Gonorrhea?
4421,DB02703_MESH_D000077299_1,DB:DB02703,MESH:D005672,MESH:D000077299,UniProt:P68790,fusidic acid,Nosocomial pneumonia,Elongation factor G,N/A,"['MESH:D005672', 'UniProt:P68790', 'GO:0006412', 'taxonomy:1280', 'MESH:D000077299']",5,4,1,['Drug - Protein - BiologicalProcess - OrganismTaxon - Disease'],['Drug - decreases activity of - Protein - positively regulates - BiologicalProcess - occurs in - OrganismTaxon - causes - Disease'],What gene is most mechanistically related to the indication of Drug fusidic acid to Disease Nosocomial pneumonia?
4422,DB02703_MESH_C571912_1,DB:DB02703,MESH:D005672,MESH:C571912,UniProt:Q81VT3,fusidic acid,Inhalation anthrax,Elongation factor G,N/A,"['MESH:D005672', 'UniProt:Q81VT3', 'GO:0006412', 'taxonomy:1392', 'MESH:C571912']",5,4,1,['Drug - Protein - BiologicalProcess - OrganismTaxon - Disease'],['Drug - decreases activity of - Protein - positively regulates - BiologicalProcess - occurs in - OrganismTaxon - causes - Disease'],What gene is most mechanistically related to the indication of Drug fusidic acid to Disease Inhalation anthrax?
4425,DB02703_MESH_D008088_1,DB:DB02703,MESH:D005672,MESH:D008088,UniProt:Q71WB8,fusidic acid,Listeriosis,Elongation factor G,N/A,"['MESH:D005672', 'UniProt:Q71WB8', 'GO:0006412', 'taxonomy:1637', 'MESH:D008088']",5,4,1,['Drug - Protein - BiologicalProcess - OrganismTaxon - Disease'],['Drug - decreases activity of - Protein - positively regulates - BiologicalProcess - occurs in - OrganismTaxon - causes - Disease'],What gene is most mechanistically related to the indication of Drug fusidic acid to Disease Listeriosis?
4426,DB02703_MESH_D008219_1,DB:DB02703,MESH:D005672,MESH:D008219,UniProt:O84444,fusidic acid,Lymphogranuloma Venereum,Elongation factor G,N/A,"['MESH:D005672', 'UniProt:O84444', 'GO:0006412', 'taxonomy:813', 'MESH:D008219']",5,4,1,['Drug - Protein - BiologicalProcess - OrganismTaxon - Disease'],['Drug - decreases activity of - Protein - positively regulates - BiologicalProcess - occurs in - OrganismTaxon - causes - Disease'],What gene is most mechanistically related to the indication of Drug fusidic acid to Disease Lymphogranuloma Venereum?
4428,DB02703_MESH_D000071074_1,DB:DB02703,MESH:D005672,MESH:D000071074,UniProt:P0A6M8,fusidic acid,Neonatal Sepsis,Elongation factor G,N/A,"['MESH:D005672', 'UniProt:P0A6M8', 'GO:0006412', 'taxonomy:562', 'MESH:D000071074']",5,4,1,['Drug - Protein - BiologicalProcess - OrganismTaxon - Disease'],['Drug - decreases activity of - Protein - positively regulates - BiologicalProcess - occurs in - OrganismTaxon - causes - Disease'],What gene is most mechanistically related to the indication of Drug fusidic acid to Disease Neonatal Sepsis?
4429,DB02703_MESH_D010304_1,DB:DB02703,MESH:D005672,MESH:D010304,UniProt:P68790,fusidic acid,Paronychia,Elongation factor G,N/A,"['MESH:D005672', 'UniProt:P68790', 'GO:0006412', 'taxonomy:1280', 'MESH:D010304']",5,4,1,['Drug - Protein - BiologicalProcess - OrganismTaxon - Disease'],['Drug - decreases activity of - Protein - positively regulates - BiologicalProcess - occurs in - OrganismTaxon - causes - Disease'],What gene is most mechanistically related to the indication of Drug fusidic acid to Disease Paronychia?
4430,DB02703_MESH_D010612_1,DB:DB02703,MESH:D005672,MESH:D010612,UniProt:A2RCI2,fusidic acid,Pharyngitis,Elongation factor G,N/A,"['MESH:D005672', 'UniProt:A2RCI2', 'GO:0006412', 'taxonomy:1314', 'MESH:D010612']",5,4,1,['Drug - Protein - BiologicalProcess - OrganismTaxon - Disease'],['Drug - decreases activity of - Protein - positively regulates - BiologicalProcess - occurs in - OrganismTaxon - causes - Disease'],What gene is most mechanistically related to the indication of Drug fusidic acid to Disease Pharyngitis?
4431,DB02703_MESH_D011008_1,DB:DB02703,MESH:D005672,MESH:D011008,UniProt:B2ISJ9,fusidic acid,Pneumococcal Infections,Elongation factor G,N/A,"['MESH:D005672', 'UniProt:B2ISJ9', 'GO:0006412', 'taxonomy:1313', 'MESH:D011008']",5,4,1,['Drug - Protein - BiologicalProcess - OrganismTaxon - Disease'],['Drug - decreases activity of - Protein - positively regulates - BiologicalProcess - occurs in - OrganismTaxon - causes - Disease'],What gene is most mechanistically related to the indication of Drug fusidic acid to Disease Pneumococcal Infections?
4432,DB02703_MESH_D011014_1,DB:DB02703,MESH:D005672,MESH:D011014,UniProt:B2ISJ9,fusidic acid,Pneumonia,Elongation factor G,N/A,"['MESH:D005672', 'UniProt:B2ISJ9', 'GO:0006412', 'taxonomy:1313', 'MESH:D011014']",5,4,1,['Drug - Protein - BiologicalProcess - OrganismTaxon - Disease'],['Drug - decreases activity of - Protein - positively regulates - BiologicalProcess - occurs in - OrganismTaxon - causes - Disease'],What gene is most mechanistically related to the indication of Drug fusidic acid to Disease Pneumonia?
4433,DB02703_MESH_D018410_1,DB:DB02703,MESH:D005672,MESH:D018410,UniProt:B2ISJ9,fusidic acid,"Pneumonia, Bacterial",Elongation factor G,N/A,"['MESH:D005672', 'UniProt:B2ISJ9', 'GO:0006412', 'taxonomy:1313', 'MESH:D018410']",5,4,1,['Drug - Protein - BiologicalProcess - OrganismTaxon - Disease'],['Drug - decreases activity of - Protein - positively regulates - BiologicalProcess - occurs in - OrganismTaxon - causes - Disease'],"What gene is most mechanistically related to the indication of Drug fusidic acid to Disease Pneumonia, Bacterial?"
4434,DB02703_MESH_D011019_1,DB:DB02703,MESH:D005672,MESH:D011019,UniProt:P75544,fusidic acid,Pneumonia due to Mycoplasma pneumoniae,Elongation factor G,N/A,"['MESH:D005672', 'UniProt:P75544', 'GO:0006412', 'taxonomy:2104', 'MESH:D011019']",5,4,1,['Drug - Protein - BiologicalProcess - OrganismTaxon - Disease'],['Drug - decreases activity of - Protein - positively regulates - BiologicalProcess - occurs in - OrganismTaxon - causes - Disease'],What gene is most mechanistically related to the indication of Drug fusidic acid to Disease Pneumonia due to Mycoplasma pneumoniae?
4435,DB02703_MESH_D011023_1,DB:DB02703,MESH:D005672,MESH:D011023,UniProt:P68790,fusidic acid,"Pneumonia, Staphylococcal",Elongation factor G,N/A,"['MESH:D005672', 'UniProt:P68790', 'GO:0006412', 'taxonomy:1280', 'MESH:D011023']",5,4,1,['Drug - Protein - BiologicalProcess - OrganismTaxon - Disease'],['Drug - decreases activity of - Protein - positively regulates - BiologicalProcess - occurs in - OrganismTaxon - causes - Disease'],"What gene is most mechanistically related to the indication of Drug fusidic acid to Disease Pneumonia, Staphylococcal?"
4436,DB02703_MESH_D009956_1,DB:DB02703,MESH:D005672,MESH:D009956,UniProt:S7JCG1,fusidic acid,Psittacosis,Elongation factor G,N/A,"['MESH:D005672', 'UniProt:S7JCG1', 'GO:0006412', 'taxonomy:83554', 'MESH:D009956']",5,4,1,['Drug - Protein - BiologicalProcess - OrganismTaxon - Disease'],['Drug - decreases activity of - Protein - positively regulates - BiologicalProcess - occurs in - OrganismTaxon - causes - Disease'],What gene is most mechanistically related to the indication of Drug fusidic acid to Disease Psittacosis?
4437,DB02703_MESH_D011778_1,DB:DB02703,MESH:D005672,MESH:D011778,UniProt:B6J5C9,fusidic acid,Q Fever,Elongation factor G 1,N/A,"['MESH:D005672', 'UniProt:B6J5C9', 'GO:0006412', 'taxonomy:777', 'MESH:D011778']",5,4,1,['Drug - Protein - BiologicalProcess - OrganismTaxon - Disease'],['Drug - decreases activity of - Protein - positively regulates - BiologicalProcess - occurs in - OrganismTaxon - causes - Disease'],What gene is most mechanistically related to the indication of Drug fusidic acid to Disease Q Fever?
4438,DB02703_MESH_D012061_1,DB:DB02703,MESH:D005672,MESH:D012061,UniProt:B5RPN9,fusidic acid,Relapsing Fever,Elongation factor G,N/A,"['MESH:D005672', 'UniProt:B5RPN9', 'GO:0006412', 'taxonomy:138', 'MESH:D012061']",5,4,1,['Drug - Protein - BiologicalProcess - OrganismTaxon - Disease'],['Drug - decreases activity of - Protein - positively regulates - BiologicalProcess - occurs in - OrganismTaxon - causes - Disease'],What gene is most mechanistically related to the indication of Drug fusidic acid to Disease Relapsing Fever?
4439,DB02703_MESH_D012226_1,DB:DB02703,MESH:D005672,MESH:D012226,UniProt:R4Y4Z5,fusidic acid,Rhinoscleroma,Elongation factor G,N/A,"['MESH:D005672', 'UniProt:R4Y4Z5', 'GO:0006412', 'taxonomy:39831', 'MESH:D012226']",5,4,1,['Drug - Protein - BiologicalProcess - OrganismTaxon - Disease'],['Drug - decreases activity of - Protein - positively regulates - BiologicalProcess - occurs in - OrganismTaxon - causes - Disease'],What gene is most mechanistically related to the indication of Drug fusidic acid to Disease Rhinoscleroma?
4440,DB02703_MESH_D012282_1,DB:DB02703,MESH:D005672,MESH:D012282,UniProt:Q8KTC1,fusidic acid,Rickettsia Infections,Elongation factor G,N/A,"['MESH:D005672', 'UniProt:Q8KTC1', 'GO:0006412', 'taxonomy:780', 'MESH:D012282']",5,4,1,['Drug - Protein - BiologicalProcess - OrganismTaxon - Disease'],['Drug - decreases activity of - Protein - positively regulates - BiologicalProcess - occurs in - OrganismTaxon - causes - Disease'],What gene is most mechanistically related to the indication of Drug fusidic acid to Disease Rickettsia Infections?
4441,DB02703_MESH_D012373_1,DB:DB02703,MESH:D005672,MESH:D012373,UniProt:Q8KTC1,fusidic acid,Rocky Mountain Spotted Fever,Elongation factor G,N/A,"['MESH:D005672', 'UniProt:Q8KTC1', 'GO:0006412', 'taxonomy:783', 'MESH:D012373']",5,4,1,['Drug - Protein - BiologicalProcess - OrganismTaxon - Disease'],['Drug - decreases activity of - Protein - positively regulates - BiologicalProcess - occurs in - OrganismTaxon - causes - Disease'],What gene is most mechanistically related to the indication of Drug fusidic acid to Disease Rocky Mountain Spotted Fever?
4443,DB02703_MESH_D012612_1,DB:DB02703,MESH:D005672,MESH:D012612,UniProt:B3CTE7,fusidic acid,Scrub Typhus,Elongation factor G,N/A,"['MESH:D005672', 'UniProt:B3CTE7', 'GO:0006412', 'taxonomy:784', 'MESH:D012612']",5,4,1,['Drug - Protein - BiologicalProcess - OrganismTaxon - Disease'],['Drug - decreases activity of - Protein - positively regulates - BiologicalProcess - occurs in - OrganismTaxon - causes - Disease'],What gene is most mechanistically related to the indication of Drug fusidic acid to Disease Scrub Typhus?
4444,DB02703_MESH_D016868_1,DB:DB02703,MESH:D005672,MESH:D016868,UniProt:A0A8A6J2U1,fusidic acid,Serratia Infections,Elongation factor G,N/A,"['MESH:D005672', 'UniProt:A0A8A6J2U1', 'GO:0006412', 'taxonomy:613', 'MESH:D016868']",5,4,1,['Drug - Protein - BiologicalProcess - OrganismTaxon - Disease'],['Drug - decreases activity of - Protein - positively regulates - BiologicalProcess - occurs in - OrganismTaxon - causes - Disease'],What gene is most mechanistically related to the indication of Drug fusidic acid to Disease Serratia Infections?
4445,DB02703_MESH_D012852_1,DB:DB02703,MESH:D005672,MESH:D012852,UniProt:B2ISJ9,fusidic acid,Sinusitis,Elongation factor G,N/A,"['MESH:D005672', 'UniProt:B2ISJ9', 'GO:0006412', 'taxonomy:1313', 'MESH:D012852']",5,4,1,['Drug - Protein - BiologicalProcess - OrganismTaxon - Disease'],['Drug - decreases activity of - Protein - positively regulates - BiologicalProcess - occurs in - OrganismTaxon - causes - Disease'],What gene is most mechanistically related to the indication of Drug fusidic acid to Disease Sinusitis?
4447,DB02703_MESH_D000073605_1,DB:DB02703,MESH:D005672,MESH:D000073605,UniProt:Q8KTC1,fusidic acid,Spotted Fever Group Rickettsiosis,Elongation factor G,N/A,"['MESH:D005672', 'UniProt:Q8KTC1', 'GO:0006412', 'taxonomy:780', 'MESH:D000073605']",5,4,1,['Drug - Protein - BiologicalProcess - OrganismTaxon - Disease'],['Drug - decreases activity of - Protein - positively regulates - BiologicalProcess - occurs in - OrganismTaxon - causes - Disease'],What gene is most mechanistically related to the indication of Drug fusidic acid to Disease Spotted Fever Group Rickettsiosis?
4448,DB02703_MESH_D013203_1,DB:DB02703,MESH:D005672,MESH:D013203,UniProt:P68790,fusidic acid,Staphylococcal Infections,Elongation factor G,N/A,"['MESH:D005672', 'UniProt:P68790', 'GO:0006412', 'taxonomy:1280', 'MESH:D013203']",5,4,1,['Drug - Protein - BiologicalProcess - OrganismTaxon - Disease'],['Drug - decreases activity of - Protein - positively regulates - BiologicalProcess - occurs in - OrganismTaxon - causes - Disease'],What gene is most mechanistically related to the indication of Drug fusidic acid to Disease Staphylococcal Infections?
4449,DB02703_MESH_D013290_1,DB:DB02703,MESH:D005672,MESH:D013290,UniProt:A2RCI2,fusidic acid,Streptococcal Infections,Elongation factor G,N/A,"['MESH:D005672', 'UniProt:A2RCI2', 'GO:0006412', 'taxonomy:1301', 'MESH:D013290']",5,4,1,['Drug - Protein - BiologicalProcess - OrganismTaxon - Disease'],['Drug - decreases activity of - Protein - positively regulates - BiologicalProcess - occurs in - OrganismTaxon - causes - Disease'],What gene is most mechanistically related to the indication of Drug fusidic acid to Disease Streptococcal Infections?
4450,DB02703_MESH_D013587_1,DB:DB02703,MESH:D005672,MESH:D013587,UniProt:O83748,fusidic acid,Syphilis,Elongation factor G 1,N/A,"['MESH:D005672', 'UniProt:O83748', 'GO:0006412', 'taxonomy:160', 'MESH:D013587']",5,4,1,['Drug - Protein - BiologicalProcess - OrganismTaxon - Disease'],['Drug - decreases activity of - Protein - positively regulates - BiologicalProcess - occurs in - OrganismTaxon - causes - Disease'],What gene is most mechanistically related to the indication of Drug fusidic acid to Disease Syphilis?
4451,DB02703_MESH_D014141_1,DB:DB02703,MESH:D005672,MESH:D014141,UniProt:O84444,fusidic acid,Trachoma,Elongation factor G,N/A,"['MESH:D005672', 'UniProt:O84444', 'GO:0006412', 'taxonomy:813', 'MESH:D014141']",5,4,1,['Drug - Protein - BiologicalProcess - OrganismTaxon - Disease'],['Drug - decreases activity of - Protein - positively regulates - BiologicalProcess - occurs in - OrganismTaxon - causes - Disease'],What gene is most mechanistically related to the indication of Drug fusidic acid to Disease Trachoma?
4452,DB02703_MESH_D014406_1,DB:DB02703,MESH:D005672,MESH:D014406,UniProt:Q14JC2,fusidic acid,Tularemia,Elongation factor G,N/A,"['MESH:D005672', 'UniProt:Q14JC2', 'GO:0006412', 'taxonomy:263', 'MESH:D014406']",5,4,1,['Drug - Protein - BiologicalProcess - OrganismTaxon - Disease'],['Drug - decreases activity of - Protein - positively regulates - BiologicalProcess - occurs in - OrganismTaxon - causes - Disease'],What gene is most mechanistically related to the indication of Drug fusidic acid to Disease Tularemia?
4453,DB02703_MESH_D014437_1,DB:DB02703,MESH:D005672,MESH:D014437,UniProt:Q8KTB2,fusidic acid,"Typhus, Endemic Flea-Borne",Elongation factor G,N/A,"['MESH:D005672', 'UniProt:Q8KTB2', 'GO:0006412', 'taxonomy:785', 'MESH:D014437']",5,4,1,['Drug - Protein - BiologicalProcess - OrganismTaxon - Disease'],['Drug - decreases activity of - Protein - positively regulates - BiologicalProcess - occurs in - OrganismTaxon - causes - Disease'],"What gene is most mechanistically related to the indication of Drug fusidic acid to Disease Typhus, Endemic Flea-Borne?"
4454,DB02703_MESH_D014438_1,DB:DB02703,MESH:D005672,MESH:D014438,UniProt:P41084,fusidic acid,"Typhus, Epidemic Louse-Borne",Elongation factor G,N/A,"['MESH:D005672', 'UniProt:P41084', 'GO:0006412', 'taxonomy:782', 'MESH:D014438']",5,4,1,['Drug - Protein - BiologicalProcess - OrganismTaxon - Disease'],['Drug - decreases activity of - Protein - positively regulates - BiologicalProcess - occurs in - OrganismTaxon - causes - Disease'],"What gene is most mechanistically related to the indication of Drug fusidic acid to Disease Typhus, Epidemic Louse-Borne?"
4455,DB02703_MESH_D014552_1,DB:DB02703,MESH:D005672,MESH:D014552,UniProt:P0A6M8,fusidic acid,Urinary Tract Infections,Elongation factor G,N/A,"['MESH:D005672', 'UniProt:P0A6M8', 'GO:0006412', 'taxonomy:562', 'MESH:D014552']",5,4,1,['Drug - Protein - BiologicalProcess - OrganismTaxon - Disease'],['Drug - decreases activity of - Protein - positively regulates - BiologicalProcess - occurs in - OrganismTaxon - causes - Disease'],What gene is most mechanistically related to the indication of Drug fusidic acid to Disease Urinary Tract Infections?
4458,DB02703_MESH_D015001_1,DB:DB02703,MESH:D005672,MESH:D015001,UniProt:O83748,fusidic acid,Yaws,Elongation factor G 1,N/A,"['MESH:D005672', 'UniProt:O83748', 'GO:0006412', 'taxonomy:160', 'MESH:D015001']",5,4,1,['Drug - Protein - BiologicalProcess - OrganismTaxon - Disease'],['Drug - decreases activity of - Protein - positively regulates - BiologicalProcess - occurs in - OrganismTaxon - causes - Disease'],What gene is most mechanistically related to the indication of Drug fusidic acid to Disease Yaws?
4490,DB01380_MESH_C562390_1,DB:DB01380,MESH:D003348,MESH:C562390,UniProt:O15528,cortisone acetate,Humoral Hypercalcemia Of Malignancy,"25-hydroxyvitamin D-1 alpha hydroxylase, mitochondrial",CYP27B1,"['MESH:D003348', 'UniProt:O15528', 'GO:0006816', 'HP:0003072', 'MESH:D044162', 'MESH:C562390']",6,5,1,['Drug - Protein - BiologicalProcess - PhenotypicFeature - ChemicalSubstance - Disease'],['Drug - decreases activity of - Protein - participates in - BiologicalProcess - positively correlated with - PhenotypicFeature - caused by - ChemicalSubstance - contributes to - Disease'],What gene is most mechanistically related to the indication of Drug cortisone acetate to Disease Humoral Hypercalcemia Of Malignancy?
4563,DB00860_MESH_C562390_1,DB:DB00860,MESH:D011239,MESH:C562390,UniProt:O15528,Prednisolone,Humoral Hypercalcemia Of Malignancy,"25-hydroxyvitamin D-1 alpha hydroxylase, mitochondrial",CYP27B1,"['MESH:D011239', 'UniProt:O15528', 'GO:0006816', 'HP:0003072', 'MESH:D044162', 'MESH:C562390']",6,5,1,['Drug - Protein - BiologicalProcess - PhenotypicFeature - ChemicalSubstance - Disease'],['Drug - decreases activity of - Protein - participates in - BiologicalProcess - positively correlated with - PhenotypicFeature - caused by - ChemicalSubstance - contributes to - Disease'],What gene is most mechanistically related to the indication of Drug Prednisolone to Disease Humoral Hypercalcemia Of Malignancy?
4683,DB00635_MESH_C562390_1,DB:DB00635,MESH:D011241,MESH:C562390,UniProt:O15528,prednisone,Humoral Hypercalcemia Of Malignancy,"25-hydroxyvitamin D-1 alpha hydroxylase, mitochondrial",CYP27B1,"['MESH:D011241', 'MESH:D011239', 'UniProt:O15528', 'GO:0006816', 'HP:0003072', 'MESH:D044162', 'MESH:C562390']",7,6,1,['Drug - ChemicalSubstance - Disease'],['Drug - has metabolite - ChemicalSubstance - contributes to - Disease'],What gene is most mechanistically related to the indication of Drug prednisone to Disease Humoral Hypercalcemia Of Malignancy?
4759,DB08901_MESH_D015464_1,DB:DB08901,MESH:D004103,MESH:D015464,UniProt:P00519,diiodohydroxyquinoline,Chronic myeloid leukemia,Tyrosine-protein kinase ABL1,ABL1,"['MESH:D004103', 'UniProt:P00519', 'MESH:D016044', 'GO:0004674', 'GO:0007266', 'GO:0008283', 'GO:0006915', 'MESH:D015464']",8,8,1,['Drug - Protein - MolecularActivity - BiologicalProcess - Disease'],['Drug - decreases activity of - Protein - positively regulates - MolecularActivity - positively correlated with - BiologicalProcess - negatively correlated with - Disease'],What gene is most mechanistically related to the indication of Drug diiodohydroxyquinoline to Disease Chronic myeloid leukemia?
4760,DB09039_MESH_D005776_1,DB:DB09039,MESH:C522917,MESH:D005776,UniProt:Q16739,eliglustat,Gaucher Disease,Ceramide glucosyltransferase,UGCG,"['MESH:C522917', 'UniProt:Q16739', 'GO:0006679', 'MESH:D005963', 'MESH:D005776']",5,4,1,['Drug - Protein - BiologicalProcess - ChemicalSubstance - Disease'],['Drug - decreases activity of - Protein - participates in - BiologicalProcess - increases abundance of - ChemicalSubstance - contributes to - Disease'],What gene is most mechanistically related to the indication of Drug eliglustat to Disease Gaucher Disease?
4762,DB01005_MESH_D010051_1,DB:DB01005,MESH:D006918,MESH:D010051,UniProt:P23921,Hydroxycarbamide,Malignant tumor of ovary,Ribonucleoside-diphosphate reductase large subunit,RRM1,"['MESH:D006918', 'UniProt:P23921', 'GO:0090592', 'HP:0031377', 'MESH:D010051']",5,4,1,['Drug - Protein - BiologicalProcess - PhenotypicFeature - Disease'],['Drug - decreases activity of - Protein - positively regulates - BiologicalProcess - positively correlated with - PhenotypicFeature - causes - Disease'],What gene is most mechanistically related to the indication of Drug Hydroxycarbamide to Disease Malignant tumor of ovary?
4763,DB01005_MESH_D006258_1,DB:DB01005,MESH:D006918,MESH:D006258,UniProt:P23921,Hydroxycarbamide,Malignant tumor of head and/or neck,Ribonucleoside-diphosphate reductase large subunit,RRM1,"['MESH:D006918', 'UniProt:P23921', 'GO:0090592', 'HP:0031377', 'MESH:D006258']",5,4,1,['Drug - Protein - BiologicalProcess - PhenotypicFeature - Disease'],['Drug - decreases activity of - Protein - positively regulates - BiologicalProcess - positively correlated with - PhenotypicFeature - causes - Disease'],What gene is most mechanistically related to the indication of Drug Hydroxycarbamide to Disease Malignant tumor of head and/or neck?
4764,DB01005_MESH_D015464_1,DB:DB01005,MESH:D006918,MESH:D015464,UniProt:P23921,Hydroxycarbamide,Chronic myeloid leukemia,Ribonucleoside-diphosphate reductase large subunit,RRM1,"['MESH:D006918', 'UniProt:P23921', 'GO:0090592', 'HP:0031377', 'MESH:D015464']",5,4,1,['Drug - Protein - BiologicalProcess - PhenotypicFeature - Disease'],['Drug - decreases activity of - Protein - positively regulates - BiologicalProcess - positively correlated with - PhenotypicFeature - causes - Disease'],What gene is most mechanistically related to the indication of Drug Hydroxycarbamide to Disease Chronic myeloid leukemia?
4765,DB01005_MESH_D008545_1,DB:DB01005,MESH:D006918,MESH:D008545,UniProt:P23921,Hydroxycarbamide,Malignant melanoma,Ribonucleoside-diphosphate reductase large subunit,RRM1,"['MESH:D006918', 'UniProt:P23921', 'GO:0090592', 'HP:0031377', 'MESH:D008545']",5,4,1,['Drug - Protein - BiologicalProcess - PhenotypicFeature - Disease'],['Drug - decreases activity of - Protein - positively regulates - BiologicalProcess - positively correlated with - PhenotypicFeature - causes - Disease'],What gene is most mechanistically related to the indication of Drug Hydroxycarbamide to Disease Malignant melanoma?
4766,DB01005_MESH_D000755_1,DB:DB01005,MESH:D006918,MESH:D000755,UniProt:P23921,Hydroxycarbamide,"Anemia, Sickle Cell",Ribonucleoside-diphosphate reductase large subunit,RRM1,"['MESH:D006918', 'UniProt:P23921', 'GO:0090592', 'HP:0031377', 'MESH:D000755']",5,4,1,['Drug - Protein - BiologicalProcess - PhenotypicFeature - Disease'],['Drug - decreases activity of - Protein - positively regulates - BiologicalProcess - positively correlated with - PhenotypicFeature - causes - Disease'],"What gene is most mechanistically related to the indication of Drug Hydroxycarbamide to Disease Anemia, Sickle Cell?"
4767,DB01590_MESH_D002292_1,DB:DB01590,UniProt:P42345,MESH:D002292,UniProt:P42345,Serine/threonine-protein kinase mTOR,Renal cell carcinoma,Serine/threonine-protein kinase mTOR,MTOR,"['UniProt:P42345', 'MESH:D000068338', 'GO:0031929', 'HP:0031377', 'MESH:D002292']",5,4,1,['Drug - Protein - BiologicalProcess - PhenotypicFeature - Disease'],['Drug - decreases activity of - Protein - positively regulates - BiologicalProcess - positively correlated with - PhenotypicFeature - causes - Disease'],What gene is most mechanistically related to the indication of Drug Serine/threonine-protein kinase mTOR to Disease Renal cell carcinoma?
4768,DB01590_MESH_D001943_1,DB:DB01590,UniProt:P42345,MESH:D001943,UniProt:P42345,Serine/threonine-protein kinase mTOR,Breast Neoplasms,Serine/threonine-protein kinase mTOR,MTOR,"['UniProt:P42345', 'MESH:D000068338', 'GO:0031929', 'HP:0031377', 'MESH:D001943']",5,4,1,['Drug - Protein - BiologicalProcess - PhenotypicFeature - Disease'],['Drug - decreases activity of - Protein - positively regulates - BiologicalProcess - positively correlated with - PhenotypicFeature - causes - Disease'],What gene is most mechanistically related to the indication of Drug Serine/threonine-protein kinase mTOR to Disease Breast Neoplasms?
4769,DB01590_MESH_D014402_1,DB:DB01590,UniProt:P42345,MESH:D014402,UniProt:P42345,Serine/threonine-protein kinase mTOR,Tuberous Sclerosis,Serine/threonine-protein kinase mTOR,MTOR,"['UniProt:P42345', 'MESH:D000068338', 'GO:0031929', 'HP:0031377', 'MESH:D014402']",5,4,1,['Drug - Protein - BiologicalProcess - PhenotypicFeature - Disease'],['Drug - decreases activity of - Protein - positively regulates - BiologicalProcess - positively correlated with - PhenotypicFeature - causes - Disease'],What gene is most mechanistically related to the indication of Drug Serine/threonine-protein kinase mTOR to Disease Tuberous Sclerosis?
4773,DB00819_MESH_D004832_1,DB:DB00819,MESH:D000086,MESH:D004832,UniProt:P00918,Acetazolamide,Absence seizure,Carbonic anhydrase 2,CA2,"['MESH:D000086', 'UniProt:P00918', 'MESH:D002245', 'MESH:D004832']",4,3,1,['Drug - Protein - ChemicalSubstance - Disease'],['Drug - decreases activity of - Protein - decreases abundance of - ChemicalSubstance - treats - Disease'],What gene is most mechanistically related to the indication of Drug Acetazolamide to Disease Absence seizure?
4779,DB01167_MESH_C536777_1,DB:DB01167,MESH:D017964,MESH:C536777,UniProt:P10613,Itraconazole,Systemic candidiasis,Lanosterol 14-alpha-demethylase,N/A,"['MESH:D017964', 'UniProt:P10613', 'MESH:D004875', 'GO:0005886', 'taxonomy:5476', 'MESH:C536777']",6,5,1,['Drug - Protein - ChemicalSubstance - BiologicalProcess - OrganismTaxon - Disease'],['Drug - decreases activity of - Protein - increases abundance of - ChemicalSubstance - positively correlated with - BiologicalProcess - in taxon - OrganismTaxon - causes - Disease'],What gene is most mechanistically related to the indication of Drug Itraconazole to Disease Systemic candidiasis?
4780,DB01193_MESH_D006973_1,DB:DB01193,MESH:D000070,MESH:D006973,UniProt:P08588,Acebutolol,Hypertension,Beta-1 adrenergic receptor,ADRB1,"['MESH:D000070', 'UniProt:P08588', 'MESH:D004837', 'HP:0032263', 'MESH:D006973']",5,4,1,['Drug - Protein - ChemicalSubstance - PhenotypicFeature - Disease'],['Drug - decreases activity of - Protein - positively correlated with - ChemicalSubstance - positively correlated with - PhenotypicFeature - manifestation of - Disease'],What gene is most mechanistically related to the indication of Drug Acebutolol to Disease Hypertension?
4781,DB01234_MESH_D003876_1,DB:DB01234,MESH:D003907,MESH:D003876,UniProt:P04150,dexamethasone,Atopic dermatitis,Glucocorticoid receptor,NR3C1,"['MESH:D003907', 'UniProt:P04150', 'InterPro:IPR001464', 'InterPro:IPR001211', 'GO:0006954', 'MESH:D003876']",6,5,1,['Drug - Protein - GeneFamily - BiologicalProcess - Disease'],['Drug - positively regulates - Protein - increases abundance of - GeneFamily - positively correlated with - BiologicalProcess - positively correlated with - Disease'],What gene is most mechanistically related to the indication of Drug dexamethasone to Disease Atopic dermatitis?
4783,DB01234_MESH_D013167_1,DB:DB01234,MESH:D003907,MESH:D013167,UniProt:P04150,dexamethasone,Ankylosing spondylitis,Glucocorticoid receptor,NR3C1,"['MESH:D003907', 'UniProt:P04150', 'InterPro:IPR001464', 'InterPro:IPR001211', 'GO:0006954', 'MESH:D013167']",6,5,1,['Drug - Protein - GeneFamily - BiologicalProcess - Disease'],['Drug - positively regulates - Protein - increases abundance of - GeneFamily - positively correlated with - BiologicalProcess - positively correlated with - Disease'],What gene is most mechanistically related to the indication of Drug dexamethasone to Disease Ankylosing spondylitis?
4785,DB01234_MESH_D003424_1,DB:DB01234,MESH:D003907,MESH:D003424,UniProt:P04150,dexamethasone,Crohn's disease,Glucocorticoid receptor,NR3C1,"['MESH:D003907', 'UniProt:P04150', 'InterPro:IPR001464', 'InterPro:IPR001211', 'GO:0006954', 'MESH:D003424']",6,5,1,['Drug - Protein - GeneFamily - BiologicalProcess - Disease'],['Drug - positively regulates - Protein - increases abundance of - GeneFamily - positively correlated with - BiologicalProcess - positively correlated with - Disease'],What gene is most mechanistically related to the indication of Drug dexamethasone to Disease Crohn's disease?
4786,DB01234_MESH_D015863_1,DB:DB01234,MESH:D003907,MESH:D015863,UniProt:P04150,dexamethasone,Iridocyclitis,Glucocorticoid receptor,NR3C1,"['MESH:D003907', 'UniProt:P04150', 'InterPro:IPR001464', 'InterPro:IPR001211', 'GO:0006954', 'MESH:D015863']",6,5,1,['Drug - Protein - GeneFamily - BiologicalProcess - Disease'],['Drug - positively regulates - Protein - increases abundance of - GeneFamily - positively correlated with - BiologicalProcess - positively correlated with - Disease'],What gene is most mechanistically related to the indication of Drug dexamethasone to Disease Iridocyclitis?
4788,DB01234_MESH_D012628_1,DB:DB01234,MESH:D003907,MESH:D012628,UniProt:P04150,dexamethasone,Seborrheic dermatitis,Glucocorticoid receptor,NR3C1,"['MESH:D003907', 'UniProt:P04150', 'InterPro:IPR001464', 'InterPro:IPR001211', 'GO:0006954', 'MESH:D012628']",6,5,1,['Drug - Protein - GeneFamily - BiologicalProcess - Disease'],['Drug - positively regulates - Protein - increases abundance of - GeneFamily - positively correlated with - BiologicalProcess - positively correlated with - Disease'],What gene is most mechanistically related to the indication of Drug dexamethasone to Disease Seborrheic dermatitis?
4789,DB01234_MESH_D003877_1,DB:DB01234,MESH:D003907,MESH:D003877,UniProt:P04150,dexamethasone,Contact dermatitis,Glucocorticoid receptor,NR3C1,"['MESH:D003907', 'UniProt:P04150', 'InterPro:IPR001464', 'InterPro:IPR001211', 'GO:0006954', 'MESH:D003877']",6,5,1,['Drug - Protein - GeneFamily - BiologicalProcess - Disease'],['Drug - positively regulates - Protein - increases abundance of - GeneFamily - positively correlated with - BiologicalProcess - positively correlated with - Disease'],What gene is most mechanistically related to the indication of Drug dexamethasone to Disease Contact dermatitis?
4790,DB01234_MESH_D007627_1,DB:DB01234,MESH:D003907,MESH:D007627,UniProt:P04150,dexamethasone,Keloid scar,Glucocorticoid receptor,NR3C1,"['MESH:D003907', 'UniProt:P04150', 'InterPro:IPR001464', 'InterPro:IPR001211', 'GO:0006954', 'MESH:D007627']",6,5,1,['Drug - Protein - GeneFamily - BiologicalProcess - Disease'],['Drug - positively regulates - Protein - increases abundance of - GeneFamily - positively correlated with - BiologicalProcess - positively correlated with - Disease'],What gene is most mechanistically related to the indication of Drug dexamethasone to Disease Keloid scar?
4791,DB01234_MESH_D007634_1,DB:DB01234,MESH:D003907,MESH:D007634,UniProt:P04150,dexamethasone,Keratitis,Glucocorticoid receptor,NR3C1,"['MESH:D003907', 'UniProt:P04150', 'InterPro:IPR001464', 'InterPro:IPR001211', 'GO:0006954', 'MESH:D007634']",6,5,1,['Drug - Protein - GeneFamily - BiologicalProcess - Disease'],['Drug - positively regulates - Protein - increases abundance of - GeneFamily - positively correlated with - BiologicalProcess - positively correlated with - Disease'],What gene is most mechanistically related to the indication of Drug dexamethasone to Disease Keratitis?
4792,DB01234_MESH_D014605_1,DB:DB01234,MESH:D003907,MESH:D014605,UniProt:P04150,dexamethasone,Uveitis,Glucocorticoid receptor,NR3C1,"['MESH:D003907', 'UniProt:P04150', 'InterPro:IPR001464', 'InterPro:IPR001211', 'GO:0006954', 'MESH:D014605']",6,5,1,['Drug - Protein - GeneFamily - BiologicalProcess - Disease'],['Drug - positively regulates - Protein - increases abundance of - GeneFamily - positively correlated with - BiologicalProcess - positively correlated with - Disease'],What gene is most mechanistically related to the indication of Drug dexamethasone to Disease Uveitis?
4793,DB01234_MESH_D002062_1,DB:DB01234,MESH:D003907,MESH:D002062,UniProt:P04150,dexamethasone,Bursitis,Glucocorticoid receptor,NR3C1,"['MESH:D003907', 'UniProt:P04150', 'InterPro:IPR001464', 'InterPro:IPR001211', 'GO:0006954', 'MESH:D002062']",6,5,1,['Drug - Protein - GeneFamily - BiologicalProcess - Disease'],['Drug - positively regulates - Protein - increases abundance of - GeneFamily - positively correlated with - BiologicalProcess - positively correlated with - Disease'],What gene is most mechanistically related to the indication of Drug dexamethasone to Disease Bursitis?
4794,DB01234_MESH_D007500_1,DB:DB01234,MESH:D003907,MESH:D007500,UniProt:P04150,dexamethasone,Iritis,Glucocorticoid receptor,NR3C1,"['MESH:D003907', 'UniProt:P04150', 'InterPro:IPR001464', 'InterPro:IPR001211', 'GO:0006954', 'MESH:D007500']",6,5,1,['Drug - Protein - GeneFamily - BiologicalProcess - Disease'],['Drug - positively regulates - Protein - increases abundance of - GeneFamily - positively correlated with - BiologicalProcess - positively correlated with - Disease'],What gene is most mechanistically related to the indication of Drug dexamethasone to Disease Iritis?
4795,DB01234_MESH_D015535_1,DB:DB01234,MESH:D003907,MESH:D015535,UniProt:P04150,dexamethasone,Psoriasis with arthropathy,Glucocorticoid receptor,NR3C1,"['MESH:D003907', 'UniProt:P04150', 'InterPro:IPR001464', 'InterPro:IPR001211', 'GO:0006954', 'MESH:D015535']",6,5,1,['Drug - Protein - GeneFamily - BiologicalProcess - Disease'],['Drug - positively regulates - Protein - increases abundance of - GeneFamily - positively correlated with - BiologicalProcess - positively correlated with - Disease'],What gene is most mechanistically related to the indication of Drug dexamethasone to Disease Psoriasis with arthropathy?
4796,DB01234_MESH_D007819_1,DB:DB01234,MESH:D003907,MESH:D007819,UniProt:P04150,dexamethasone,Edema of larynx,Glucocorticoid receptor,NR3C1,"['MESH:D003907', 'UniProt:P04150', 'InterPro:IPR001464', 'InterPro:IPR001211', 'GO:0006954', 'MESH:D007819']",6,5,1,['Drug - Protein - GeneFamily - BiologicalProcess - Disease'],['Drug - positively regulates - Protein - increases abundance of - GeneFamily - positively correlated with - BiologicalProcess - positively correlated with - Disease'],What gene is most mechanistically related to the indication of Drug dexamethasone to Disease Edema of larynx?
4797,DB01234_MESH_D001929_1,DB:DB01234,MESH:D003907,MESH:D001929,UniProt:P04150,dexamethasone,Cerebral edema,Glucocorticoid receptor,NR3C1,"['MESH:D003907', 'UniProt:P04150', 'InterPro:IPR001464', 'InterPro:IPR001211', 'GO:0006954', 'MESH:D001929']",6,5,1,['Drug - Protein - GeneFamily - BiologicalProcess - Disease'],['Drug - positively regulates - Protein - increases abundance of - GeneFamily - positively correlated with - BiologicalProcess - positively correlated with - Disease'],What gene is most mechanistically related to the indication of Drug dexamethasone to Disease Cerebral edema?
4798,DB01234_MESH_D000799_1,DB:DB01234,MESH:D003907,MESH:D000799,UniProt:P04150,dexamethasone,Angioedema,Glucocorticoid receptor,NR3C1,"['MESH:D003907', 'UniProt:P04150', 'InterPro:IPR001464', 'InterPro:IPR001211', 'GO:0006954', 'MESH:D000799']",6,5,1,['Drug - Protein - GeneFamily - BiologicalProcess - Disease'],['Drug - positively regulates - Protein - increases abundance of - GeneFamily - positively correlated with - BiologicalProcess - positively correlated with - Disease'],What gene is most mechanistically related to the indication of Drug dexamethasone to Disease Angioedema?
4799,DB01234_MESH_D065631_1,DB:DB01234,MESH:D003907,MESH:D065631,UniProt:P04150,dexamethasone,Allergic rhinitis,Glucocorticoid receptor,NR3C1,"['MESH:D003907', 'UniProt:P04150', 'InterPro:IPR001464', 'InterPro:IPR001211', 'GO:0006954', 'MESH:D065631']",6,5,1,['Drug - Protein - GeneFamily - BiologicalProcess - Disease'],['Drug - positively regulates - Protein - increases abundance of - GeneFamily - positively correlated with - BiologicalProcess - positively correlated with - Disease'],What gene is most mechanistically related to the indication of Drug dexamethasone to Disease Allergic rhinitis?
4800,DB01234_MESH_D001249_1,DB:DB01234,MESH:D003907,MESH:D001249,UniProt:P04150,dexamethasone,Asthma,Glucocorticoid receptor,NR3C1,"['MESH:D003907', 'UniProt:P04150', 'InterPro:IPR001464', 'InterPro:IPR001211', 'GO:0006954', 'MESH:D001249']",6,5,1,['Drug - Protein - GeneFamily - BiologicalProcess - Disease'],['Drug - positively regulates - Protein - increases abundance of - GeneFamily - positively correlated with - BiologicalProcess - positively correlated with - Disease'],What gene is most mechanistically related to the indication of Drug dexamethasone to Disease Asthma?
4801,DB01234_MESH_D003873_1,DB:DB01234,MESH:D003907,MESH:D003873,UniProt:P04150,dexamethasone,Erythroderma,Glucocorticoid receptor,NR3C1,"['MESH:D003907', 'UniProt:P04150', 'InterPro:IPR001464', 'InterPro:IPR001211', 'GO:0006954', 'MESH:D003873']",6,5,1,['Drug - Protein - GeneFamily - BiologicalProcess - Disease'],['Drug - positively regulates - Protein - increases abundance of - GeneFamily - positively correlated with - BiologicalProcess - positively correlated with - Disease'],What gene is most mechanistically related to the indication of Drug dexamethasone to Disease Erythroderma?
4802,DB01234_MESH_D011538_1,DB:DB01234,MESH:D003907,MESH:D011538,UniProt:P04150,dexamethasone,Pruritus ani,Glucocorticoid receptor,NR3C1,"['MESH:D003907', 'UniProt:P04150', 'InterPro:IPR001464', 'InterPro:IPR001211', 'GO:0006954', 'HP:0000989', 'MESH:D011538']",7,6,1,['Drug - Protein - GeneFamily - BiologicalProcess - PhenotypicFeature - Disease'],['Drug - positively regulates - Protein - increases abundance of - GeneFamily - positively correlated with - BiologicalProcess - positively correlated with - PhenotypicFeature - manifestation of - Disease'],What gene is most mechanistically related to the indication of Drug dexamethasone to Disease Pruritus ani?
4803,DB01234_MESH_D013716_1,DB:DB01234,MESH:D003907,MESH:D013716,UniProt:P04150,dexamethasone,Epicondylitis,Glucocorticoid receptor,NR3C1,"['MESH:D003907', 'UniProt:P04150', 'InterPro:IPR001464', 'InterPro:IPR001211', 'GO:0006954', 'MESH:D013716']",6,5,1,['Drug - Protein - GeneFamily - BiologicalProcess - Disease'],['Drug - positively regulates - Protein - increases abundance of - GeneFamily - positively correlated with - BiologicalProcess - positively correlated with - Disease'],What gene is most mechanistically related to the indication of Drug dexamethasone to Disease Epicondylitis?
4804,DB01234_MESH_D013717_2,DB:DB01234,MESH:D003907,MESH:D013717,UniProt:P04150,dexamethasone,Tenosynovitis,Glucocorticoid receptor,NR3C1,"['MESH:D003907', 'UniProt:P04150', 'InterPro:IPR001464', 'InterPro:IPR001211', 'GO:0006954', 'MESH:D013717']",6,5,1,['Drug - Protein - GeneFamily - BiologicalProcess - Disease'],['Drug - positively regulates - Protein - increases abundance of - GeneFamily - positively correlated with - BiologicalProcess - positively correlated with - Disease'],What gene is most mechanistically related to the indication of Drug dexamethasone to Disease Tenosynovitis?
4805,DB01234_MESH_D012214_1,DB:DB01234,MESH:D003907,MESH:D012214,UniProt:P04150,dexamethasone,Rheumatic heart disease,Glucocorticoid receptor,NR3C1,"['MESH:D003907', 'UniProt:P04150', 'InterPro:IPR001464', 'InterPro:IPR001211', 'GO:0006954', 'MESH:D012214']",6,5,1,['Drug - Protein - GeneFamily - BiologicalProcess - Disease'],['Drug - positively regulates - Protein - increases abundance of - GeneFamily - positively correlated with - BiologicalProcess - positively correlated with - Disease'],What gene is most mechanistically related to the indication of Drug dexamethasone to Disease Rheumatic heart disease?
4806,DB01234_MESH_D015212_1,DB:DB01234,MESH:D003907,MESH:D015212,UniProt:P04150,dexamethasone,Inflammatory bowel disease,Glucocorticoid receptor,NR3C1,"['MESH:D003907', 'UniProt:P04150', 'InterPro:IPR001464', 'InterPro:IPR001211', 'GO:0006954', 'MESH:D015212']",6,5,1,['Drug - Protein - GeneFamily - BiologicalProcess - Disease'],['Drug - positively regulates - Protein - increases abundance of - GeneFamily - positively correlated with - BiologicalProcess - positively correlated with - Disease'],What gene is most mechanistically related to the indication of Drug dexamethasone to Disease Inflammatory bowel disease?
4807,DB01234_MESH_D005128_1,DB:DB01234,MESH:D003907,MESH:D005128,UniProt:P04150,dexamethasone,Disorder of eye,Glucocorticoid receptor,NR3C1,"['MESH:D003907', 'UniProt:P04150', 'InterPro:IPR001464', 'InterPro:IPR001211', 'GO:0006954', 'MESH:D005128']",6,5,1,['Drug - Protein - GeneFamily - BiologicalProcess - Disease'],['Drug - positively regulates - Protein - increases abundance of - GeneFamily - positively correlated with - BiologicalProcess - positively correlated with - Disease'],What gene is most mechanistically related to the indication of Drug dexamethasone to Disease Disorder of eye?
4808,DB01234_MESH_D009182_1,DB:DB01234,MESH:D003907,MESH:D009182,UniProt:P04150,dexamethasone,Mycosis fungoides,Glucocorticoid receptor,NR3C1,"['MESH:D003907', 'UniProt:P04150', 'InterPro:IPR001464', 'InterPro:IPR001211', 'GO:0006954', 'MESH:D009182']",6,5,1,['Drug - Protein - GeneFamily - BiologicalProcess - Disease'],['Drug - positively regulates - Protein - increases abundance of - GeneFamily - positively correlated with - BiologicalProcess - positively correlated with - Disease'],What gene is most mechanistically related to the indication of Drug dexamethasone to Disease Mycosis fungoides?
4809,DB01234_MESH_D013966_1,DB:DB01234,MESH:D003907,MESH:D013966,UniProt:P04150,dexamethasone,Thyroiditis,Glucocorticoid receptor,NR3C1,"['MESH:D003907', 'UniProt:P04150', 'InterPro:IPR001464', 'InterPro:IPR001211', 'GO:0006954', 'MESH:D013966']",6,5,1,['Drug - Protein - GeneFamily - BiologicalProcess - Disease'],['Drug - positively regulates - Protein - increases abundance of - GeneFamily - positively correlated with - BiologicalProcess - positively correlated with - Disease'],What gene is most mechanistically related to the indication of Drug dexamethasone to Disease Thyroiditis?
4810,DB01234_MESH_D001607_1,DB:DB01234,MESH:D003907,MESH:D001607,UniProt:P04150,dexamethasone,Berylliosis,Glucocorticoid receptor,NR3C1,"['MESH:D003907', 'UniProt:P04150', 'InterPro:IPR001464', 'InterPro:IPR001211', 'GO:0006954', 'MESH:D001607']",6,5,1,['Drug - Protein - GeneFamily - BiologicalProcess - Disease'],['Drug - positively regulates - Protein - increases abundance of - GeneFamily - positively correlated with - BiologicalProcess - positively correlated with - Disease'],What gene is most mechanistically related to the indication of Drug dexamethasone to Disease Berylliosis?
4811,DB01234_MESH_D012507_1,DB:DB01234,MESH:D003907,MESH:D012507,UniProt:P04150,dexamethasone,Sarcoidosis,Glucocorticoid receptor,NR3C1,"['MESH:D003907', 'UniProt:P04150', 'InterPro:IPR001464', 'InterPro:IPR001211', 'GO:0006954', 'MESH:D012507']",6,5,1,['Drug - Protein - GeneFamily - BiologicalProcess - Disease'],['Drug - positively regulates - Protein - increases abundance of - GeneFamily - positively correlated with - BiologicalProcess - positively correlated with - Disease'],What gene is most mechanistically related to the indication of Drug dexamethasone to Disease Sarcoidosis?
4812,DB01234_MESH_D010392_1,DB:DB01234,MESH:D003907,MESH:D010392,UniProt:P04150,dexamethasone,Pemphigus,Glucocorticoid receptor,NR3C1,"['MESH:D003907', 'UniProt:P04150', 'InterPro:IPR001464', 'InterPro:IPR001211', 'GO:0006954', 'HP:0008066', 'MESH:D010392']",7,6,1,['Drug - Protein - GeneFamily - BiologicalProcess - PhenotypicFeature - Disease'],['Drug - positively regulates - Protein - increases abundance of - GeneFamily - positively correlated with - BiologicalProcess - positively correlated with - PhenotypicFeature - manifestation of - Disease'],What gene is most mechanistically related to the indication of Drug dexamethasone to Disease Pemphigus?
4813,DB01234_MESH_D006689_1,DB:DB01234,MESH:D003907,MESH:D006689,UniProt:P04150,dexamethasone,Hodgkin disease,Glucocorticoid receptor,NR3C1,"['MESH:D003907', 'UniProt:P04150', 'InterPro:IPR001464', 'InterPro:IPR001211', 'GO:0006954', 'MESH:D006689']",6,5,1,['Drug - Protein - GeneFamily - BiologicalProcess - Disease'],['Drug - positively regulates - Protein - increases abundance of - GeneFamily - positively correlated with - BiologicalProcess - positively correlated with - Disease'],What gene is most mechanistically related to the indication of Drug dexamethasone to Disease Hodgkin disease?
4814,DB01234_MESH_D012871_1,DB:DB01234,MESH:D003907,MESH:D012871,UniProt:P04150,dexamethasone,Disorder of skin,Glucocorticoid receptor,NR3C1,"['MESH:D003907', 'UniProt:P04150', 'InterPro:IPR001464', 'InterPro:IPR001211', 'GO:0006954', 'MESH:D012871']",6,5,1,['Drug - Protein - GeneFamily - BiologicalProcess - Disease'],['Drug - positively regulates - Protein - increases abundance of - GeneFamily - positively correlated with - BiologicalProcess - positively correlated with - Disease'],What gene is most mechanistically related to the indication of Drug dexamethasone to Disease Disorder of skin?
4815,DB01234_MESH_D014235_1,DB:DB01234,MESH:D003907,MESH:D014235,UniProt:P04150,dexamethasone,Infection by larvae of Trichinella spiralis,Glucocorticoid receptor,NR3C1,"['MESH:D003907', 'UniProt:P04150', 'InterPro:IPR001464', 'InterPro:IPR001211', 'GO:0006954', 'taxonomy:6334', 'MESH:D014235']",7,6,1,['Drug - Protein - GeneFamily - BiologicalProcess - OrganismTaxon - Disease'],['Drug - positively regulates - Protein - increases abundance of - GeneFamily - positively correlated with - BiologicalProcess - caused by - OrganismTaxon - causes - Disease'],What gene is most mechanistically related to the indication of Drug dexamethasone to Disease Infection by larvae of Trichinella spiralis?
4816,DB01234_MESH_D014391_1,DB:DB01234,MESH:D003907,MESH:D014391,UniProt:P04150,dexamethasone,Miliary tuberculosis,Glucocorticoid receptor,NR3C1,"['MESH:D003907', 'UniProt:P04150', 'InterPro:IPR001464', 'InterPro:IPR001211', 'GO:0006954', 'taxonomy:1773', 'MESH:D014391']",7,6,1,['Drug - Protein - GeneFamily - BiologicalProcess - OrganismTaxon - Disease'],['Drug - positively regulates - Protein - increases abundance of - GeneFamily - positively correlated with - BiologicalProcess - caused by - OrganismTaxon - causes - Disease'],What gene is most mechanistically related to the indication of Drug dexamethasone to Disease Miliary tuberculosis?
4817,DB01234_MESH_D010032_1,DB:DB01234,MESH:D003907,MESH:D010032,UniProt:P04150,dexamethasone,Otitis externa,Glucocorticoid receptor,NR3C1,"['MESH:D003907', 'UniProt:P04150', 'InterPro:IPR001464', 'InterPro:IPR001211', 'GO:0006954', 'MESH:D010032']",6,5,1,['Drug - Protein - GeneFamily - BiologicalProcess - Disease'],['Drug - positively regulates - Protein - increases abundance of - GeneFamily - positively correlated with - BiologicalProcess - positively correlated with - Disease'],What gene is most mechanistically related to the indication of Drug dexamethasone to Disease Otitis externa?
4818,DB01234_MESH_D004892_1,DB:DB01234,MESH:D003907,MESH:D004892,UniProt:P04150,dexamethasone,Erythema multiforme,Glucocorticoid receptor,NR3C1,"['MESH:D003907', 'UniProt:P04150', 'InterPro:IPR001464', 'InterPro:IPR001211', 'GO:0006954', 'MESH:D004892']",6,5,1,['Drug - Protein - GeneFamily - BiologicalProcess - Disease'],['Drug - positively regulates - Protein - increases abundance of - GeneFamily - positively correlated with - BiologicalProcess - positively correlated with - Disease'],What gene is most mechanistically related to the indication of Drug dexamethasone to Disease Erythema multiforme?
4819,DB01234_MESH_D003874_1,DB:DB01234,MESH:D003907,MESH:D003874,UniProt:P04150,dexamethasone,Dermatitis herpetiformis,Glucocorticoid receptor,NR3C1,"['MESH:D003907', 'UniProt:P04150', 'InterPro:IPR001464', 'InterPro:IPR001211', 'GO:0006954', 'MESH:D003874']",6,5,1,['Drug - Protein - GeneFamily - BiologicalProcess - Disease'],['Drug - positively regulates - Protein - increases abundance of - GeneFamily - positively correlated with - BiologicalProcess - positively correlated with - Disease'],What gene is most mechanistically related to the indication of Drug dexamethasone to Disease Dermatitis herpetiformis?
4820,DB01234_MESH_D012393_1,DB:DB01234,MESH:D003907,MESH:D012393,UniProt:P04150,dexamethasone,Rosacea,Glucocorticoid receptor,NR3C1,"['MESH:D003907', 'UniProt:P04150', 'InterPro:IPR001464', 'InterPro:IPR001211', 'GO:0006954', 'MESH:D012393']",6,5,1,['Drug - Protein - GeneFamily - BiologicalProcess - Disease'],['Drug - positively regulates - Protein - increases abundance of - GeneFamily - positively correlated with - BiologicalProcess - positively correlated with - Disease'],What gene is most mechanistically related to the indication of Drug dexamethasone to Disease Rosacea?
4821,DB01234_MESH_D003233_1,DB:DB01234,MESH:D003907,MESH:D003233,UniProt:P04150,dexamethasone,Allergic conjunctivitis,Glucocorticoid receptor,NR3C1,"['MESH:D003907', 'UniProt:P04150', 'InterPro:IPR001464', 'InterPro:IPR001211', 'GO:0006954', 'MESH:D003233']",6,5,1,['Drug - Protein - GeneFamily - BiologicalProcess - Disease'],['Drug - positively regulates - Protein - increases abundance of - GeneFamily - positively correlated with - BiologicalProcess - positively correlated with - Disease'],What gene is most mechanistically related to the indication of Drug dexamethasone to Disease Allergic conjunctivitis?
4822,DB01234_MESH_D003320_1,DB:DB01234,MESH:D003907,MESH:D003320,UniProt:P04150,dexamethasone,Corneal ulcer,Glucocorticoid receptor,NR3C1,"['MESH:D003907', 'UniProt:P04150', 'InterPro:IPR001464', 'InterPro:IPR001211', 'GO:0006954', 'MESH:D003320']",6,5,1,['Drug - Protein - GeneFamily - BiologicalProcess - Disease'],['Drug - positively regulates - Protein - increases abundance of - GeneFamily - positively correlated with - BiologicalProcess - positively correlated with - Disease'],What gene is most mechanistically related to the indication of Drug dexamethasone to Disease Corneal ulcer?
4823,DB01234_MESH_D005076_1,DB:DB01234,MESH:D003907,MESH:D005076,UniProt:P04150,dexamethasone,Eruption of skin,Glucocorticoid receptor,NR3C1,"['MESH:D003907', 'UniProt:P04150', 'InterPro:IPR001464', 'InterPro:IPR001211', 'GO:0006954', 'MESH:D005076']",6,5,1,['Drug - Protein - GeneFamily - BiologicalProcess - Disease'],['Drug - positively regulates - Protein - increases abundance of - GeneFamily - positively correlated with - BiologicalProcess - positively correlated with - Disease'],What gene is most mechanistically related to the indication of Drug dexamethasone to Disease Eruption of skin?
4824,DB01234_MESH_D014606_1,DB:DB01234,MESH:D003907,MESH:D014606,UniProt:P04150,dexamethasone,Anterior uveitis,Glucocorticoid receptor,NR3C1,"['MESH:D003907', 'UniProt:P04150', 'InterPro:IPR001464', 'InterPro:IPR001211', 'GO:0006954', 'MESH:D014606']",6,5,1,['Drug - Protein - GeneFamily - BiologicalProcess - Disease'],['Drug - positively regulates - Protein - increases abundance of - GeneFamily - positively correlated with - BiologicalProcess - positively correlated with - Disease'],What gene is most mechanistically related to the indication of Drug dexamethasone to Disease Anterior uveitis?
4825,DB01234_MESH_D015210_1,DB:DB01234,MESH:D003907,MESH:D015210,UniProt:P04150,dexamethasone,Articular gout,Glucocorticoid receptor,NR3C1,"['MESH:D003907', 'UniProt:P04150', 'InterPro:IPR001464', 'InterPro:IPR001211', 'GO:0006954', 'MESH:D015210']",6,5,1,['Drug - Protein - GeneFamily - BiologicalProcess - Disease'],['Drug - positively regulates - Protein - increases abundance of - GeneFamily - positively correlated with - BiologicalProcess - positively correlated with - Disease'],What gene is most mechanistically related to the indication of Drug dexamethasone to Disease Articular gout?
4826,DB01234_MESH_D016460_1,DB:DB01234,MESH:D003907,MESH:D016460,UniProt:P04150,dexamethasone,Granuloma annulare,Glucocorticoid receptor,NR3C1,"['MESH:D003907', 'UniProt:P04150', 'InterPro:IPR001464', 'InterPro:IPR001211', 'GO:0006954', 'MESH:D016460']",6,5,1,['Drug - Protein - GeneFamily - BiologicalProcess - Disease'],['Drug - positively regulates - Protein - increases abundance of - GeneFamily - positively correlated with - BiologicalProcess - positively correlated with - Disease'],What gene is most mechanistically related to the indication of Drug dexamethasone to Disease Granuloma annulare?
4828,DB01234_MESH_D002051_1,DB:DB01234,MESH:D003907,MESH:D002051,UniProt:P04150,dexamethasone,Burkitt's lymphoma,Glucocorticoid receptor,NR3C1,"['MESH:D003907', 'UniProt:P04150', 'InterPro:IPR001464', 'InterPro:IPR001211', 'GO:0006954', 'HP:0000969', 'MESH:D002051']",7,6,1,['Drug - Protein - GeneFamily - BiologicalProcess - PhenotypicFeature - Disease'],['Drug - positively regulates - Protein - increases abundance of - GeneFamily - positively correlated with - BiologicalProcess - positively correlated with - PhenotypicFeature - manifestation of - Disease'],What gene is most mechanistically related to the indication of Drug dexamethasone to Disease Burkitt's lymphoma?
4829,DB01234_MESH_D011657_1,DB:DB01234,MESH:D003907,MESH:D011657,UniProt:P04150,dexamethasone,Löffler's syndrome,Glucocorticoid receptor,NR3C1,"['MESH:D003907', 'UniProt:P04150', 'InterPro:IPR001464', 'InterPro:IPR001211', 'GO:0006954', 'MESH:D011657']",6,5,1,['Drug - Protein - GeneFamily - BiologicalProcess - Disease'],['Drug - positively regulates - Protein - increases abundance of - GeneFamily - positively correlated with - BiologicalProcess - positively correlated with - Disease'],What gene is most mechanistically related to the indication of Drug dexamethasone to Disease Löffler's syndrome?
4830,DB01234_MESH_D009450_1,DB:DB01234,MESH:D003907,MESH:D009450,UniProt:P04150,dexamethasone,Lichen simplex chronicus,Glucocorticoid receptor,NR3C1,"['MESH:D003907', 'UniProt:P04150', 'InterPro:IPR001464', 'InterPro:IPR001211', 'GO:0006954', 'HP:0000989', 'MESH:D009450']",7,6,1,['Drug - Protein - GeneFamily - BiologicalProcess - PhenotypicFeature - Disease'],['Drug - positively regulates - Protein - increases abundance of - GeneFamily - positively correlated with - BiologicalProcess - positively correlated with - PhenotypicFeature - manifestation of - Disease'],What gene is most mechanistically related to the indication of Drug dexamethasone to Disease Lichen simplex chronicus?
4831,DB01234_MESH_D016410_1,DB:DB01234,MESH:D003907,MESH:D016410,UniProt:P04150,dexamethasone,Primary cutaneous T-cell lymphoma,Glucocorticoid receptor,NR3C1,"['MESH:D003907', 'UniProt:P04150', 'InterPro:IPR001464', 'InterPro:IPR001211', 'GO:0006954', 'HP:0011123', 'MESH:D016410']",7,6,1,['Drug - Protein - GeneFamily - BiologicalProcess - PhenotypicFeature - Disease'],['Drug - positively regulates - Protein - increases abundance of - GeneFamily - positively correlated with - BiologicalProcess - positively correlated with - PhenotypicFeature - manifestation of - Disease'],What gene is most mechanistically related to the indication of Drug dexamethasone to Disease Primary cutaneous T-cell lymphoma?
4832,DB01234_MESH_D009101_1,DB:DB01234,MESH:D003907,MESH:D009101,UniProt:P04150,dexamethasone,Multiple myeloma,Glucocorticoid receptor,NR3C1,"['MESH:D003907', 'UniProt:P04150', 'InterPro:IPR001464', 'InterPro:IPR001211', 'GO:0006954', 'MESH:D009101']",6,5,1,['Drug - Protein - GeneFamily - BiologicalProcess - Disease'],['Drug - positively regulates - Protein - increases abundance of - GeneFamily - positively correlated with - BiologicalProcess - positively correlated with - Disease'],What gene is most mechanistically related to the indication of Drug dexamethasone to Disease Multiple myeloma?
4835,DB01234_MESH_D016403_1,DB:DB01234,MESH:D003907,MESH:D016403,UniProt:P04150,dexamethasone,"Diffuse non-Hodgkin's lymphoma, large cell",Glucocorticoid receptor,NR3C1,"['MESH:D003907', 'UniProt:P04150', 'InterPro:IPR001464', 'InterPro:IPR001211', 'GO:0006954', 'MESH:D016403']",6,5,1,['Drug - Protein - GeneFamily - BiologicalProcess - Disease'],['Drug - positively regulates - Protein - increases abundance of - GeneFamily - positively correlated with - BiologicalProcess - positively correlated with - Disease'],"What gene is most mechanistically related to the indication of Drug dexamethasone to Disease Diffuse non-Hodgkin's lymphoma, large cell?"
4836,DB01234_MESH_D008228_1,DB:DB01234,MESH:D003907,MESH:D008228,UniProt:P04150,dexamethasone,Non-Hodgkin's lymphoma,Glucocorticoid receptor,NR3C1,"['MESH:D003907', 'UniProt:P04150', 'InterPro:IPR001464', 'InterPro:IPR001211', 'GO:0006954', 'MESH:D008228']",6,5,1,['Drug - Protein - GeneFamily - BiologicalProcess - Disease'],['Drug - positively regulates - Protein - increases abundance of - GeneFamily - positively correlated with - BiologicalProcess - positively correlated with - Disease'],What gene is most mechanistically related to the indication of Drug dexamethasone to Disease Non-Hodgkin's lymphoma?
4837,DB01234_MESH_D008224_1,DB:DB01234,MESH:D003907,MESH:D008224,UniProt:P04150,dexamethasone,Follicular non-Hodgkin's lymphoma,Glucocorticoid receptor,NR3C1,"['MESH:D003907', 'UniProt:P04150', 'InterPro:IPR001464', 'InterPro:IPR001211', 'GO:0006954', 'HP:0000969', 'MESH:D008224']",7,6,1,['Drug - Protein - GeneFamily - BiologicalProcess - PhenotypicFeature - Disease'],['Drug - positively regulates - Protein - increases abundance of - GeneFamily - positively correlated with - BiologicalProcess - positively correlated with - PhenotypicFeature - manifestation of - Disease'],What gene is most mechanistically related to the indication of Drug dexamethasone to Disease Follicular non-Hodgkin's lymphoma?
4838,DB01234_MESH_D029503_1,DB:DB01234,MESH:D003907,MESH:D029503,UniProt:P04150,dexamethasone,Congenital hypoplastic anemia,Glucocorticoid receptor,NR3C1,"['MESH:D003907', 'UniProt:P04150', 'InterPro:IPR001464', 'InterPro:IPR001211', 'GO:0006915', 'HP:0001903', 'MESH:D029503']",7,6,1,['Drug - Protein - GeneFamily - BiologicalProcess - PhenotypicFeature - Disease'],['Drug - positively regulates - Protein - increases abundance of - GeneFamily - positively correlated with - BiologicalProcess - positively correlated with - PhenotypicFeature - manifestation of - Disease'],What gene is most mechanistically related to the indication of Drug dexamethasone to Disease Congenital hypoplastic anemia?
4839,DB01234_MESH_D012713_1,DB:DB01234,MESH:D003907,MESH:D012713,UniProt:P04150,dexamethasone,Transfusion reaction due to serum protein reaction,Glucocorticoid receptor,NR3C1,"['MESH:D003907', 'UniProt:P04150', 'InterPro:IPR001464', 'InterPro:IPR001211', 'GO:0006954', 'HP:0001945', 'MESH:D012713']",7,6,1,['Drug - Protein - GeneFamily - BiologicalProcess - PhenotypicFeature - Disease'],['Drug - positively regulates - Protein - increases abundance of - GeneFamily - positively correlated with - BiologicalProcess - positively correlated with - PhenotypicFeature - manifestation of - Disease'],What gene is most mechanistically related to the indication of Drug dexamethasone to Disease Transfusion reaction due to serum protein reaction?
4840,DB01234_MESH_D009140_1,DB:DB01234,MESH:D003907,MESH:D009140,UniProt:P04150,dexamethasone,Disorder of musculoskeletal system,Glucocorticoid receptor,NR3C1,"['MESH:D003907', 'UniProt:P04150', 'InterPro:IPR001464', 'InterPro:IPR001211', 'GO:0006954', 'HP:0012531', 'MESH:D009140']",7,6,1,['Drug - Protein - GeneFamily - BiologicalProcess - PhenotypicFeature - Disease'],['Drug - positively regulates - Protein - increases abundance of - GeneFamily - positively correlated with - BiologicalProcess - positively correlated with - PhenotypicFeature - manifestation of - Disease'],What gene is most mechanistically related to the indication of Drug dexamethasone to Disease Disorder of musculoskeletal system?
4841,DB01234_MESH_D009404_1,DB:DB01234,MESH:D003907,MESH:D009404,UniProt:P04150,dexamethasone,Nephrotic Syndrome,Glucocorticoid receptor,NR3C1,"['MESH:D003907', 'UniProt:P04150', 'InterPro:IPR001464', 'InterPro:IPR001211', 'GO:0006954', 'HP:0000969', 'MESH:D009404']",7,6,1,['Drug - Protein - GeneFamily - BiologicalProcess - PhenotypicFeature - Disease'],['Drug - positively regulates - Protein - increases abundance of - GeneFamily - positively correlated with - BiologicalProcess - positively correlated with - PhenotypicFeature - manifestation of - Disease'],What gene is most mechanistically related to the indication of Drug dexamethasone to Disease Nephrotic Syndrome?
4842,DB01234_MESH_C562390_1,DB:DB01234,MESH:D003907,MESH:C562390,UniProt:P04150,dexamethasone,Humoral Hypercalcemia Of Malignancy,Glucocorticoid receptor,NR3C1,"['MESH:D003907', 'UniProt:P04150', 'InterPro:IPR001464', 'InterPro:IPR001211', 'GO:0006954', 'GO:0045453', 'MESH:C562390']",7,6,1,['Drug - Protein - GeneFamily - BiologicalProcess - Disease'],['Drug - positively regulates - Protein - increases abundance of - GeneFamily - positively correlated with - BiologicalProcess - positively correlated with - Disease'],What gene is most mechanistically related to the indication of Drug dexamethasone to Disease Humoral Hypercalcemia Of Malignancy?
4843,DB01234_MESH_D000312_1,DB:DB01234,MESH:D003907,MESH:D000312,UniProt:P04150,dexamethasone,Adrenogenital disorder,Glucocorticoid receptor,NR3C1,"['MESH:D003907', 'UniProt:P04150', 'GO:0006702', 'MESH:D000312']",4,3,1,['Drug - Protein - BiologicalProcess - Disease'],['Drug - positively regulates - Protein - negatively correlated with - BiologicalProcess - positively correlated with - Disease'],What gene is most mechanistically related to the indication of Drug dexamethasone to Disease Adrenogenital disorder?
4844,DB01234_MESH_D000224_1,DB:DB01234,MESH:D003907,MESH:D000224,UniProt:P04150,dexamethasone,Primary adrenocortical insufficiency,Glucocorticoid receptor,NR3C1,"['MESH:D003907', 'UniProt:P04150', 'GO:0034651', 'GO:0032342', 'MESH:D000224']",5,5,1,['Drug - Protein - BiologicalProcess - Disease'],['Drug - positively regulates - Protein - positively correlated with - BiologicalProcess - negatively correlated with - Disease'],What gene is most mechanistically related to the indication of Drug dexamethasone to Disease Primary adrenocortical insufficiency?
4845,DB01234_MESH_D000309_1,DB:DB01234,MESH:D003907,MESH:D000309,UniProt:P04150,dexamethasone,Adrenal cortical hypofunction,Glucocorticoid receptor,NR3C1,"['MESH:D003907', 'UniProt:P04150', 'GO:0120178', 'MESH:D000309']",4,3,1,['Drug - Protein - BiologicalProcess - Disease'],['Drug - positively regulates - Protein - positively correlated with - BiologicalProcess - negatively correlated with - Disease'],What gene is most mechanistically related to the indication of Drug dexamethasone to Disease Adrenal cortical hypofunction?
